page_index,page_url,pdf_url,anchor,context,http_status,final_url,content_type,bytes,pdf_magic,sha256
1,https://biblicalstudies.org.uk/articles_rcl_01.php,https://biblicalstudies.org.uk/pdf/rcl/01-1_02.pdf,"Michael Bourdeaux, ""News From The Centre,"" Religion in Communist Lands 1.1 (1973): 2-6. pdf","Michael Bourdeaux, ""News From The Centre,"" Religion in Communist Lands 1.1 (1973): 2-6. pdf [Reproduced by permission of the current copyright holder]",200,https://biblicalstudies.org.uk/pdf/rcl/01-1_02.pdf,application/pdf,332969,True,60192529542b651f33aa202a6d6e7377e54909c354370eb7431951ec58540fe6
1,https://biblicalstudies.org.uk/articles_rcl_01.php,https://biblicalstudies.org.uk/pdf/rcl/01-1_06.pdf,"Editorial, 6-8. pdf","Editorial, 6-8. pdf [Reproduced by permission of the current copyright holder]",200,https://biblicalstudies.org.uk/pdf/rcl/01-1_06.pdf,application/pdf,210375,True,5f2af05c30dda026b52636204636c50188e9f791080ec412bcbfa7a025c27163
1,https://biblicalstudies.org.uk/articles_rcl_01.php,https://biblicalstudies.org.uk/pdf/rcl/01-1_09.pdf,"Kathleen Matchett, ""Recent Developments the Lithuanian Catholic Church,"" Religion in Communist Lands 1.1 (1973): 9-11. pdf","Kathleen Matchett, ""Recent Developments the Lithuanian Catholic Church,"" Religion in Communist Lands 1.1 (1973): 9-11. pdf [Reproduced by permission of the current copyright holder]",200,https://biblicalstudies.org.uk/pdf/rcl/01-1_09.pdf,application/pdf,230971,True,d0313c67f9b6bc91b8a7c20850171a7aa6302286ea1974e561755ad6758151af
1,https://biblicalstudies.org.uk/articles_rcl_01.php,https://biblicalstudies.org.uk/pdf/rcl/01-1_12.pdf,"Katharine Murray, ""The Council of Baptist Prisoners' Relatives - 1964-1972,"" Religion in Communist Lands 1.1 (1973): 12-15. pdf","Katharine Murray, ""The Council of Baptist Prisoners' Relatives - 1964-1972,"" Religion in Communist Lands 1.1 (1973): 12-15. pdf [Reproduced by permission of the current copyright holder]",200,https://biblicalstudies.org.uk/pdf/rcl/01-1_12.pdf,application/pdf,285871,True,bee9e4296c0424abe30efbd1e01a902880cfc13080b827288eb65086d539c630
1,https://biblicalstudies.org.uk/articles_rcl_01.php,https://biblicalstudies.org.uk/pdf/rcl/01-1_16.pdf,"Michael Rothenberg, ""Joshua Rothenberg: The Jewish Religion in the Soviet Union,"" Religion in Communist Lands 1.1 (1973): 16-18. pdf","Michael Rothenberg, ""Joshua Rothenberg: The Jewish Religion in the Soviet Union,"" Religion in Communist Lands 1.1 (1973): 16-18. pdf [Reproduced by permission of the current copyright holder]",200,https://biblicalstudies.org.uk/pdf/rcl/01-1_16.pdf,application/pdf,217598,True,164e63577382e0194630106c2671baf5c6b338c81b84105c392089f73fe19899
1,https://biblicalstudies.org.uk/articles_rcl_01.php,https://biblicalstudies.org.uk/pdf/rcl/01-1_19.pdf,"""1. Athiest Education ( Pravda ),"" Religion in Communist Lands 1.1 (1973): 19-21. pdf","""1. Athiest Education ( Pravda ),"" Religion in Communist Lands 1.1 (1973): 19-21. pdf [Reproduced by permission of the current copyright holder]",200,https://biblicalstudies.org.uk/pdf/rcl/01-1_19.pdf,application/pdf,231787,True,afa8ab82355b4615c5a2c27e615eadf56babdf178d54e70c2c93ca885b50c616
1,https://biblicalstudies.org.uk/articles_rcl_01.php,https://biblicalstudies.org.uk/pdf/rcl/01-1_21.pdf,"""2. Notes by a Russian Christian ( Vecha ),"" Religion in Communist Lands 1.1 (1973): 21-24. pdf","""2. Notes by a Russian Christian ( Vecha ),"" Religion in Communist Lands 1.1 (1973): 21-24. pdf [Reproduced by permission of the current copyright holder]",200,https://biblicalstudies.org.uk/pdf/rcl/01-1_21.pdf,application/pdf,221615,True,99e2a418fad1389d02e2cceaad591e0bde81e539b1f8af7776c3f04233b493de
1,https://biblicalstudies.org.uk/articles_rcl_01.php,https://biblicalstudies.org.uk/pdf/rcl/01-1_24.pdf,"""3. The Teaching of St. Tikhon of Zadonsk ( Journal of the Moscow Patriarchate ),"" Religion in Communist Lands 1.1 (1973): 24-26. pdf","""3. The Teaching of St. Tikhon of Zadonsk ( Journal of the Moscow Patriarchate ),"" Religion in Communist Lands 1.1 (1973): 24-26. pdf [Reproduced by permission of the current copyright holder]",200,https://biblicalstudies.org.uk/pdf/rcl/01-1_24.pdf,application/pdf,171938,True,57b16e3c9c7cc78e2c78a920af44fc862f607baa3e6e30688bcb86c6c98422c6
1,https://biblicalstudies.org.uk/articles_rcl_01.php,https://biblicalstudies.org.uk/pdf/rcl/01-1_26.pdf,"""4. A Christmas Message from the Russian Baptists,"" Religion in Communist Lands 1.1 (1973): 26-27. pdf","""4. A Christmas Message from the Russian Baptists,"" Religion in Communist Lands 1.1 (1973): 26-27. pdf [Reproduced by permission of the current copyright holder]",200,https://biblicalstudies.org.uk/pdf/rcl/01-1_26.pdf,application/pdf,59779,True,cc6953bfea009684c6b82f8af1a02b6e603566d542bbd517400ae27227ce785f
1,https://biblicalstudies.org.uk/articles_rcl_01.php,https://biblicalstudies.org.uk/pdf/rcl/01-1_27.pdf,"""5. Statement by the Baptist believers of Piryatin,"" Religion in Communist Lands 1.1 (1973): 27-30. pdf","""5. Statement by the Baptist believers of Piryatin,"" Religion in Communist Lands 1.1 (1973): 27-30. pdf [Reproduced by permission of the current copyright holder]",200,https://biblicalstudies.org.uk/pdf/rcl/01-1_27.pdf,application/pdf,224312,True,961a0239f5698a44644cd18f748a6edcd4f0d74acf0902d69e8a40dec3c5eb08
1,https://biblicalstudies.org.uk/articles_rcl_01.php,https://biblicalstudies.org.uk/pdf/rcl/01-1_30.pdf,"""6. Secret Instructions on the Supervision of Parish Life,"" Religion in Communist Lands 1.1 (1973): 30-33. pdf","""6. Secret Instructions on the Supervision of Parish Life,"" Religion in Communist Lands 1.1 (1973): 30-33. pdf [Reproduced by permission of the current copyright holder]",200,https://biblicalstudies.org.uk/pdf/rcl/01-1_30.pdf,application/pdf,219941,True,6a32f03a34ff8a8b1270d4a0dcc35d5e720f9328918082020d6cc809a7b7b8a1
1,https://biblicalstudies.org.uk/articles_rcl_01.php,https://biblicalstudies.org.uk/pdf/rcl/01-1_34.pdf,"Bibliography, 34-40. pdf","Bibliography, 34-40. pdf [Reproduced by permission of the current copyright holder]",200,https://biblicalstudies.org.uk/pdf/rcl/01-1_34.pdf,application/pdf,378148,True,67b98f7c7d2afeb40d0b416e4d136a13f794e529e3ae6423713e89ced590477d
1,https://biblicalstudies.org.uk/articles_rcl_01.php,https://biblicalstudies.org.uk/pdf/rcl/01-2_02.pdf,"Michael Bourdeaux, ""News From The Centre,"" Religion in Communist Lands 1.2 (1973): 2-3. pdf","Michael Bourdeaux, ""News From The Centre,"" Religion in Communist Lands 1.2 (1973): 2-3. pdf [Reproduced by permission of the current copyright holder]",200,https://biblicalstudies.org.uk/pdf/rcl/01-2_02.pdf,application/pdf,89384,True,9aec88e0df8de26e92c9dd5a3f6237a17ec67f3abecbdb2648e52e75c1489de8
1,https://biblicalstudies.org.uk/articles_rcl_01.php,https://biblicalstudies.org.uk/pdf/rcl/01-2_04.pdf,"Editorial, 4-5. pdf","Editorial, 4-5. pdf [Reproduced by permission of the current copyright holder]",200,https://biblicalstudies.org.uk/pdf/rcl/01-2_04.pdf,application/pdf,86933,True,54b9daafea13ee399e89a6f233107b8ce79ea0b578873ae7cea884d72282ca29
1,https://biblicalstudies.org.uk/articles_rcl_01.php,https://biblicalstudies.org.uk/pdf/rcl/01-2_06.pdf,"Christopher Cviic, ""Recent Developments in Church-State Relations in Yugoslavia,"" Religion in Communist Lands 1.2 (1973): 6-8. pdf","Christopher Cviic, ""Recent Developments in Church-State Relations in Yugoslavia,"" Religion in Communist Lands 1.2 (1973): 6-8. pdf [Reproduced by permission of the current copyright holder]",200,https://biblicalstudies.org.uk/pdf/rcl/01-2_06.pdf,application/pdf,142296,True,3dbc7b49f8aef33871ba94c24dea17caeda48bfb2ce60776e64831c694e52f0f
1,https://biblicalstudies.org.uk/articles_rcl_01.php,https://biblicalstudies.org.uk/pdf/rcl/01-2_09.pdf,"Victor Hayward, ""Religion Under The Communist Regime In China,"" Religion in Communist Lands 1.2 (1973): 9-13. pdf","Victor Hayward, ""Religion Under The Communist Regime In China,"" Religion in Communist Lands 1.2 (1973): 9-13. pdf [Reproduced by permission of the current copyright holder]",200,https://biblicalstudies.org.uk/pdf/rcl/01-2_09.pdf,application/pdf,251444,True,2cb59c68fe617e0dc9c79a83883f73b1a843a532e40fe2a5b1efd33ac443399f
1,https://biblicalstudies.org.uk/articles_rcl_01.php,https://biblicalstudies.org.uk/pdf/rcl/01-2_14.pdf,"""1. A Message From Some Russian Baptist Pastors ( Bratsky Vestnik ),"" Religion in Communist Lands 1.2 (1973): 14-17. pdf","""1. A Message From Some Russian Baptist Pastors ( Bratsky Vestnik ),"" Religion in Communist Lands 1.2 (1973): 14-17. pdf [Reproduced by permission of the current copyright holder]",200,https://biblicalstudies.org.uk/pdf/rcl/01-2_14.pdf,application/pdf,181103,True,14ab5d4d92d8598416e47d1edd96b7c545644f3ed717742b383820ec450e91b4
1,https://biblicalstudies.org.uk/articles_rcl_01.php,https://biblicalstudies.org.uk/pdf/rcl/01-2_17.pdf,"""2. An Appeal For Pastor Batunin,"" Religion in Communist Lands 1.2 (1973): 17-18. pdf","""2. An Appeal For Pastor Batunin,"" Religion in Communist Lands 1.2 (1973): 17-18. pdf [Reproduced by permission of the current copyright holder]",200,https://biblicalstudies.org.uk/pdf/rcl/01-2_17.pdf,application/pdf,101021,True,2f6e5354448eb2826cf92fab668f4a387d5c833c3a7780c3f7ac89762fb2ed44
1,https://biblicalstudies.org.uk/articles_rcl_01.php,https://biblicalstudies.org.uk/pdf/rcl/01-2_18.pdf,"""3. A List of Baptists Imprisoned In The Ussr During 1972,"" Religion in Communist Lands 1.2 (1973): 18-27. pdf","""3. A List of Baptists Imprisoned In The Ussr During 1972,"" Religion in Communist Lands 1.2 (1973): 18-27. pdf [Reproduced by permission of the current copyright holder]",200,https://biblicalstudies.org.uk/pdf/rcl/01-2_18.pdf,application/pdf,265367,True,0de0a62a3e2e3598d068afc3a4fddc04cf8b4b4ce289c8effb15c3cf8776473d
1,https://biblicalstudies.org.uk/articles_rcl_01.php,https://biblicalstudies.org.uk/pdf/rcl/01-2_28.pdf,"Bibliography, 28-33. pdf","Bibliography, 28-33. pdf [Reproduced by permission of the current copyright holder]",200,https://biblicalstudies.org.uk/pdf/rcl/01-2_28.pdf,application/pdf,579690,True,6187c4e79b4079b7bad810dfafc91d2db195d60d962509ad2604585b5f12df51
1,https://biblicalstudies.org.uk/articles_rcl_01.php,https://biblicalstudies.org.uk/pdf/rcl/01-3_02.pdf,"Editorial, 2-3. pdf","Editorial, 2-3. pdf [Reproduced by permission of the current copyright holder]",200,https://biblicalstudies.org.uk/pdf/rcl/01-3_02.pdf,application/pdf,106265,True,ebc4f486c5dd3fd494726f966910fec5876bfdbeba64741bc9cc7b89232a188e
1,https://biblicalstudies.org.uk/articles_rcl_01.php,https://biblicalstudies.org.uk/pdf/rcl/01-3_04.pdf,"Miranda Villiers, ""The Romanian Orthodox Church Today,"" Religion in Communist Lands 1.3 (1973): 4-7. pdf","Miranda Villiers, ""The Romanian Orthodox Church Today,"" Religion in Communist Lands 1.3 (1973): 4-7. pdf [Reproduced by permission of the current copyright holder]",200,https://biblicalstudies.org.uk/pdf/rcl/01-3_04.pdf,application/pdf,177455,True,7bcbf9d13970d6d0b93cba6ac8f1b56e07ee245d63acc03edce158699823ca7b
1,https://biblicalstudies.org.uk/articles_rcl_01.php,https://biblicalstudies.org.uk/pdf/rcl/01-3_08.pdf,"Lucian Blit, ""The Insoluble Problem Church and State in Poland,"" Religion in Communist Lands 1.3 (1973): 8-11. pdf","Lucian Blit, ""The Insoluble Problem Church and State in Poland,"" Religion in Communist Lands 1.3 (1973): 8-11. pdf [Reproduced by permission of the current copyright holder]",200,https://biblicalstudies.org.uk/pdf/rcl/01-3_08.pdf,application/pdf,160136,True,0caff5b68f1b10d255cf6fc5a271f7bc8fe686d00ee13188a169f1017d67ba24
1,https://biblicalstudies.org.uk/articles_rcl_01.php,https://biblicalstudies.org.uk/pdf/rcl/01-3_12.pdf,"Victor Hayward, ""The Situation Of Christians in China Today,"" Religion in Communist Lands 1.3 (1973): 12-17. pdf","Victor Hayward, ""The Situation Of Christians in China Today,"" Religion in Communist Lands 1.3 (1973): 12-17. pdf [Reproduced by permission of the current copyright holder]",200,https://biblicalstudies.org.uk/pdf/rcl/01-3_12.pdf,application/pdf,258866,True,2ea7e1306dd9a9bdee68deed89574c82840c63cddaa732ca2f69a653621a4565
1,https://biblicalstudies.org.uk/articles_rcl_01.php,https://biblicalstudies.org.uk/pdf/rcl/01-3_18.pdf,"""1. New Soviet Rituals (Kommunist Tadzhikistana),"" Religion in Communist Lands 1.3 (1973): 18-19. pdf","""1. New Soviet Rituals (Kommunist Tadzhikistana),"" Religion in Communist Lands 1.3 (1973): 18-19. pdf [Reproduced by permission of the current copyright holder]",200,https://biblicalstudies.org.uk/pdf/rcl/01-3_18.pdf,application/pdf,96392,True,0b005f13718f62ecca9307589b72b48c48a56816ffe36d74b50125db1e0415ff
1,https://biblicalstudies.org.uk/articles_rcl_01.php,https://biblicalstudies.org.uk/pdf/rcl/01-3_19.pdf,"""2. Children Are Baptised ( Pravda Ukrainy ),"" Religion in Communist Lands 1.3 (1973): 19. pdf","""2. Children Are Baptised ( Pravda Ukrainy ),"" Religion in Communist Lands 1.3 (1973): 19. pdf [Reproduced by permission of the current copyright holder]",200,https://biblicalstudies.org.uk/pdf/rcl/01-3_19.pdf,application/pdf,49138,True,f801c358eba93d7a51cdccc409a0cb4bc3f50f7ec9cdaab427e90b6ada98336b
1,https://biblicalstudies.org.uk/articles_rcl_01.php,https://biblicalstudies.org.uk/pdf/rcl/01-3_20.pdf,"""3. An Introduction To Russian Orthodox Worship,"" Religion in Communist Lands 1.3 (1973): 20-21. pdf","""3. An Introduction To Russian Orthodox Worship,"" Religion in Communist Lands 1.3 (1973): 20-21. pdf [Reproduced by permission of the current copyright holder]",200,https://biblicalstudies.org.uk/pdf/rcl/01-3_20.pdf,application/pdf,110779,True,765234effa101cd434bbeca026a6a7d2e3efa4bbf38255120c868f52caedc487
1,https://biblicalstudies.org.uk/articles_rcl_01.php,https://biblicalstudies.org.uk/pdf/rcl/01-3_21.pdf,"""4. The Meaning Of An Icon ( Journal of the Moscow Patriarchate ),"" Religion in Communist Lands 1.3 (1973): 21-22. pdf","""4. The Meaning Of An Icon ( Journal of the Moscow Patriarchate ),"" Religion in Communist Lands 1.3 (1973): 21-22. pdf [Reproduced by permission of the current copyright holder]",200,https://biblicalstudies.org.uk/pdf/rcl/01-3_21.pdf,application/pdf,109919,True,db85c7de438b8a60f4fbd3facf11f71cbba02caa94c8cd46087b5e6e3b078711
1,https://biblicalstudies.org.uk/articles_rcl_01.php,https://biblicalstudies.org.uk/pdf/rcl/01-3_23.pdf,"""5. A Sermon in Lent,"" Religion in Communist Lands 1.3 (1973): 23-25. pdf","""5. A Sermon in Lent,"" Religion in Communist Lands 1.3 (1973): 23-25. pdf [Reproduced by permission of the current copyright holder]",200,https://biblicalstudies.org.uk/pdf/rcl/01-3_23.pdf,application/pdf,157900,True,e00c0f88436fd24faea30484eabd394d1e1df34384b443cb0dd6523ff5a79211
1,https://biblicalstudies.org.uk/articles_rcl_01.php,https://biblicalstudies.org.uk/pdf/rcl/01-3_25.pdf,"""6. A Priest In Prison,"" Religion in Communist Lands 1.3 (1973): 25-26. pdf","""6. A Priest In Prison,"" Religion in Communist Lands 1.3 (1973): 25-26. pdf [Reproduced by permission of the current copyright holder]",200,https://biblicalstudies.org.uk/pdf/rcl/01-3_25.pdf,application/pdf,67072,True,d26a2730b110887c7fee8d8382b5c6dfefd8d325676d65a60c4b513971037a5a
1,https://biblicalstudies.org.uk/articles_rcl_01.php,https://biblicalstudies.org.uk/pdf/rcl/01-3_27.pdf,"A.M. Allchin, ""The Fellowship of St. Alban And St. Sergius,"" Religion in Communist Lands 1.3 (1973): 27-28. pdf","A.M. Allchin, ""The Fellowship of St. Alban And St. Sergius,"" Religion in Communist Lands 1.3 (1973): 27-28. pdf [Reproduced by permission of the current copyright holder]",200,https://biblicalstudies.org.uk/pdf/rcl/01-3_27.pdf,application/pdf,68696,True,df31f1a57e8e5f2dcf2ecbe7ca98ca683fdc7a071705d19349bf54174769a9d5
1,https://biblicalstudies.org.uk/articles_rcl_01.php,https://biblicalstudies.org.uk/pdf/rcl/01-3_29.pdf,"Michael Bourdeaux, ""News From The Centre,"" Religion in Communist Lands 1.3 (1973): 29-31. pdf","Michael Bourdeaux, ""News From The Centre,"" Religion in Communist Lands 1.3 (1973): 29-31. pdf [Reproduced by permission of the current copyright holder]",200,https://biblicalstudies.org.uk/pdf/rcl/01-3_29.pdf,application/pdf,91283,True,b2893b29866dae4a7a6ebafc1e0ffdf26a776d2eb49e26944ea06cd3f86f6e5e
1,https://biblicalstudies.org.uk/articles_rcl_01.php,https://biblicalstudies.org.uk/pdf/rcl/01-3_32.pdf,"Bibliography, 32-37. pdf","Bibliography, 32-37. pdf [Reproduced by permission of the current copyright holder]",200,https://biblicalstudies.org.uk/pdf/rcl/01-3_32.pdf,application/pdf,273186,True,4f274e37923a88a9bdbd70da0d89bdd7161de49a7be9dbf0ecda10a231d27b01
1,https://biblicalstudies.org.uk/articles_rcl_01.php,https://biblicalstudies.org.uk/pdf/rcl/01-3_38.pdf,"News in Brief, 38-39. pdf","News in Brief, 38-39. pdf [Reproduced by permission of the current copyright holder]",200,https://biblicalstudies.org.uk/pdf/rcl/01-3_38.pdf,application/pdf,85292,True,375953ae4232d1d3045d450a8d6d7830ea3acd6b655457bdf565d74ab7dcd87f
1,https://biblicalstudies.org.uk/articles_rcl_01.php,https://biblicalstudies.org.uk/pdf/rcl/01-3_40.pdf,"Our Contributors, 40. pdf","Our Contributors, 40. pdf [Reproduced by permission of the current copyright holder]",200,https://biblicalstudies.org.uk/pdf/rcl/01-3_40.pdf,application/pdf,23027,True,4b346fdfb5c2c053b7515dd9b2024faa94119a380d166890d010cd7b4a852e20
1,https://biblicalstudies.org.uk/articles_rcl_01.php,https://biblicalstudies.org.uk/pdf/rcl/01-4_5_02.pdf,"Editorial, 2-3. pdf","Editorial, 2-3. pdf [Reproduced by permission of the current copyright holder]",200,https://biblicalstudies.org.uk/pdf/rcl/01-4_5_02.pdf,application/pdf,97598,True,e309fadcf0a17756d181dc11e8f92a65b6f3325bc3fd9f372bcc886f3367bab2
1,https://biblicalstudies.org.uk/articles_rcl_01.php,https://biblicalstudies.org.uk/pdf/rcl/01-4_5_04.pdf,"Hilary Black, ""The Church In East Germany,"" Religion in Communist Lands 1.4-5 (1973): 4-8. pdf","Hilary Black, ""The Church In East Germany,"" Religion in Communist Lands 1.4-5 (1973): 4-8. pdf [Reproduced by permission of the current copyright holder]",200,https://biblicalstudies.org.uk/pdf/rcl/01-4_5_04.pdf,application/pdf,247281,True,448ae6015c06af2b72af5c64ddad1340d300beac55c9eab43a9fcf77eb40e78c
1,https://biblicalstudies.org.uk/articles_rcl_01.php,https://biblicalstudies.org.uk/pdf/rcl/01-4_5_09.pdf,"""Religion in Eastern Europe (Report on a Lecture),"" Religion in Communist Lands 1.4-5 (1973): 9-14. pdf","""Religion in Eastern Europe (Report on a Lecture),"" Religion in Communist Lands 1.4-5 (1973): 9-14. pdf [Reproduced by permission of the current copyright holder]",200,https://biblicalstudies.org.uk/pdf/rcl/01-4_5_09.pdf,application/pdf,279379,True,9835b49932c6ae45b825c96c96157859d48dcbc22ee441e16fa8dcb5ee1e83a9
1,https://biblicalstudies.org.uk/articles_rcl_01.php,https://biblicalstudies.org.uk/pdf/rcl/01-4_5_15.pdf,"S. Petropavlovsky, ""The Russian Orthodox Church,"" Religion in Communist Lands 1.4-5 (1973): 15-19. pdf","S. Petropavlovsky, ""The Russian Orthodox Church,"" Religion in Communist Lands 1.4-5 (1973): 15-19. pdf [Reproduced by permission of the current copyright holder]",200,https://biblicalstudies.org.uk/pdf/rcl/01-4_5_15.pdf,application/pdf,211895,True,ae89f209b27f85997777ee1a04f45166554dda9e9e6a46e6c2320583e428f0ae
1,https://biblicalstudies.org.uk/articles_rcl_01.php,https://biblicalstudies.org.uk/pdf/rcl/01-4_5_20.pdf,"John Lawrence, ""Observations On Religion And Atheism In Soviet Society,"" Religion in Communist Lands 1.4-5 (1973): 20-27. pdf","John Lawrence, ""Observations On Religion And Atheism In Soviet Society,"" Religion in Communist Lands 1.4-5 (1973): 20-27. pdf [Reproduced by permission of the current copyright holder]",200,https://biblicalstudies.org.uk/pdf/rcl/01-4_5_20.pdf,application/pdf,355971,True,0ac2efae12d472f76867b17e00115a0b7c1a887aefd4d7ea191d7255b8bdbd06
1,https://biblicalstudies.org.uk/articles_rcl_01.php,https://biblicalstudies.org.uk/pdf/rcl/01-4_5_28.pdf,"Vello Salo, ""Anti-Religious Rites in Estonia, FR,"" Religion in Communist Lands 1.4-5 (1973): 28-33. pdf","Vello Salo, ""Anti-Religious Rites in Estonia, FR,"" Religion in Communist Lands 1.4-5 (1973): 28-33. pdf [Reproduced by permission of the current copyright holder]",200,https://biblicalstudies.org.uk/pdf/rcl/01-4_5_28.pdf,application/pdf,293461,True,682c0f61028d657c0cc3b93a9b388e75c4d10efa23387dfe9f17b75e53a71dc1
1,https://biblicalstudies.org.uk/articles_rcl_01.php,https://biblicalstudies.org.uk/pdf/rcl/01-4_5_34.pdf,"""Dr. Zlatko Frid (Ed.): Religions In Yugoslavia ,"" Religion in Communist Lands 1.4-5 (1973): 34-35. pdf","""Dr. Zlatko Frid (Ed.): Religions In Yugoslavia ,"" Religion in Communist Lands 1.4-5 (1973): 34-35. pdf [Reproduced by permission of the current copyright holder]",200,https://biblicalstudies.org.uk/pdf/rcl/01-4_5_34.pdf,application/pdf,79419,True,2cee91329c70c2ca857b2650b08bb47637d6e1f29122c776c5233c60d8aadfa4
1,https://biblicalstudies.org.uk/articles_rcl_01.php,https://biblicalstudies.org.uk/pdf/rcl/01-4_5_35.pdf,"Michael Rowe, ""Steve Durasoff: Pentecost Behind The Iron Curtain ,"" Religion in Communist Lands 1.4-5 (1973): 35-37. pdf","Michael Rowe, ""Steve Durasoff: Pentecost Behind The Iron Curtain ,"" Religion in Communist Lands 1.4-5 (1973): 35-37. pdf [Reproduced by permission of the current copyright holder]",200,https://biblicalstudies.org.uk/pdf/rcl/01-4_5_35.pdf,application/pdf,146033,True,87721b836bc2d0671e8d9f66f896f0f01f01158b25bc1b72c9071f3632a61b8e
1,https://biblicalstudies.org.uk/articles_rcl_01.php,https://biblicalstudies.org.uk/pdf/rcl/01-4_5_37.pdf,"""Viterslav Gardaysky: God Is Not Yet Dead ,"" Religion in Communist Lands 1.4-5 (1973): 37-39. pdf","""Viterslav Gardaysky: God Is Not Yet Dead ,"" Religion in Communist Lands 1.4-5 (1973): 37-39. pdf [Reproduced by permission of the current copyright holder]",200,https://biblicalstudies.org.uk/pdf/rcl/01-4_5_37.pdf,application/pdf,140937,True,f1f4ad9f0a54cec634be69ef986240ab660e9fe8f85d4367ee806b67a6a0a09e
1,https://biblicalstudies.org.uk/articles_rcl_01.php,https://biblicalstudies.org.uk/pdf/rcl/01-4_5_40.pdf,"""1. Buddhism Worries Soviet Teachers ( Uchitelskaya Gazeta ),"" Religion in Communist Lands 1.4-5 (1973): 40-42. pdf","""1. Buddhism Worries Soviet Teachers ( Uchitelskaya Gazeta ),"" Religion in Communist Lands 1.4-5 (1973): 40-42. pdf [Reproduced by permission of the current copyright holder]",200,https://biblicalstudies.org.uk/pdf/rcl/01-4_5_40.pdf,application/pdf,153512,True,8e4e5801244c433125aa924c2d8eaa115f2ffbaf066e2bded74fe199b03c55a9
1,https://biblicalstudies.org.uk/articles_rcl_01.php,https://biblicalstudies.org.uk/pdf/rcl/01-4_5_43.pdf,"""2. A Buddhist ""Group"" on Trial,"" Religion in Communist Lands 1.4-5 (1973): 43-47. pdf","""2. A Buddhist ""Group"" on Trial,"" Religion in Communist Lands 1.4-5 (1973): 43-47. pdf [Reproduced by permission of the current copyright holder]",200,https://biblicalstudies.org.uk/pdf/rcl/01-4_5_43.pdf,application/pdf,278158,True,5a71fc4846a444027bdb497d1141c1924667af57f214509d4498042203d26598
1,https://biblicalstudies.org.uk/articles_rcl_01.php,https://biblicalstudies.org.uk/pdf/rcl/01-4_5_47.pdf,"""3. The Voice of Lithuanian Catholics,"" Religion in Communist Lands 1.4-5 (1973): 47-54. pdf","""3. The Voice of Lithuanian Catholics,"" Religion in Communist Lands 1.4-5 (1973): 47-54. pdf [Reproduced by permission of the current copyright holder]",200,https://biblicalstudies.org.uk/pdf/rcl/01-4_5_47.pdf,application/pdf,397228,True,60830f92d6d01a4a299beb8c4d260ebf9876266157ffcd612338d8b61d8c7be9
1,https://biblicalstudies.org.uk/articles_rcl_01.php,https://biblicalstudies.org.uk/pdf/rcl/01-4_5_54.pdf,"""4. A Moscow Sermon,"" Religion in Communist Lands 1.4-5 (1973): 54-55. pdf","""4. A Moscow Sermon,"" Religion in Communist Lands 1.4-5 (1973): 54-55. pdf [Reproduced by permission of the current copyright holder]",200,https://biblicalstudies.org.uk/pdf/rcl/01-4_5_54.pdf,application/pdf,94451,True,c18e20f38b437a6c8f3a50307d63efc424d9fc7014390d3c4817b1ba01da0d31
1,https://biblicalstudies.org.uk/articles_rcl_01.php,https://biblicalstudies.org.uk/pdf/rcl/01-4_5_56.pdf,"Michael Bourdeaux, ""News from the Centre,"" Religion in Communist Lands 1.4-5 (1973): 56-59. pdf","Michael Bourdeaux, ""News from the Centre,"" Religion in Communist Lands 1.4-5 (1973): 56-59. pdf [Reproduced by permission of the current copyright holder]",200,https://biblicalstudies.org.uk/pdf/rcl/01-4_5_56.pdf,application/pdf,166198,True,87b31f2d2343cc84bef940086e05cb8c2d80bad1d1d5e7fa1f5fe72c1947a901
1,https://biblicalstudies.org.uk/articles_rcl_01.php,https://biblicalstudies.org.uk/pdf/rcl/01-4_5_59.pdf,"""The International Committee for the Defence of Human Rights in the USSR,"" Religion in Communist Lands 1.4-5 (1973): 59-60. pdf","""The International Committee for the Defence of Human Rights in the USSR,"" Religion in Communist Lands 1.4-5 (1973): 59-60. pdf [Reproduced by permission of the current copyright holder]",200,https://biblicalstudies.org.uk/pdf/rcl/01-4_5_59.pdf,application/pdf,125238,True,14c86589ca4e07789e537720629eb8d76ae293d607858807b07539b6029b758e
1,https://biblicalstudies.org.uk/articles_rcl_01.php,https://biblicalstudies.org.uk/pdf/rcl/01-4_5_60.pdf,"""A Chronicle of Human Rights,"" Religion in Communist Lands 1.4-5 (1973): 60-61. pdf","""A Chronicle of Human Rights,"" Religion in Communist Lands 1.4-5 (1973): 60-61. pdf [Reproduced by permission of the current copyright holder]",200,https://biblicalstudies.org.uk/pdf/rcl/01-4_5_60.pdf,application/pdf,86046,True,46cdfe86c53e9fe04f22b1edfab140d546f64d93d5d5cc7f283a55c18e769293
1,https://biblicalstudies.org.uk/articles_rcl_01.php,https://biblicalstudies.org.uk/pdf/rcl/01-4_5_61.pdf,"""Faith in the 2nd World,"" Religion in Communist Lands 1.4-5 (1973): 61-63. pdf","""Faith in the 2nd World,"" Religion in Communist Lands 1.4-5 (1973): 61-63. pdf [Reproduced by permission of the current copyright holder]",200,https://biblicalstudies.org.uk/pdf/rcl/01-4_5_61.pdf,application/pdf,42727,True,7a257163d4dc79d1af74a4626859ec1248b0b6ade6b940f5b60ee4c5daef80ea
1,https://biblicalstudies.org.uk/articles_rcl_01.php,https://biblicalstudies.org.uk/pdf/rcl/01-4_5_62.pdf,"Letters to the Editor, 62-63. pdf","Letters to the Editor, 62-63. pdf [Reproduced by permission of the current copyright holder]",200,https://biblicalstudies.org.uk/pdf/rcl/01-4_5_62.pdf,application/pdf,90326,True,ebeecb65139b7207d01f3e433c6e59a3c600a27d302cc6182b3069271c6489f4
1,https://biblicalstudies.org.uk/articles_rcl_01.php,https://biblicalstudies.org.uk/pdf/rcl/01-4_5_64.pdf,"News in Brief, 64-67. pdf","News in Brief, 64-67. pdf [Reproduced by permission of the current copyright holder]",200,https://biblicalstudies.org.uk/pdf/rcl/01-4_5_64.pdf,application/pdf,191893,True,49b4ea8a77a1ae138e3e4dd1965ab874d7bfb74b76a2f94af5cd034f36b78657
1,https://biblicalstudies.org.uk/articles_rcl_01.php,https://biblicalstudies.org.uk/pdf/rcl/01-4_5_68.pdf,"Bibliography, 68-73. pdf","Bibliography, 68-73. pdf [Reproduced by permission of the current copyright holder]",200,https://biblicalstudies.org.uk/pdf/rcl/01-4_5_68.pdf,application/pdf,575080,True,fa24030ef2d84ca8405bb5e05a23576f312a6539878b29e607242d6696b59098
1,https://biblicalstudies.org.uk/articles_rcl_01.php,https://biblicalstudies.org.uk/pdf/rcl/01-6_02.pdf,"Editorial, 2-3. pdf","Editorial, 2-3. pdf [Reproduced by permission of the current copyright holder]",200,https://biblicalstudies.org.uk/pdf/rcl/01-6_02.pdf,application/pdf,91929,True,c620443178004310bf1f0ba15e4c5ae280d628f2816312f8d9060be83e62769d
1,https://biblicalstudies.org.uk/articles_rcl_01.php,https://biblicalstudies.org.uk/pdf/rcl/01-6_04.pdf,"Hans Hebly, ""All is Now.Quiet in Marienbad,"" Religion in Communist Lands 1.6 (1973): 4-8. pdf","Hans Hebly, ""All is Now.Quiet in Marienbad,"" Religion in Communist Lands 1.6 (1973): 4-8. pdf [Reproduced by permission of the current copyright holder]",200,https://biblicalstudies.org.uk/pdf/rcl/01-6_04.pdf,application/pdf,232040,True,1eb370d80cab62854e36cd858673e17cda9c8ef31d6462bfafda38bb27816f2d
1,https://biblicalstudies.org.uk/articles_rcl_01.php,https://biblicalstudies.org.uk/pdf/rcl/01-6_09.pdf,"Christopher Read, ""The Soviet Attitude to the Christian-Marxist Dialogue,"" Religion in Communist Lands 1.6 (1973): 9-12. pdf","Christopher Read, ""The Soviet Attitude to the Christian-Marxist Dialogue,"" Religion in Communist Lands 1.6 (1973): 9-12. pdf [Reproduced by permission of the current copyright holder]",200,https://biblicalstudies.org.uk/pdf/rcl/01-6_09.pdf,application/pdf,180259,True,736e64bcc4f7b6557473e05408179e761a9149179d217ea9c6ca40c9e2033e4f
1,https://biblicalstudies.org.uk/articles_rcl_01.php,https://biblicalstudies.org.uk/pdf/rcl/01-6_13.pdf,"Kathleen Matchett, ""German Lutherans in the Soviet Union,"" Religion in Communist Lands 1.6 (1973): 13-17. pdf","Kathleen Matchett, ""German Lutherans in the Soviet Union,"" Religion in Communist Lands 1.6 (1973): 13-17. pdf [Reproduced by permission of the current copyright holder]",200,https://biblicalstudies.org.uk/pdf/rcl/01-6_13.pdf,application/pdf,175259,True,5d4dc20c1d913d68f80d671b667691eb14da4dc389f725cda08b510eb508fc8d
1,https://biblicalstudies.org.uk/articles_rcl_01.php,https://biblicalstudies.org.uk/pdf/rcl/01-6_17.pdf,"Victor Hayward, ""William H. Clark the Church in China,"" Religion in Communist Lands 1.6 (1973): 17-18. pdf","Victor Hayward, ""William H. Clark the Church in China,"" Religion in Communist Lands 1.6 (1973): 17-18. pdf [Reproduced by permission of the current copyright holder]",200,https://biblicalstudies.org.uk/pdf/rcl/01-6_17.pdf,application/pdf,79732,True,fa60f5caa32f0a4a336a36314b5f2ad13931b63f72b5b824267b9457c41b7f8a
1,https://biblicalstudies.org.uk/articles_rcl_01.php,https://biblicalstudies.org.uk/pdf/rcl/01-6_19.pdf,"""Baptists in Romania,"" Religion in Communist Lands 1.6 (1973): 19-22. pdf","""Baptists in Romania,"" Religion in Communist Lands 1.6 (1973): 19-22. pdf [Reproduced by permission of the current copyright holder]",200,https://biblicalstudies.org.uk/pdf/rcl/01-6_19.pdf,application/pdf,187683,True,83442664be06e3ba9b0dff144026ba1dbbfb8f65fd398cec5d8c0f7826e6a97b
1,https://biblicalstudies.org.uk/articles_rcl_01.php,https://biblicalstudies.org.uk/pdf/rcl/01-6_22.pdf,"""Chinese Bishop Talks to a Missionary,"" Religion in Communist Lands 1.6 (1973): 22-23. pdf","""Chinese Bishop Talks to a Missionary,"" Religion in Communist Lands 1.6 (1973): 22-23. pdf [Reproduced by permission of the current copyright holder]",200,https://biblicalstudies.org.uk/pdf/rcl/01-6_22.pdf,application/pdf,98709,True,c35b76599a60f8698e728e2b843d145d7a41e4580c23c83cbc87bad41d14d308
1,https://biblicalstudies.org.uk/articles_rcl_01.php,https://biblicalstudies.org.uk/pdf/rcl/01-6_24.pdf,"Michael Bourdeaux, ""News from the Centre,"" Religion in Communist Lands 1.6 (1973): 24-26. pdf","Michael Bourdeaux, ""News from the Centre,"" Religion in Communist Lands 1.6 (1973): 24-26. pdf [Reproduced by permission of the current copyright holder]",200,https://biblicalstudies.org.uk/pdf/rcl/01-6_24.pdf,application/pdf,187725,True,d250f7629c33d071ba28c1bc9793500ddc8d27344f3b6caa7d2d84e6018ec064
1,https://biblicalstudies.org.uk/articles_rcl_01.php,https://biblicalstudies.org.uk/pdf/rcl/01-6_26.pdf,"""Conferences,"" Religion in Communist Lands 1.6 (1973): 26-27. pdf","""Conferences,"" Religion in Communist Lands 1.6 (1973): 26-27. pdf [Reproduced by permission of the current copyright holder]",200,https://biblicalstudies.org.uk/pdf/rcl/01-6_26.pdf,application/pdf,85006,True,4ded9fe71308e2626dcad25132beecaa81d611daffd80b33e01d329a5c713731
1,https://biblicalstudies.org.uk/articles_rcl_01.php,https://biblicalstudies.org.uk/pdf/rcl/01-6_28.pdf,"""Abolition of Torture,"" Religion in Communist Lands 1.6 (1973): 28. pdf","""Abolition of Torture,"" Religion in Communist Lands 1.6 (1973): 28. pdf [Reproduced by permission of the current copyright holder]",200,https://biblicalstudies.org.uk/pdf/rcl/01-6_28.pdf,application/pdf,39427,True,860ac075c8287841497f6ef95248a559a1d029533b495aa1986377bde5354e98
1,https://biblicalstudies.org.uk/articles_rcl_01.php,https://biblicalstudies.org.uk/pdf/rcl/01-6_28a.pdf,"Letters to the Editor, 28-29. pdf","Letters to the Editor, 28-29. pdf [Reproduced by permission of the current copyright holder]",200,https://biblicalstudies.org.uk/pdf/rcl/01-6_28a.pdf,application/pdf,72702,True,49204198076a6158c5f2569f739ea69869fe89c5d9a70023ee25662202fa2309
1,https://biblicalstudies.org.uk/articles_rcl_01.php,https://biblicalstudies.org.uk/pdf/rcl/01-6_30.pdf,"News in Brief, 30-35. pdf","News in Brief, 30-35. pdf [Reproduced by permission of the current copyright holder]",200,https://biblicalstudies.org.uk/pdf/rcl/01-6_30.pdf,application/pdf,322087,True,fb6364db92cb565a110b41dc8725aef2bbac6978112d37cf303d263f9c887951
1,https://biblicalstudies.org.uk/articles_rcl_01.php,https://biblicalstudies.org.uk/pdf/rcl/01-6_36.pdf,"Bibliography, 36-41. pdf","Bibliography, 36-41. pdf [Reproduced by permission of the current copyright holder]",200,https://biblicalstudies.org.uk/pdf/rcl/01-6_36.pdf,application/pdf,908062,True,112f82b8345c8f0c2617060638d1e898a89ca6f72ff0d81bc2b91c0db2c375f7
1,https://biblicalstudies.org.uk/articles_rcl_01.php,https://biblicalstudies.org.uk/pdf/rcl/02-1_02.pdf,"Editorial, 2-3. pdf","Editorial, 2-3. pdf [Reproduced by permission of the current copyright holder]",200,https://biblicalstudies.org.uk/pdf/rcl/02-1_02.pdf,application/pdf,87266,True,cfbb55f1608635f547555b93d7865429db4a9a6b873fbff03679f4bf54ed49e2
1,https://biblicalstudies.org.uk/articles_rcl_01.php,https://biblicalstudies.org.uk/pdf/rcl/02-1_04.pdf,"Kathleen Matchett, ""The Soviet Government and the Churches,"" Religion in Communist Lands 2.1 (1974): 4-7. pdf","Kathleen Matchett, ""The Soviet Government and the Churches,"" Religion in Communist Lands 2.1 (1974): 4-7. pdf [Reproduced by permission of the current copyright holder]",200,https://biblicalstudies.org.uk/pdf/rcl/02-1_04.pdf,application/pdf,186165,True,6fc24cb385a956ba06db6333b916d99a3f1366b1cacfa6c52e1d14541cddf4a2
1,https://biblicalstudies.org.uk/articles_rcl_01.php,https://biblicalstudies.org.uk/pdf/rcl/02-1_08.pdf,"Katharine Murray, ""Death of a Baptist Musician,"" Religion in Communist Lands 2.1 (1974): 8-10. pdf","Katharine Murray, ""Death of a Baptist Musician,"" Religion in Communist Lands 2.1 (1974): 8-10. pdf [Reproduced by permission of the current copyright holder]",200,https://biblicalstudies.org.uk/pdf/rcl/02-1_08.pdf,application/pdf,121649,True,7c6fda7f10aa975110643bf3c8ce595fc43dd70cda07dfe9f6c8b98ca8b82c9b
1,https://biblicalstudies.org.uk/articles_rcl_01.php,https://biblicalstudies.org.uk/pdf/rcl/02-1_11.pdf,"Bohdan Bociurkiw, ""Soviet Research on Religion and Atheism Since 1945,"" Religion in Communist Lands 2.1 (1974): 11-16. pdf","Bohdan Bociurkiw, ""Soviet Research on Religion and Atheism Since 1945,"" Religion in Communist Lands 2.1 (1974): 11-16. pdf [Reproduced by permission of the current copyright holder]",200,https://biblicalstudies.org.uk/pdf/rcl/02-1_11.pdf,application/pdf,273342,True,3c3de33b8c9499992274077547da792c76e2322ab2ae0d5a1ec90b95f9c9710a
1,https://biblicalstudies.org.uk/articles_rcl_01.php,https://biblicalstudies.org.uk/pdf/rcl/02-1_17.pdf,"Donald Macinnis, ""Holmes Welch: Buddhism Under Mao ,"" Religion in Communist Lands 2.1 (1974): 17-20. pdf","Donald Macinnis, ""Holmes Welch: Buddhism Under Mao ,"" Religion in Communist Lands 2.1 (1974): 17-20. pdf [Reproduced by permission of the current copyright holder]",200,https://biblicalstudies.org.uk/pdf/rcl/02-1_17.pdf,application/pdf,157104,True,cc11f5e997dd30770fbdd0d495905cdbb9c57c88095e6449a052630189fc4e6c
1,https://biblicalstudies.org.uk/articles_rcl_01.php,https://biblicalstudies.org.uk/pdf/rcl/02-1_21.pdf,"Peter Fahy, ""News from the Centre,"" Religion in Communist Lands 2.1 (1974): 21-23. pdf","Peter Fahy, ""News from the Centre,"" Religion in Communist Lands 2.1 (1974): 21-23. pdf [Reproduced by permission of the current copyright holder]",200,https://biblicalstudies.org.uk/pdf/rcl/02-1_21.pdf,application/pdf,116245,True,2ab14caa417eabac071e2d4d5b09fd3f2bde6e11de8ec5271ecd0a4974a14d98
1,https://biblicalstudies.org.uk/articles_rcl_01.php,https://biblicalstudies.org.uk/pdf/rcl/02-1_23.pdf,"""A CSRC Conference,"" Religion in Communist Lands 2.1 (1974): 23. pdf","""A CSRC Conference,"" Religion in Communist Lands 2.1 (1974): 23. pdf [Reproduced by permission of the current copyright holder]",200,https://biblicalstudies.org.uk/pdf/rcl/02-1_23.pdf,application/pdf,44597,True,13cb7556fd79227265834c48c3f82b4a62b106d6bd3956f237c8e860cb148e07
1,https://biblicalstudies.org.uk/articles_rcl_01.php,https://biblicalstudies.org.uk/pdf/rcl/02-1_24.pdf,"""Debate On The Russian Baptists,"" Religion in Communist Lands 2.1 (1974): 24-25. pdf","""Debate On The Russian Baptists,"" Religion in Communist Lands 2.1 (1974): 24-25. pdf [Reproduced by permission of the current copyright holder]",200,https://biblicalstudies.org.uk/pdf/rcl/02-1_24.pdf,application/pdf,98875,True,df43bcd67467a2ea1e79642ca94e2e6bd5496af3d19e2f5fe01405075aec422a
1,https://biblicalstudies.org.uk/articles_rcl_01.php,https://biblicalstudies.org.uk/pdf/rcl/02-1_26.pdf,"""Patriarch Speaks at WCC,"" Religion in Communist Lands 2.1 (1974): 26-27. pdf","""Patriarch Speaks at WCC,"" Religion in Communist Lands 2.1 (1974): 26-27. pdf [Reproduced by permission of the current copyright holder]",200,https://biblicalstudies.org.uk/pdf/rcl/02-1_26.pdf,application/pdf,101639,True,7a992d419b3bab019204b455a8d390497dd94f0c9e9ab4182a0052992fbf15d6
1,https://biblicalstudies.org.uk/articles_rcl_01.php,https://biblicalstudies.org.uk/pdf/rcl/02-1_28.pdf,"""Letters Of Spiritual Counsel,"" Religion in Communist Lands 2.1 (1974): 28-29. pdf","""Letters Of Spiritual Counsel,"" Religion in Communist Lands 2.1 (1974): 28-29. pdf [Reproduced by permission of the current copyright holder]",200,https://biblicalstudies.org.uk/pdf/rcl/02-1_28.pdf,application/pdf,105368,True,0901c2e56585cdb06443ed68171651d4985fe4de87873c82ba849d84a0c406bb
1,https://biblicalstudies.org.uk/articles_rcl_01.php,https://biblicalstudies.org.uk/pdf/rcl/02-1_29.pdf,"""The Case of Yevgeni Barabanov,"" Religion in Communist Lands 2.1 (1974): 29-31. pdf","""The Case of Yevgeni Barabanov,"" Religion in Communist Lands 2.1 (1974): 29-31. pdf [Reproduced by permission of the current copyright holder]",200,https://biblicalstudies.org.uk/pdf/rcl/02-1_29.pdf,application/pdf,161307,True,9209754a305cea8b679d254cea3d25c0df90e628604c71a20d2774e172541499
1,https://biblicalstudies.org.uk/articles_rcl_01.php,https://biblicalstudies.org.uk/pdf/rcl/02-1_31.pdf,"""Ukrainian Catholics Appealm"" Religion in Communist Lands 2.1 (1974): 31-32. pdf","""Ukrainian Catholics Appealm"" Religion in Communist Lands 2.1 (1974): 31-32. pdf [Reproduced by permission of the current copyright holder]",200,https://biblicalstudies.org.uk/pdf/rcl/02-1_31.pdf,application/pdf,108739,True,733b8c86c850ef0b28f4353f49ae8d444677343c4b0b0ffc85d22a624336045c
1,https://biblicalstudies.org.uk/articles_rcl_01.php,https://biblicalstudies.org.uk/pdf/rcl/02-1_33.pdf,"News in Brief, 33-35. pdf","News in Brief, 33-35. pdf [Reproduced by permission of the current copyright holder]",200,https://biblicalstudies.org.uk/pdf/rcl/02-1_33.pdf,application/pdf,159806,True,c4755592c191702a8f2e29e485a83701016f2b0de0e015ee51a4e15f278c915d
1,https://biblicalstudies.org.uk/articles_rcl_01.php,https://biblicalstudies.org.uk/pdf/rcl/02-1_36.pdf,"Bibliography, 36-42. pdf","Bibliography, 36-42. pdf [Reproduced by permission of the current copyright holder]",200,https://biblicalstudies.org.uk/pdf/rcl/02-1_36.pdf,application/pdf,889847,True,5b05f2bcedae83f494b2026fcada60f87255cb33a8be900dc0d66e3cb358dbff
1,https://biblicalstudies.org.uk/articles_rcl_01.php,https://biblicalstudies.org.uk/pdf/rcl/02-2_02.pdf,"Editorial, 2-3. pdf","Editorial, 2-3. pdf [Reproduced by permission of the current copyright holder]",200,https://biblicalstudies.org.uk/pdf/rcl/02-2_02.pdf,application/pdf,85469,True,3fe45e1415d0b9050bd98d5882d1a384c9cd5b3289d798fffe3e84d1cd1db78f
1,https://biblicalstudies.org.uk/articles_rcl_01.php,https://biblicalstudies.org.uk/pdf/rcl/02-2_04.pdf,"Michael Bourdeaux, ""The Uniate Churches In Czechoslovakia,"" Religion in Communist Lands 2.2 (1974): 4-6. pdf","Michael Bourdeaux, ""The Uniate Churches In Czechoslovakia,"" Religion in Communist Lands 2.2 (1974): 4-6. pdf [Reproduced by permission of the current copyright holder]",200,https://biblicalstudies.org.uk/pdf/rcl/02-2_04.pdf,application/pdf,140034,True,8ba3c5c2e1b3d35ceb7711c3b79b922ce6f9e1eb699eaf89fa4152ac5eb894e3
1,https://biblicalstudies.org.uk/articles_rcl_01.php,https://biblicalstudies.org.uk/pdf/rcl/02-2_07.pdf,"From a Correspondent, ""Pressure on the Churches in Czechoslovakia,"" Religion in Communist Lands 2.2 (1974): 7-9. pdf","From a Correspondent, ""Pressure on the Churches in Czechoslovakia,"" Religion in Communist Lands 2.2 (1974): 7-9. pdf [Reproduced by permission of the current copyright holder]",200,https://biblicalstudies.org.uk/pdf/rcl/02-2_07.pdf,application/pdf,139492,True,04f5323f243bef64247c738dd4ecc0579a96aecc7650213a0becd991ab2206df
1,https://biblicalstudies.org.uk/articles_rcl_01.php,https://biblicalstudies.org.uk/pdf/rcl/02-2_10.pdf,"George Schopflin, ""The Mindszenty Affair,"" Religion in Communist Lands 2.2 (1974): 10-11. pdf","George Schopflin, ""The Mindszenty Affair,"" Religion in Communist Lands 2.2 (1974): 10-11. pdf [Reproduced by permission of the current copyright holder]",200,https://biblicalstudies.org.uk/pdf/rcl/02-2_10.pdf,application/pdf,99936,True,17f9b7ff4f666e91271bea7deacb87ec8a7ca667ecc4dc076da7a0a322ea9a49
1,https://biblicalstudies.org.uk/articles_rcl_01.php,https://biblicalstudies.org.uk/pdf/rcl/02-2_12.pdf,"Christine Waine, ""Alexander Solzhenitsyn: Christian Writer,"" Religion in Communist Lands 2.2 (1974): 12-14. pdf","Christine Waine, ""Alexander Solzhenitsyn: Christian Writer,"" Religion in Communist Lands 2.2 (1974): 12-14. pdf [Reproduced by permission of the current copyright holder]",200,https://biblicalstudies.org.uk/pdf/rcl/02-2_12.pdf,application/pdf,135415,True,efbf7a73c13c450aaa0857923bcf9496e66da9424d235f213627a16b587a3cff
1,https://biblicalstudies.org.uk/articles_rcl_01.php,https://biblicalstudies.org.uk/pdf/rcl/02-2_15.pdf,"Kathleen Matchett, ""Eduard Kuznetsov: Dnevniki (""Diaries""),"" Religion in Communist Lands 2.2 (1974): 15-17. pdf","Kathleen Matchett, ""Eduard Kuznetsov: Dnevniki (""Diaries""),"" Religion in Communist Lands 2.2 (1974): 15-17. pdf [Reproduced by permission of the current copyright holder]",200,https://biblicalstudies.org.uk/pdf/rcl/02-2_15.pdf,application/pdf,130015,True,afcdd6557f5e10060b9c0d2b5ffcb5beb9007b5f1c03b192c54560d976724595
1,https://biblicalstudies.org.uk/articles_rcl_01.php,https://biblicalstudies.org.uk/pdf/rcl/02-2_17.pdf,"Walter Sawatsky, ""Sergei Kourdakov: Sergei ,"" Religion in Communist Lands 2.2 (1974): 17. pdf","Walter Sawatsky, ""Sergei Kourdakov: Sergei ,"" Religion in Communist Lands 2.2 (1974): 17. pdf [Reproduced by permission of the current copyright holder]",200,https://biblicalstudies.org.uk/pdf/rcl/02-2_17.pdf,application/pdf,46088,True,64dbfcc3d2feecdaf17147b4f0fe94cc7fcd7be333a03492d88f21f679bdf617
1,https://biblicalstudies.org.uk/articles_rcl_01.php,https://biblicalstudies.org.uk/pdf/rcl/02-2_18.pdf,"Rene Beermann, ""I. R. Shafarevich: Legislation on Religion in the USSR ,"" Religion in Communist Lands 2.2 (1974): 18-20. pdf","Rene Beermann, ""I. R. Shafarevich: Legislation on Religion in the USSR ,"" Religion in Communist Lands 2.2 (1974): 18-20. pdf [Reproduced by permission of the current copyright holder]",200,https://biblicalstudies.org.uk/pdf/rcl/02-2_18.pdf,application/pdf,125732,True,23a60d32ba04b109b21efb8bf1b6370575e2130f4135a0b879156aac71ac6ebe
1,https://biblicalstudies.org.uk/articles_rcl_01.php,https://biblicalstudies.org.uk/pdf/rcl/02-2_21.pdf,"""Anatoli Levitin,"" Religion in Communist Lands 2.2 (1974): 21-24. pdf","""Anatoli Levitin,"" Religion in Communist Lands 2.2 (1974): 21-24. pdf [Reproduced by permission of the current copyright holder]",200,https://biblicalstudies.org.uk/pdf/rcl/02-2_21.pdf,application/pdf,208372,True,cd9ac3d4217ee1578b6931f8c52bce65d62f46c9e9966a6472bc32e7a0f8cd0e
1,https://biblicalstudies.org.uk/articles_rcl_01.php,https://biblicalstudies.org.uk/pdf/rcl/02-2_24.pdf,"""Passages From Levitin's Work,"" Religion in Communist Lands 2.2 (1974): 24-27. pdf","""Passages From Levitin's Work,"" Religion in Communist Lands 2.2 (1974): 24-27. pdf [Reproduced by permission of the current copyright holder]",200,https://biblicalstudies.org.uk/pdf/rcl/02-2_24.pdf,application/pdf,192891,True,3c4929de6a1241ddf2c82d9139a49fb47d0e1974ff44c87d2e81d9140647115b
1,https://biblicalstudies.org.uk/articles_rcl_01.php,https://biblicalstudies.org.uk/pdf/rcl/02-2_27.pdf,"""Solzhenitsyn's Prayer,"" Religion in Communist Lands 2.2 (1974): 27. pdf","""Solzhenitsyn's Prayer,"" Religion in Communist Lands 2.2 (1974): 27. pdf [Reproduced by permission of the current copyright holder]",200,https://biblicalstudies.org.uk/pdf/rcl/02-2_27.pdf,application/pdf,30062,True,8e27278870dd7b3805b5b6087c4dffa6ef8fb8bd460d9b247778965d8c0cb6ac
1,https://biblicalstudies.org.uk/articles_rcl_01.php,https://biblicalstudies.org.uk/pdf/rcl/02-2_28.pdf,"""News From The Centre,"" Religion in Communist Lands 2.2 (1974): 28-29. pdf","""News From The Centre,"" Religion in Communist Lands 2.2 (1974): 28-29. pdf [Reproduced by permission of the current copyright holder]",200,https://biblicalstudies.org.uk/pdf/rcl/02-2_28.pdf,application/pdf,82995,True,8b0705434d146075320b835a2af704f39edb264b7cc7bab0cdf19a05e973ae20
1,https://biblicalstudies.org.uk/articles_rcl_01.php,https://biblicalstudies.org.uk/pdf/rcl/02-2_29.pdf,"""BBC Documentary On KGB,"" Religion in Communist Lands 2.2 (1974): 29-30. pdf","""BBC Documentary On KGB,"" Religion in Communist Lands 2.2 (1974): 29-30. pdf [Reproduced by permission of the current copyright holder]",200,https://biblicalstudies.org.uk/pdf/rcl/02-2_29.pdf,application/pdf,74897,True,de3419cfcc04093eb5cf6bacd5b1364c056f084ecef73d04158f586b3facffe0
1,https://biblicalstudies.org.uk/articles_rcl_01.php,https://biblicalstudies.org.uk/pdf/rcl/02-2_31.pdf,"News in Brief, 31-33. pdf","News in Brief, 31-33. pdf [Reproduced by permission of the current copyright holder]",200,https://biblicalstudies.org.uk/pdf/rcl/02-2_31.pdf,application/pdf,151099,True,6446f24d0ca3f184b1bd38bab418170ab8d05a4cd083a8c8dd02169613962aaf
1,https://biblicalstudies.org.uk/articles_rcl_01.php,https://biblicalstudies.org.uk/pdf/rcl/02-2_34.pdf,"Bibliography, 34-41. pdf","Bibliography, 34-41. pdf [Reproduced by permission of the current copyright holder]",200,https://biblicalstudies.org.uk/pdf/rcl/02-2_34.pdf,application/pdf,645092,True,60375ce5f712c82cc80c0e153b3a0d64f5bb3b01e8215207353a54f26e0b9d84
1,https://biblicalstudies.org.uk/articles_rcl_01.php,https://biblicalstudies.org.uk/pdf/rcl/02-3_02.pdf,"Editorial, 2-4. pdf","Editorial, 2-4. pdf [Reproduced by permission of the current copyright holder]",200,https://biblicalstudies.org.uk/pdf/rcl/02-3_02.pdf,application/pdf,85244,True,698002228dd28e9826bd591855f14e539556e406dd850d04e65dff1bf5b194f3
1,https://biblicalstudies.org.uk/articles_rcl_01.php,https://biblicalstudies.org.uk/pdf/rcl/02-3_04.pdf,"Raymond Oppenheim, ""Russian Orthodox Theological Education in the Soviet Union,"" Religion in Communist Lands 2.3 (1974): 4-8. pdf","Raymond Oppenheim, ""Russian Orthodox Theological Education in the Soviet Union,"" Religion in Communist Lands 2.3 (1974): 4-8. pdf [Reproduced by permission of the current copyright holder]",200,https://biblicalstudies.org.uk/pdf/rcl/02-3_04.pdf,application/pdf,234871,True,867fb97324f241a40c0270af8050604b77a70ef990b409c4b2db8d573a9c5f6a
1,https://biblicalstudies.org.uk/articles_rcl_01.php,https://biblicalstudies.org.uk/pdf/rcl/02-3_09.pdf,"Andrew Blane, ""A Year of Drift (Part I),"" Religion in Communist Lands 2.3 (1974): 9-15. pdf","Andrew Blane, ""A Year of Drift (Part I),"" Religion in Communist Lands 2.3 (1974): 9-15. pdf [Reproduced by permission of the current copyright holder]",200,https://biblicalstudies.org.uk/pdf/rcl/02-3_09.pdf,application/pdf,297609,True,2a4232735ba1c74776eb2e8df2e5bf7f635630340dba007ea1a766004fd6aef2
1,https://biblicalstudies.org.uk/articles_rcl_01.php,https://biblicalstudies.org.uk/pdf/rcl/02-3_16.pdf,"Andrei Sinyavsky, ""Father Boris Zalivako,"" Religion in Communist Lands 2.3 (1974): 16-17. pdf","Andrei Sinyavsky, ""Father Boris Zalivako,"" Religion in Communist Lands 2.3 (1974): 16-17. pdf [Reproduced by permission of the current copyright holder]",200,https://biblicalstudies.org.uk/pdf/rcl/02-3_16.pdf,application/pdf,80903,True,f707bb6b33f2b3b00016faa1a480b36cbe64e88c8a7d71c38bf27b855de6a947
1,https://biblicalstudies.org.uk/articles_rcl_01.php,https://biblicalstudies.org.uk/pdf/rcl/02-3_17.pdf,"Elizabeth Jennings, ""Solzhenitsyn, February 1974,"" Religion in Communist Lands 2.3 (1974): 17. pdf","Elizabeth Jennings, ""Solzhenitsyn, February 1974,"" Religion in Communist Lands 2.3 (1974): 17. pdf [Reproduced by permission of the current copyright holder]",200,https://biblicalstudies.org.uk/pdf/rcl/02-3_17.pdf,application/pdf,40135,True,a1457bf7e03e1722c3dd82e7f1c0700d3f555be3b098c306a557af2b8a9a3d1c
1,https://biblicalstudies.org.uk/articles_rcl_01.php,https://biblicalstudies.org.uk/pdf/rcl/02-3_18.pdf,"George Patterson, ""Betty Kelen: Confucius,"" Religion in Communist Lands 2.3 (1974): 18-19. pdf","George Patterson, ""Betty Kelen: Confucius,"" Religion in Communist Lands 2.3 (1974): 18-19. pdf [Reproduced by permission of the current copyright holder]",200,https://biblicalstudies.org.uk/pdf/rcl/02-3_18.pdf,application/pdf,87485,True,3c703321c8b303dca5d53f8d5a365d5efbf26967046af01c3140b01734ee30a8
1,https://biblicalstudies.org.uk/articles_rcl_01.php,https://biblicalstudies.org.uk/pdf/rcl/02-3_19.pdf,"Michael Bourdeaux, ""Lavr Divornlikoff: The Traitor ,"" Religion in Communist Lands 2.3 (1974): 19-20. pdf","Michael Bourdeaux, ""Lavr Divornlikoff: The Traitor ,"" Religion in Communist Lands 2.3 (1974): 19-20. pdf [Reproduced by permission of the current copyright holder]",200,https://biblicalstudies.org.uk/pdf/rcl/02-3_19.pdf,application/pdf,88249,True,264c4f29550f6ad97e4fabcea3f45c1fae9190f2bfc609d1f0f2f85bbc10f645
1,https://biblicalstudies.org.uk/articles_rcl_01.php,https://biblicalstudies.org.uk/pdf/rcl/02-3_21.pdf,"""A Jewish Believer,"" Religion in Communist Lands 2.3 (1974): 21-23. pdf","""A Jewish Believer,"" Religion in Communist Lands 2.3 (1974): 21-23. pdf [Reproduced by permission of the current copyright holder]",200,https://biblicalstudies.org.uk/pdf/rcl/02-3_21.pdf,application/pdf,139528,True,6cfb76db98b6dff0629d1ddaf117d8e14a6c2c4252caf6d678b76f50bbaa738c
1,https://biblicalstudies.org.uk/articles_rcl_01.php,https://biblicalstudies.org.uk/pdf/rcl/02-3_24.pdf,"""Agursky Defends Barabanov,"" Religion in Communist Lands 2.3 (1974): 24. pdf","""Agursky Defends Barabanov,"" Religion in Communist Lands 2.3 (1974): 24. pdf [Reproduced by permission of the current copyright holder]",200,https://biblicalstudies.org.uk/pdf/rcl/02-3_24.pdf,application/pdf,54131,True,9e76b8761654c7814024e0a95670db4cbdf29a8614fc8b456e79677a95c02ebc
1,https://biblicalstudies.org.uk/articles_rcl_01.php,https://biblicalstudies.org.uk/pdf/rcl/02-3_25.pdf,"""Pentecostals Appeal,"" Religion in Communist Lands 2.3 (1974): 25-26. pdf","""Pentecostals Appeal,"" Religion in Communist Lands 2.3 (1974): 25-26. pdf [Reproduced by permission of the current copyright holder]",200,https://biblicalstudies.org.uk/pdf/rcl/02-3_25.pdf,application/pdf,91088,True,7997a567a5f02b71be2b45d5a26e335a909cb3e2c49d4ba9754d6070f0f2952d
1,https://biblicalstudies.org.uk/articles_rcl_01.php,https://biblicalstudies.org.uk/pdf/rcl/02-3_27.pdf,"""News From The Centre,"" Religion in Communist Lands 2.3 (1974): 27-28. pdf","""News From The Centre,"" Religion in Communist Lands 2.3 (1974): 27-28. pdf [Reproduced by permission of the current copyright holder]",200,https://biblicalstudies.org.uk/pdf/rcl/02-3_27.pdf,application/pdf,83458,True,ae9376985fdc441374400193c3fe78e6ba9cc0542e0f4ebde4bee86ccb3cb6a8
1,https://biblicalstudies.org.uk/articles_rcl_01.php,https://biblicalstudies.org.uk/pdf/rcl/02-3_28.pdf,"""Director Visits Australia and New Zealand,"" Religion in Communist Lands 2.3 (1974): 28-29. pdf","""Director Visits Australia and New Zealand,"" Religion in Communist Lands 2.3 (1974): 28-29. pdf [Reproduced by permission of the current copyright holder]",200,https://biblicalstudies.org.uk/pdf/rcl/02-3_28.pdf,application/pdf,85484,True,462207017ce104a9e24f735b3aa9babdd8d9682c057b900abb522e1db52169c1
1,https://biblicalstudies.org.uk/articles_rcl_01.php,https://biblicalstudies.org.uk/pdf/rcl/02-3_29.pdf,"Letters to the Editor, 29-30. pdf","Letters to the Editor, 29-30. pdf [Reproduced by permission of the current copyright holder]",200,https://biblicalstudies.org.uk/pdf/rcl/02-3_29.pdf,application/pdf,81427,True,5bee1cf6c13978cb1d9cfc7b28b50e1df3f16dd368c32e8e7e1260ab6173d0d6
1,https://biblicalstudies.org.uk/articles_rcl_01.php,https://biblicalstudies.org.uk/pdf/rcl/02-3_31.pdf,"News in Brief, 31-34. pdf","News in Brief, 31-34. pdf [Reproduced by permission of the current copyright holder]",200,https://biblicalstudies.org.uk/pdf/rcl/02-3_31.pdf,application/pdf,216813,True,4e1872054e6044999320d72c1ebaf6d31a39702ae4c7d30087108b0a85480c62
1,https://biblicalstudies.org.uk/articles_rcl_01.php,https://biblicalstudies.org.uk/pdf/rcl/02-3_35.pdf,"Bibliography, 35-42. pdf","Bibliography, 35-42. pdf [Reproduced by permission of the current copyright holder]",200,https://biblicalstudies.org.uk/pdf/rcl/02-3_35.pdf,application/pdf,936434,True,025aaa3245bfbf034958957409db93a3c7d074f6aaa6b94b4dff5a6f52311606
1,https://biblicalstudies.org.uk/articles_rcl_01.php,https://biblicalstudies.org.uk/pdf/rcl/02-4_5_02.pdf,"Editorial, 2-3. pdf","Editorial, 2-3. pdf [Reproduced by permission of the current copyright holder]",200,https://biblicalstudies.org.uk/pdf/rcl/02-4_5_02.pdf,application/pdf,93899,True,93daf8cc45778ad1250bdf56a4b8bb8c4157e3e3d1865a40fa7692aedae07e4c
1,https://biblicalstudies.org.uk/articles_rcl_01.php,https://biblicalstudies.org.uk/pdf/rcl/02-4_5_04.pdf,"George Schöpflin, ""Poland: Troubled Relations Between Church and State,"" Religion in Communist Lands 2.4-5 (1974): 4-7. pdf","George Schöpflin, ""Poland: Troubled Relations Between Church and State,"" Religion in Communist Lands 2.4-5 (1974): 4-7. pdf [Reproduced by permission of the current copyright holder]",200,https://biblicalstudies.org.uk/pdf/rcl/02-4_5_04.pdf,application/pdf,185453,True,98115eb2d488c82fff6208b94e5003dccb828159a92d6b719dbdfa860e17815c
1,https://biblicalstudies.org.uk/articles_rcl_01.php,https://biblicalstudies.org.uk/pdf/rcl/02-4_5_08.pdf,"Andrei Dubrov, ""Father Alexander Men,"" Religion in Communist Lands 2.4-5 (1974): 8-11. pdf","Andrei Dubrov, ""Father Alexander Men,"" Religion in Communist Lands 2.4-5 (1974): 8-11. pdf [Reproduced by permission of the current copyright holder]",200,https://biblicalstudies.org.uk/pdf/rcl/02-4_5_08.pdf,application/pdf,158903,True,d7ea3494aa9c74cec02caa6a9eb7538752772b81972c45fbea70f8c163a022a0
1,https://biblicalstudies.org.uk/articles_rcl_01.php,https://biblicalstudies.org.uk/pdf/rcl/02-4_5_12.pdf,"Helene Carrere D'Encausse, ""Islam In The Soviet Union: Attempts at Modernization,"" Religion in Communist Lands 2.4-5 (1974): 12-19. pdf","Helene Carrere D'Encausse, ""Islam In The Soviet Union: Attempts at Modernization,"" Religion in Communist Lands 2.4-5 (1974): 12-19. pdf [Reproduced by permission of the current copyright holder]",200,https://biblicalstudies.org.uk/pdf/rcl/02-4_5_12.pdf,application/pdf,350871,True,84a62d029beb046b588a5caee539fa53f98f90f299ec142cc3274c8ccf806ce4
1,https://biblicalstudies.org.uk/articles_rcl_01.php,https://biblicalstudies.org.uk/pdf/rcl/02-4_5_20.pdf,"George Patterson, ""Mao, Marxism and Christianity,"" Religion in Communist Lands 2.4-5 (1974): 20-29. pdf","George Patterson, ""Mao, Marxism and Christianity,"" Religion in Communist Lands 2.4-5 (1974): 20-29. pdf [Reproduced by permission of the current copyright holder]",200,https://biblicalstudies.org.uk/pdf/rcl/02-4_5_20.pdf,application/pdf,432430,True,6e1cfcb75c11ec41588fa4be9c72967c935ddce806e5fb70d1563e9a4f4b25be
1,https://biblicalstudies.org.uk/articles_rcl_01.php,https://biblicalstudies.org.uk/pdf/rcl/02-4_5_30.pdf,"Kenneth Prebble, ""Walter J. Cizek, S.J. & Daniel Flaherty, S.J.: He Leadeth Me ,"" Religion in Communist Lands 2.4-5 (1974): 30-31. pdf","Kenneth Prebble, ""Walter J. Cizek, S.J. & Daniel Flaherty, S.J.: He Leadeth Me ,"" Religion in Communist Lands 2.4-5 (1974): 30-31. pdf [Reproduced by permission of the current copyright holder]",200,https://biblicalstudies.org.uk/pdf/rcl/02-4_5_30.pdf,application/pdf,89068,True,37e4bf2842268439b6026426096978d836cea174e15683cbc1afbe1babc14f3a
1,https://biblicalstudies.org.uk/articles_rcl_01.php,https://biblicalstudies.org.uk/pdf/rcl/02-4_5_31.pdf,"Kathleen Matchett, ""David Benson: Miracle in Moscow ; Myrna Grant: Vanya ,"" Religion in Communist Lands 2.4-5 (1974): 31-32. pdf","Kathleen Matchett, ""David Benson: Miracle in Moscow ; Myrna Grant: Vanya ,"" Religion in Communist Lands 2.4-5 (1974): 31-32. pdf [Reproduced by permission of the current copyright holder]",200,https://biblicalstudies.org.uk/pdf/rcl/02-4_5_31.pdf,application/pdf,90398,True,194f81b5183a15f3dd8c1e51f36edd470f25a1516d66626e9d466049fd9de7ce
1,https://biblicalstudies.org.uk/articles_rcl_01.php,https://biblicalstudies.org.uk/pdf/rcl/02-4_5_32.pdf,"Andrew Blane, ""Gerhard Simon: Church And Opposition in the USSR,"" Religion in Communist Lands 2.4-5 (1974): 32-35. pdf","Andrew Blane, ""Gerhard Simon: Church And Opposition in the USSR,"" Religion in Communist Lands 2.4-5 (1974): 32-35. pdf [Reproduced by permission of the current copyright holder]",200,https://biblicalstudies.org.uk/pdf/rcl/02-4_5_32.pdf,application/pdf,189406,True,5a09c11a3cbdd059469499e067158cac8e5036ed0077226b41667e25679d7f75
1,https://biblicalstudies.org.uk/articles_rcl_01.php,https://biblicalstudies.org.uk/pdf/rcl/02-4_5_36.pdf,"""Declaration From Romanian Baptist,"" Religion in Communist Lands 2.4-5 (1974): 36-37. pdf","""Declaration From Romanian Baptist,"" Religion in Communist Lands 2.4-5 (1974): 36-37. pdf [Reproduced by permission of the current copyright holder]",200,https://biblicalstudies.org.uk/pdf/rcl/02-4_5_36.pdf,application/pdf,103438,True,f8d4ab7f0e0763a57a933a0a88d0ed026cdbe67420495c05b50620bfe05975d6
1,https://biblicalstudies.org.uk/articles_rcl_01.php,https://biblicalstudies.org.uk/pdf/rcl/02-4_5_37.pdf,"""Arrest of Russian Baptist Leader,"" Religion in Communist Lands 2.4-5 (1974): 37-38. pdf","""Arrest of Russian Baptist Leader,"" Religion in Communist Lands 2.4-5 (1974): 37-38. pdf [Reproduced by permission of the current copyright holder]",200,https://biblicalstudies.org.uk/pdf/rcl/02-4_5_37.pdf,application/pdf,92902,True,6ec277c0189e9a00b76dd20c9c3125801399ad51045eda903d6da0a6c4e1838d
1,https://biblicalstudies.org.uk/articles_rcl_01.php,https://biblicalstudies.org.uk/pdf/rcl/02-4_5_39.pdf,"""Lithuanian Catholic Chronicle,"" Religion in Communist Lands 2.4-5 (1974): 39-42. pdf","""Lithuanian Catholic Chronicle,"" Religion in Communist Lands 2.4-5 (1974): 39-42. pdf [Reproduced by permission of the current copyright holder]",200,https://biblicalstudies.org.uk/pdf/rcl/02-4_5_39.pdf,application/pdf,197195,True,3a94615082cb5a2e64c5f86a33e5d914011b379f2c5e7b5ba81507c0bc3256c7
1,https://biblicalstudies.org.uk/articles_rcl_01.php,https://biblicalstudies.org.uk/pdf/rcl/02-4_5_42.pdf,"""Soviet Propaganda Against Islam,"" Religion in Communist Lands 2.4-5 (1974): 42-43. pdf","""Soviet Propaganda Against Islam,"" Religion in Communist Lands 2.4-5 (1974): 42-43. pdf [Reproduced by permission of the current copyright holder]",200,https://biblicalstudies.org.uk/pdf/rcl/02-4_5_42.pdf,application/pdf,97867,True,78bf45196c4bbb6d690c790a28a14d87e141ed418324280e8e975eba5d547fc4
1,https://biblicalstudies.org.uk/articles_rcl_01.php,https://biblicalstudies.org.uk/pdf/rcl/02-4_5_43.pdf,"""A Muslim's Identity,"" Religion in Communist Lands 2.4-5 (1974): 43-44. pdf","""A Muslim's Identity,"" Religion in Communist Lands 2.4-5 (1974): 43-44. pdf [Reproduced by permission of the current copyright holder]",200,https://biblicalstudies.org.uk/pdf/rcl/02-4_5_43.pdf,application/pdf,105583,True,97af4688c8bbe254577ec07f4e053f020d90fbcebe338b3fecb0871a246ca285
1,https://biblicalstudies.org.uk/articles_rcl_01.php,https://biblicalstudies.org.uk/pdf/rcl/02-4_5_44.pdf,"""Sociologist Studies Islam,"" Religion in Communist Lands 2.4-5 (1974): 44-48. pdf","""Sociologist Studies Islam,"" Religion in Communist Lands 2.4-5 (1974): 44-48. pdf [Reproduced by permission of the current copyright holder]",200,https://biblicalstudies.org.uk/pdf/rcl/02-4_5_44.pdf,application/pdf,243130,True,b1f02d332c8eb17bc6ca3b4fd7fbaea275e7d2372bbd2133462a6a6d5d84f9e9
1,https://biblicalstudies.org.uk/articles_rcl_01.php,https://biblicalstudies.org.uk/pdf/rcl/02-4_5_49.pdf,"News from the Centre, 49-51. pdf","News from the Centre, 49-51. pdf [Reproduced by permission of the current copyright holder]",200,https://biblicalstudies.org.uk/pdf/rcl/02-4_5_49.pdf,application/pdf,98771,True,4cb6889cff4050d01c84158301ca2985b5e3b981b4f943c55731bdc3fae4e749
1,https://biblicalstudies.org.uk/articles_rcl_01.php,https://biblicalstudies.org.uk/pdf/rcl/02-4_5_52.pdf,"Letters to the Editor, 52-53. pdf","Letters to the Editor, 52-53. pdf [Reproduced by permission of the current copyright holder]",200,https://biblicalstudies.org.uk/pdf/rcl/02-4_5_52.pdf,application/pdf,79521,True,0af50ae3352fb444a5b4fdb5925c76b70470f49cfe41ecfd8051b07ea0337146
1,https://biblicalstudies.org.uk/articles_rcl_01.php,https://biblicalstudies.org.uk/pdf/rcl/02-4_5_54.pdf,"News in Brief, 54-58. pdf","News in Brief, 54-58. pdf [Reproduced by permission of the current copyright holder]",200,https://biblicalstudies.org.uk/pdf/rcl/02-4_5_54.pdf,application/pdf,257652,True,8e5fcb6055a972c82b42d09c56592a48f84a5fdf415e89759d55cb876d8f923f
1,https://biblicalstudies.org.uk/articles_rcl_01.php,https://biblicalstudies.org.uk/pdf/rcl/02-4_5_59.pdf,"Bibliography, 59-66. pdf","Bibliography, 59-66. pdf [Reproduced by permission of the current copyright holder]",200,https://biblicalstudies.org.uk/pdf/rcl/02-4_5_59.pdf,application/pdf,940609,True,31d20226757e38e07e02a77abe529413e23dc06f3e635001bb24a9a2e7ce8c04
1,https://biblicalstudies.org.uk/articles_rcl_01.php,https://biblicalstudies.org.uk/pdf/rcl/02-6_02.pdf,"Editorial, 2-3. pdf","Editorial, 2-3. pdf [Reproduced by permission of the current copyright holder]",200,https://biblicalstudies.org.uk/pdf/rcl/02-6_02.pdf,application/pdf,83203,True,899bd80eab7f9ec681d74bccc9f12565d5982567f66cca3bd39615f1af1d6175
1,https://biblicalstudies.org.uk/articles_rcl_01.php,https://biblicalstudies.org.uk/pdf/rcl/02-6_04.pdf,"Janis Sapiets, ""Buddhists Struggle For Survival in the USSR,"" Religion in Communist Lands 2.6 (1974): 4-7. pdf","Janis Sapiets, ""Buddhists Struggle For Survival in the USSR,"" Religion in Communist Lands 2.6 (1974): 4-7. pdf [Reproduced by permission of the current copyright holder]",200,https://biblicalstudies.org.uk/pdf/rcl/02-6_04.pdf,application/pdf,154457,True,3e53dd95d3fe088b959367e2753048901f2f78c863a70453dfe8de768d8182d5
1,https://biblicalstudies.org.uk/articles_rcl_01.php,https://biblicalstudies.org.uk/pdf/rcl/02-6_08.pdf,"Christopher Cviic, ""Coexistence Between Church and State in Yugoslavia?"" Religion in Communist Lands 2.6 (1974): 8-12. pdf","Christopher Cviic, ""Coexistence Between Church and State in Yugoslavia?"" Religion in Communist Lands 2.6 (1974): 8-12. pdf [Reproduced by permission of the current copyright holder]",200,https://biblicalstudies.org.uk/pdf/rcl/02-6_08.pdf,application/pdf,234543,True,ee84064226fda9cdbf5c65576f344cb7412bf3b4122f14f163b83ccb07c03b9c
1,https://biblicalstudies.org.uk/articles_rcl_01.php,https://biblicalstudies.org.uk/pdf/rcl/02-6_13.pdf,"Kathleen Matchett, ""Trends In Soviet Anti-Religious Policy,"" Religion in Communist Lands 2.6 (1974): 13-17. pdf","Kathleen Matchett, ""Trends In Soviet Anti-Religious Policy,"" Religion in Communist Lands 2.6 (1974): 13-17. pdf [Reproduced by permission of the current copyright holder]",200,https://biblicalstudies.org.uk/pdf/rcl/02-6_13.pdf,application/pdf,226416,True,12fa41201db4b3185a9802d72c94c328f8137b9d43a72114d95b2efeb08471ac
1,https://biblicalstudies.org.uk/articles_rcl_01.php,https://biblicalstudies.org.uk/pdf/rcl/02-6_18.pdf,"""On Taking Monastic Vows,"" Religion in Communist Lands 2.6 (1974): 18-22. pdf","""On Taking Monastic Vows,"" Religion in Communist Lands 2.6 (1974): 18-22. pdf [Reproduced by permission of the current copyright holder]",200,https://biblicalstudies.org.uk/pdf/rcl/02-6_18.pdf,application/pdf,266997,True,46dc13f5af347454d5bd32f0dae9a3f78710364256e84b31cb27f9b1fefd5387
1,https://biblicalstudies.org.uk/articles_rcl_01.php,https://biblicalstudies.org.uk/pdf/rcl/02-6_22.pdf,"""Sakharov Appeals for Vins,"" Religion in Communist Lands 2.6 (1974): 22-23. pdf","""Sakharov Appeals for Vins,"" Religion in Communist Lands 2.6 (1974): 22-23. pdf [Reproduced by permission of the current copyright holder]",200,https://biblicalstudies.org.uk/pdf/rcl/02-6_22.pdf,application/pdf,104618,True,e75c0024a5cc3095803bd8684571fcfa61e6dad24f3dcca9ef14d8b69114dff0
1,https://biblicalstudies.org.uk/articles_rcl_01.php,https://biblicalstudies.org.uk/pdf/rcl/02-6_23.pdf,"""Pastor Vins in Prison,"" Religion in Communist Lands 2.6 (1974): 23-25. pdf","""Pastor Vins in Prison,"" Religion in Communist Lands 2.6 (1974): 23-25. pdf [Reproduced by permission of the current copyright holder]",200,https://biblicalstudies.org.uk/pdf/rcl/02-6_23.pdf,application/pdf,146522,True,c6673a4f09120637033c527e83e57862492495cd01b4c457382a8728d61295e5
1,https://biblicalstudies.org.uk/articles_rcl_01.php,https://biblicalstudies.org.uk/pdf/rcl/02-6_26.pdf,"""News from Keston College,"" Religion in Communist Lands 2.6 (1974): 26-28. pdf","""News from Keston College,"" Religion in Communist Lands 2.6 (1974): 26-28. pdf [Reproduced by permission of the current copyright holder]",200,https://biblicalstudies.org.uk/pdf/rcl/02-6_26.pdf,application/pdf,122016,True,84d68e2483248eda9628237edfb463363eb44945cf6a15b80e4db8e0254934cb
1,https://biblicalstudies.org.uk/articles_rcl_01.php,https://biblicalstudies.org.uk/pdf/rcl/02-6_28.pdf,"""Staff Member Bids Farewell,"" Religion in Communist Lands 2.6 (1974): 28-29. pdf","""Staff Member Bids Farewell,"" Religion in Communist Lands 2.6 (1974): 28-29. pdf [Reproduced by permission of the current copyright holder]",200,https://biblicalstudies.org.uk/pdf/rcl/02-6_28.pdf,application/pdf,88465,True,ac27aa2a2375a0b3f29ed6cc1916e731ba0b65103df09aa8005b879735bf43c3
1,https://biblicalstudies.org.uk/articles_rcl_01.php,https://biblicalstudies.org.uk/pdf/rcl/02-6_29.pdf,"""Conference: 'The Church in East Europe',"" Religion in Communist Lands 2.6 (1974): 29-30. pdf","""Conference: 'The Church in East Europe',"" Religion in Communist Lands 2.6 (1974): 29-30. pdf [Reproduced by permission of the current copyright holder]",200,https://biblicalstudies.org.uk/pdf/rcl/02-6_29.pdf,application/pdf,89163,True,dfb2ec25542b3daf99c12f7b124562c8a6a1582aee45d08bd74807c480fb7929
1,https://biblicalstudies.org.uk/articles_rcl_01.php,https://biblicalstudies.org.uk/pdf/rcl/02-6_31.pdf,"News in Brief, 31-33. pdf","News in Brief, 31-33. pdf [Reproduced by permission of the current copyright holder]",200,https://biblicalstudies.org.uk/pdf/rcl/02-6_31.pdf,application/pdf,162361,True,641f7e10047d8b8c1bea4bdf6b892fc2e385114c5e0d6fb8bf3c729cc9ab5c52
1,https://biblicalstudies.org.uk/articles_rcl_01.php,https://biblicalstudies.org.uk/pdf/rcl/02-6_34.pdf,"Bibliography, 34-42. pdf","Bibliography, 34-42. pdf [Reproduced by permission of the current copyright holder]",200,https://biblicalstudies.org.uk/pdf/rcl/02-6_34.pdf,application/pdf,1017589,True,8c3f124c5f57351b0e772fb60fdb554d044ea3d0f491ba850b36a805d3ec0200
1,https://biblicalstudies.org.uk/articles_rcl_01.php,https://biblicalstudies.org.uk/pdf/rcl/03-1_3_02.pdf,"Editorial, 2-3. pdf","Editorial, 2-3. pdf [Reproduced by permission of the current copyright holder]",200,https://biblicalstudies.org.uk/pdf/rcl/03-1_3_02.pdf,application/pdf,88602,True,35412fbab886e1baa94aa535d69d93977370f02aedd31ba417a686901c69b89d
1,https://biblicalstudies.org.uk/articles_rcl_01.php,https://biblicalstudies.org.uk/pdf/rcl/03-1_3_04.pdf,"Berhard Tönnes, ""Albania: The Athiest State,"" Religion in Communist Lands 3.1-3 (1975): 4-7. pdf","Berhard Tönnes, ""Albania: The Athiest State,"" Religion in Communist Lands 3.1-3 (1975): 4-7. pdf [Reproduced by permission of the current copyright holder]",200,https://biblicalstudies.org.uk/pdf/rcl/03-1_3_04.pdf,application/pdf,178100,True,a1b8659e1078f1707bb62c3ef133e598224b3b9f4c0fae6a301750979d30be3f
1,https://biblicalstudies.org.uk/articles_rcl_01.php,https://biblicalstudies.org.uk/pdf/rcl/03-1_3_08.pdf,"Christopher Read, ""Soviet Roman Catholics,"" Religion in Communist Lands 3.1-3 (1975): 8-11. pdf","Christopher Read, ""Soviet Roman Catholics,"" Religion in Communist Lands 3.1-3 (1975): 8-11. pdf [Reproduced by permission of the current copyright holder]",200,https://biblicalstudies.org.uk/pdf/rcl/03-1_3_08.pdf,application/pdf,184395,True,2746d1e0708ba0383af58ee3a76f400c6644c65c132dafa9c99f1cb621fc557f
1,https://biblicalstudies.org.uk/articles_rcl_01.php,https://biblicalstudies.org.uk/pdf/rcl/03-1_3_12.pdf,"Walter Sawatsky, ""Russian Evangelicals Hold a Congress,"" Religion in Communist Lands 3.1-3 (1975): 12-15. pdf","Walter Sawatsky, ""Russian Evangelicals Hold a Congress,"" Religion in Communist Lands 3.1-3 (1975): 12-15. pdf [Reproduced by permission of the current copyright holder]",200,https://biblicalstudies.org.uk/pdf/rcl/03-1_3_12.pdf,application/pdf,188286,True,08cfb7fc30b1d0518163f037aaaffef4ae2d545b0e30be429abf58f1aff14a23
1,https://biblicalstudies.org.uk/articles_rcl_01.php,https://biblicalstudies.org.uk/pdf/rcl/03-1_3_16.pdf,"Michael Rowe, ""Pentecostal Documents from the USSR,"" Religion in Communist Lands 3.1-3 (1975): 16-18. pdf","Michael Rowe, ""Pentecostal Documents from the USSR,"" Religion in Communist Lands 3.1-3 (1975): 16-18. pdf [Reproduced by permission of the current copyright holder]",200,https://biblicalstudies.org.uk/pdf/rcl/03-1_3_16.pdf,application/pdf,135943,True,850b87e0c3a6cdc00a870476a92842735bd2970469730e3c026dbcd44d1665c7
1,https://biblicalstudies.org.uk/articles_rcl_01.php,https://biblicalstudies.org.uk/pdf/rcl/03-1_3_19.pdf,"Martin Dewhirst, ""V. Maksinov: Karantin ,"" Religion in Communist Lands 3.1-3 (1975): 19-20. pdf","Martin Dewhirst, ""V. Maksinov: Karantin ,"" Religion in Communist Lands 3.1-3 (1975): 19-20. pdf [Reproduced by permission of the current copyright holder]",200,https://biblicalstudies.org.uk/pdf/rcl/03-1_3_19.pdf,application/pdf,93592,True,bc51c91a1a45265775e560bbe0527bc9d496049f559f1c7ac9d10774425b96f8
1,https://biblicalstudies.org.uk/articles_rcl_01.php,https://biblicalstudies.org.uk/pdf/rcl/03-1_3_20.pdf,"George Patterson, ""Dawa Norbu: Red Star Over Tibet ,"" Religion in Communist Lands 3.1-3 (1975): 20-22. pdf","George Patterson, ""Dawa Norbu: Red Star Over Tibet ,"" Religion in Communist Lands 3.1-3 (1975): 20-22. pdf [Reproduced by permission of the current copyright holder]",200,https://biblicalstudies.org.uk/pdf/rcl/03-1_3_20.pdf,application/pdf,90848,True,6eb920f34dca6d03185cc577485d1ae82653df2327d97cd0048007eb7ba885d1
1,https://biblicalstudies.org.uk/articles_rcl_01.php,https://biblicalstudies.org.uk/pdf/rcl/03-1_3_22.pdf,"Janice Brown, "" La Repressione Culturale in Lithiania ,"" Religion in Communist Lands 3.1-3 (1975): 22. pdf","Janice Brown, "" La Repressione Culturale in Lithiania ,"" Religion in Communist Lands 3.1-3 (1975): 22. pdf [Reproduced by permission of the current copyright holder]",200,https://biblicalstudies.org.uk/pdf/rcl/03-1_3_22.pdf,application/pdf,52977,True,cfec2c7b0bca373d9a467cf837af23082d24bf25697a2e60d8fa94238673af64
1,https://biblicalstudies.org.uk/articles_rcl_01.php,https://biblicalstudies.org.uk/pdf/rcl/03-1_3_23.pdf,"""Anti-Religious Campain in Albania,"" Religion in Communist Lands 3.1-3 (1975): 23. pdf","""Anti-Religious Campain in Albania,"" Religion in Communist Lands 3.1-3 (1975): 23. pdf [Reproduced by permission of the current copyright holder]",200,https://biblicalstudies.org.uk/pdf/rcl/03-1_3_23.pdf,application/pdf,53534,True,ec859899657665704d9b1e2fe40ebe97c8cb51e313f2a4bba11092e2734f284d
1,https://biblicalstudies.org.uk/articles_rcl_01.php,https://biblicalstudies.org.uk/pdf/rcl/03-1_3_24.pdf,"""Statement by Metropolitan Yuvenaly,"" Religion in Communist Lands 3.1-3 (1975): 24-25. pdf","""Statement by Metropolitan Yuvenaly,"" Religion in Communist Lands 3.1-3 (1975): 24-25. pdf [Reproduced by permission of the current copyright holder]",200,https://biblicalstudies.org.uk/pdf/rcl/03-1_3_24.pdf,application/pdf,110907,True,eaa62c6d006f9e9317e07ad45921e60e788f9e4c831603dde184b3b752d91bf5
1,https://biblicalstudies.org.uk/articles_rcl_01.php,https://biblicalstudies.org.uk/pdf/rcl/03-1_3_25.pdf,"""Harassment of Pentecostals,"" Religion in Communist Lands 3.1-3 (1975): 25-28. pdf","""Harassment of Pentecostals,"" Religion in Communist Lands 3.1-3 (1975): 25-28. pdf [Reproduced by permission of the current copyright holder]",200,https://biblicalstudies.org.uk/pdf/rcl/03-1_3_25.pdf,application/pdf,221351,True,00f0abe8218eb6aee52ec5704fdf41a67335c77a0a0ccb26d21fc7099a9bbdc5
1,https://biblicalstudies.org.uk/articles_rcl_01.php,https://biblicalstudies.org.uk/pdf/rcl/03-1_3_29.pdf,"""Arrest of Ivan Fedotov,"" Religion in Communist Lands 3.1-3 (1975): 29-30. pdf","""Arrest of Ivan Fedotov,"" Religion in Communist Lands 3.1-3 (1975): 29-30. pdf [Reproduced by permission of the current copyright holder]",200,https://biblicalstudies.org.uk/pdf/rcl/03-1_3_29.pdf,application/pdf,103675,True,e89897a25364583100c0827cf09004b22a44b71c02042d551dcc32fc83759b57
1,https://biblicalstudies.org.uk/articles_rcl_01.php,https://biblicalstudies.org.uk/pdf/rcl/03-1_3_31.pdf,"""News from Keston College,"" Religion in Communist Lands 3.1-3 (1975): 31-32. pdf","""News from Keston College,"" Religion in Communist Lands 3.1-3 (1975): 31-32. pdf [Reproduced by permission of the current copyright holder]",200,https://biblicalstudies.org.uk/pdf/rcl/03-1_3_31.pdf,application/pdf,79421,True,5be97d8ee66fc18a4ffff80e18737cda72b78b94c47191ccd66cb69ca9493374
1,https://biblicalstudies.org.uk/articles_rcl_01.php,https://biblicalstudies.org.uk/pdf/rcl/03-1_3_32.pdf,"""Director's Visit to Russia,"" Religion in Communist Lands 3.1-3 (1975): 32-35. pdf","""Director's Visit to Russia,"" Religion in Communist Lands 3.1-3 (1975): 32-35. pdf [Reproduced by permission of the current copyright holder]",200,https://biblicalstudies.org.uk/pdf/rcl/03-1_3_32.pdf,application/pdf,185706,True,81aac2bbbb21111f54af652d7700032a5ccf8986f74da2843d4e35adacb73c2c
1,https://biblicalstudies.org.uk/articles_rcl_01.php,https://biblicalstudies.org.uk/pdf/rcl/03-1_3_36.pdf,"News in Brief, 36-39. pdf","News in Brief, 36-39. pdf [Reproduced by permission of the current copyright holder]",200,https://biblicalstudies.org.uk/pdf/rcl/03-1_3_36.pdf,application/pdf,203238,True,568e9a584289b6df0086e47b943fe8d5ba4b177a0996ecaebfb6853d8e0c9957
1,https://biblicalstudies.org.uk/articles_rcl_01.php,https://biblicalstudies.org.uk/pdf/rcl/03-1_3_40.pdf,"Bibliography, 40-49. pdf","Bibliography, 40-49. pdf [Reproduced by permission of the current copyright holder]",200,https://biblicalstudies.org.uk/pdf/rcl/03-1_3_40.pdf,application/pdf,770015,True,9cf7510e3efc19430302b1f055b045a4a76b9fe6119e93d3650dfb5ef7b16dd2
1,https://biblicalstudies.org.uk/articles_rcl_01.php,https://biblicalstudies.org.uk/pdf/rcl/03-4_5_02.pdf,"Editorial, 2-3. pdf","Editorial, 2-3. pdf [Reproduced by permission of the current copyright holder]",200,https://biblicalstudies.org.uk/pdf/rcl/03-4_5_02.pdf,application/pdf,100267,True,6f49dfb6e3702a5ec808b80a0e239db6fdcf701fd9bdb401e877ad468daa4baa
1,https://biblicalstudies.org.uk/articles_rcl_01.php,https://biblicalstudies.org.uk/pdf/rcl/03-4_5_04.pdf,"Walter Sawatsky, ""
              Bible Work In Eastern Europe Since 1945 (Part I),"" Religion in Communist Lands 3.4-5 (1975): 4-10. pdf","Walter Sawatsky, ""
              Bible Work In Eastern Europe Since 1945 (Part I),"" Religion in Communist Lands 3.4-5 (1975): 4-10. pdf [Reproduced by permission of the current copyright holder]",200,https://biblicalstudies.org.uk/pdf/rcl/03-4_5_04.pdf,application/pdf,298556,True,db5685402d1ad2a3f7d9a09ecc826a8fe19d9c4ac953f4ab0e4c70324b8b430b
1,https://biblicalstudies.org.uk/articles_rcl_01.php,https://biblicalstudies.org.uk/pdf/rcl/03-4_5_11.pdf,"Marite Sapiets, ""Lithuanian Catholics on Trial,"" Religion in Communist Lands 3.4-5 (1975): 11-13. pdf","Marite Sapiets, ""Lithuanian Catholics on Trial,"" Religion in Communist Lands 3.4-5 (1975): 11-13. pdf [Reproduced by permission of the current copyright holder]",200,https://biblicalstudies.org.uk/pdf/rcl/03-4_5_11.pdf,application/pdf,128327,True,983d2987eaa21f2aafee6138c91a09762c6c2e9ce128e8bacb1a99db7f67f9dd
1,https://biblicalstudies.org.uk/articles_rcl_01.php,https://biblicalstudies.org.uk/pdf/rcl/03-4_5_14.pdf,"Peter Reddaway, ""The Georgian Orthodox Church : Corruption and Renewal,"" Religion in Communist Lands 3.4-5 (1975): 14-23. pdf","Peter Reddaway, ""The Georgian Orthodox Church : Corruption and Renewal,"" Religion in Communist Lands 3.4-5 (1975): 14-23. pdf [Reproduced by permission of the current copyright holder]",200,https://biblicalstudies.org.uk/pdf/rcl/03-4_5_14.pdf,application/pdf,456503,True,15cf06cc04ed2c002be24bfad4d19abf8f49162aa39b18e8783d1c300949fc36
1,https://biblicalstudies.org.uk/articles_rcl_01.php,https://biblicalstudies.org.uk/pdf/rcl/03-4_5_24.pdf,"Trevor Beeson, ""Bohdan R. Bociurkiw and John W. Strong: Religion and Atheism in the Ussr and Eastern Europe ,"" Religion in Communist Lands 3.4-5 (1975): 24-26. pdf","Trevor Beeson, ""Bohdan R. Bociurkiw and John W. Strong: Religion and Atheism in the Ussr and Eastern Europe ,"" Religion in Communist Lands 3.4-5 (1975): 24-26. pdf [Reproduced by permission of the current copyright holder]",200,https://biblicalstudies.org.uk/pdf/rcl/03-4_5_24.pdf,application/pdf,124548,True,b83f9b4b0f242a55b2c325288ae4263969106a935deb5143deb0520447205026
1,https://biblicalstudies.org.uk/articles_rcl_01.php,https://biblicalstudies.org.uk/pdf/rcl/03-4_5_26.pdf,"Janice Broun, ""Brother Andrew: The Ethics of Smuggling ; David Hathaway: Czech Mate ,"" Religion in Communist Lands 3.4-5 (1975): 26-27. pdf","Janice Broun, ""Brother Andrew: The Ethics of Smuggling ; David Hathaway: Czech Mate ,"" Religion in Communist Lands 3.4-5 (1975): 26-27. pdf [Reproduced by permission of the current copyright holder]",200,https://biblicalstudies.org.uk/pdf/rcl/03-4_5_26.pdf,application/pdf,96877,True,360b840f1f80afeec926ff540016eb27b918710e724f315482e44b61ffd849ad
1,https://biblicalstudies.org.uk/articles_rcl_01.php,https://biblicalstudies.org.uk/pdf/rcl/03-4_5_28.pdf,"""Pentecostalist and Baptist Leader Interviewed Christianity Among Soviet Jews,"" Religion in Communist Lands 3.4-5 (1975): 28-31. pdf","""Pentecostalist and Baptist Leader Interviewed Christianity Among Soviet Jews,"" Religion in Communist Lands 3.4-5 (1975): 28-31. pdf [Reproduced by permission of the current copyright holder]",200,https://biblicalstudies.org.uk/pdf/rcl/03-4_5_28.pdf,application/pdf,159207,True,10bbcf76ed976561977b7c1b3c83f66dc41bc508be90c13d757586f23d03c62c
1,https://biblicalstudies.org.uk/articles_rcl_01.php,https://biblicalstudies.org.uk/pdf/rcl/03-4_5_31.pdf,"""Christianity among Soviet Jews,"" Religion in Communist Lands 3.4-5 (1975): 31-32. pdf","""Christianity among Soviet Jews,"" Religion in Communist Lands 3.4-5 (1975): 31-32. pdf [Reproduced by permission of the current copyright holder]",200,https://biblicalstudies.org.uk/pdf/rcl/03-4_5_31.pdf,application/pdf,110327,True,9dda2c7c2636e23db03992bd450473b332eaf99a45c48fa8c9f61177e8f3992b
1,https://biblicalstudies.org.uk/articles_rcl_01.php,https://biblicalstudies.org.uk/pdf/rcl/03-4_5_33.pdf,"""A Mother Has Her Child Taken Away,"" Religion in Communist Lands 3.4-5 (1975): 33-34. pdf","""A Mother Has Her Child Taken Away,"" Religion in Communist Lands 3.4-5 (1975): 33-34. pdf [Reproduced by permission of the current copyright holder]",200,https://biblicalstudies.org.uk/pdf/rcl/03-4_5_33.pdf,application/pdf,102538,True,e56551e26ce67f75fde7a0205473d8087bf82b99e05cbc64b081fe7169cd77b5
1,https://biblicalstudies.org.uk/articles_rcl_01.php,https://biblicalstudies.org.uk/pdf/rcl/03-4_5_34.pdf,"""The Holy Trinity In Russian Spirituality,"" Religion in Communist Lands 3.4-5 (1975): 34-41. pdf","""The Holy Trinity In Russian Spirituality,"" Religion in Communist Lands 3.4-5 (1975): 34-41. pdf [Reproduced by permission of the current copyright holder]",200,https://biblicalstudies.org.uk/pdf/rcl/03-4_5_34.pdf,application/pdf,463591,True,d9d482c221e2f32a351ec12d57fd641bb6ce1640e4faef7733a25023bcd014b7
1,https://biblicalstudies.org.uk/articles_rcl_01.php,https://biblicalstudies.org.uk/pdf/rcl/03-4_5_42.pdf,"Michael Bourdeaux, ""News From Keston College,"" Religion in Communist Lands 3.4-5 (1975): 42-43. pdf","Michael Bourdeaux, ""News From Keston College,"" Religion in Communist Lands 3.4-5 (1975): 42-43. pdf [Reproduced by permission of the current copyright holder]",200,https://biblicalstudies.org.uk/pdf/rcl/03-4_5_42.pdf,application/pdf,87973,True,d0e0ac1c3991be8dd4e0b7b84205ebbd61e046dd8c14c2eb75587e0dfd9dd27e
1,https://biblicalstudies.org.uk/articles_rcl_01.php,https://biblicalstudies.org.uk/pdf/rcl/03-4_5_43.pdf,"Jane Ellis, ""Religious Broadcasting Into The Soviet Union,"" Religion in Communist Lands 3.4-5 (1975): 43-48. pdf","Jane Ellis, ""Religious Broadcasting Into The Soviet Union,"" Religion in Communist Lands 3.4-5 (1975): 43-48. pdf [Reproduced by permission of the current copyright holder]",200,https://biblicalstudies.org.uk/pdf/rcl/03-4_5_43.pdf,application/pdf,241934,True,a68936c49a77b3c49716b908c60aa04dec69f15605c1261eb765cde8af2519cf
1,https://biblicalstudies.org.uk/articles_rcl_01.php,https://biblicalstudies.org.uk/pdf/rcl/03-4_5_49.pdf,"News in Brief, 49-52. pdf","News in Brief, 49-52. pdf [Reproduced by permission of the current copyright holder]",200,https://biblicalstudies.org.uk/pdf/rcl/03-4_5_49.pdf,application/pdf,209629,True,b48a1b7384863fd17291bbe49effa190095ad9f0832e6e9e38136c29f841b622
1,https://biblicalstudies.org.uk/articles_rcl_01.php,https://biblicalstudies.org.uk/pdf/rcl/03-4_5_53.pdf,"Bibliography, 53-66. pdf","Bibliography, 53-66. pdf [Reproduced by permission of the current copyright holder]",200,https://biblicalstudies.org.uk/pdf/rcl/03-4_5_53.pdf,application/pdf,1226371,True,de347bd7fbd4e43caba0c051b7ec1263ac18e664e78f72646d575bd381d99244
1,https://biblicalstudies.org.uk/articles_rcl_01.php,https://biblicalstudies.org.uk/pdf/rcl/03-6_02.pdf,"Editorial, 2-3. pdf","Editorial, 2-3. pdf [Reproduced by permission of the current copyright holder]",200,https://biblicalstudies.org.uk/pdf/rcl/03-6_02.pdf,application/pdf,48984,True,79a402f5464fb463d8186433fe224be9b756fd6c37b4247089c6d5a173e1f50b
1,https://biblicalstudies.org.uk/articles_rcl_01.php,https://biblicalstudies.org.uk/pdf/rcl/03-6_04.pdf,"Walter Sawatsky, ""Bible Work In Eastern Europe Since 1945 (Part 2),"" Religion in Communist Lands 3.6 (1975): 4-14. pdf","Walter Sawatsky, ""Bible Work In Eastern Europe Since 1945 (Part 2),"" Religion in Communist Lands 3.6 (1975): 4-14. pdf [Reproduced by permission of the current copyright holder]",200,https://biblicalstudies.org.uk/pdf/rcl/03-6_04.pdf,application/pdf,423809,True,3038f627fd360144849dd22a41aa3013fed9e72f206be2f8efdf4b0d47e1b398
1,https://biblicalstudies.org.uk/articles_rcl_01.php,https://biblicalstudies.org.uk/pdf/rcl/03-6_15.pdf,"Alan Scarfe, ""The Evangelical Wing of the Orthodox Church in Romania,"" Religion in Communist Lands 3.6 (1975): 15-19. pdf","Alan Scarfe, ""The Evangelical Wing of the Orthodox Church in Romania,"" Religion in Communist Lands 3.6 (1975): 15-19. pdf [Reproduced by permission of the current copyright holder]",200,https://biblicalstudies.org.uk/pdf/rcl/03-6_15.pdf,application/pdf,213374,True,f0217f9241e70eeffbaa81049a749c963f52fae8f7656ff6aac759db2dc5ac74
1,https://biblicalstudies.org.uk/articles_rcl_01.php,https://biblicalstudies.org.uk/pdf/rcl/03-6_20.pdf,"Julian Birch, ""The ""Initsiativniki"" of the Ukraine,"" Religion in Communist Lands 3.6 (1975): 20-24. pdf","Julian Birch, ""The ""Initsiativniki"" of the Ukraine,"" Religion in Communist Lands 3.6 (1975): 20-24. pdf [Reproduced by permission of the current copyright holder]",200,https://biblicalstudies.org.uk/pdf/rcl/03-6_20.pdf,application/pdf,221901,True,e48eb9e67e8a158f22250aab332886b984780c14c46205786367032f76765060
1,https://biblicalstudies.org.uk/articles_rcl_01.php,https://biblicalstudies.org.uk/pdf/rcl/03-6_25.pdf,"George Schöpflin, ""Cardinal Mindszenty: Memoirs ,"" Religion in Communist Lands 3.6 (1975): 25. pdf","George Schöpflin, ""Cardinal Mindszenty: Memoirs ,"" Religion in Communist Lands 3.6 (1975): 25. pdf [Reproduced by permission of the current copyright holder]",200,https://biblicalstudies.org.uk/pdf/rcl/03-6_25.pdf,application/pdf,43400,True,6d8d6982d55d810f497880762a94fb2215f0530d627a92a242cd09cc81139368
1,https://biblicalstudies.org.uk/articles_rcl_01.php,https://biblicalstudies.org.uk/pdf/rcl/03-6_26.pdf,"Stuart Robertson, ""John Dunlop: Staretz Amvrosy ,"" Religion in Communist Lands 3.6 (1975): 26-27. pdf","Stuart Robertson, ""John Dunlop: Staretz Amvrosy ,"" Religion in Communist Lands 3.6 (1975): 26-27. pdf [Reproduced by permission of the current copyright holder]",200,https://biblicalstudies.org.uk/pdf/rcl/03-6_26.pdf,application/pdf,46040,True,48d35f1b49af9b60f5fdb52814f2fd29f61404c07d5e7857feb5fa680720db37
1,https://biblicalstudies.org.uk/articles_rcl_01.php,https://biblicalstudies.org.uk/pdf/rcl/03-6_27.pdf,"Bernard Pierau, ""Hans Brandenburg: Christen Im Schatten Der Macht ,"" Religion in Communist Lands 3.6 (1975): 27. pdf","Bernard Pierau, ""Hans Brandenburg: Christen Im Schatten Der Macht ,"" Religion in Communist Lands 3.6 (1975): 27. pdf [Reproduced by permission of the current copyright holder]",200,https://biblicalstudies.org.uk/pdf/rcl/03-6_27.pdf,application/pdf,50052,True,0f67c152eb5f214c8942762c2a88dbf2d17e097a75ad115c7b66e0135f71e8cc
1,https://biblicalstudies.org.uk/articles_rcl_01.php,https://biblicalstudies.org.uk/pdf/rcl/03-6_27a.pdf,"Bernard Pierau, ""Winrich Scheffbuch: Christen Unter Hammer und Sichel ,"" Religion in Communist Lands 3.6 (1975): 27-29. pdf","Bernard Pierau, ""Winrich Scheffbuch: Christen Unter Hammer und Sichel ,"" Religion in Communist Lands 3.6 (1975): 27-29. pdf [Reproduced by permission of the current copyright holder]",200,https://biblicalstudies.org.uk/pdf/rcl/03-6_27a.pdf,application/pdf,129347,True,6fe7b28b277a26a2f460bd9ee67d74a024145c842f65e2ea269c6f0854e7aeb9
1,https://biblicalstudies.org.uk/articles_rcl_01.php,https://biblicalstudies.org.uk/pdf/rcl/03-6_29.pdf,"Victor Hayward, ""Paul E. Kauffman: Confucius, Mao und Christ ,"" Religion in Communist Lands 3.6 (1975): 29-30. pdf","Victor Hayward, ""Paul E. Kauffman: Confucius, Mao und Christ ,"" Religion in Communist Lands 3.6 (1975): 29-30. pdf [Reproduced by permission of the current copyright holder]",200,https://biblicalstudies.org.uk/pdf/rcl/03-6_29.pdf,application/pdf,90670,True,89443343d26d61fae086950a6014a0652996f1f7ecc5e9d76468c53e2440afbb
1,https://biblicalstudies.org.uk/articles_rcl_01.php,https://biblicalstudies.org.uk/pdf/rcl/03-6_30.pdf,"Victor Hayward, ""Sergiu Grossu: Derrière Le Rideau De Bambou ,"" Religion in Communist Lands 3.6 (1975): 30. pdf","Victor Hayward, ""Sergiu Grossu: Derrière Le Rideau De Bambou ,"" Religion in Communist Lands 3.6 (1975): 30. pdf [Reproduced by permission of the current copyright holder]",200,https://biblicalstudies.org.uk/pdf/rcl/03-6_30.pdf,application/pdf,49137,True,edf398f2a434b72111ec726415f4591b307ade5e2678c3979c9acc3594dfaa58
1,https://biblicalstudies.org.uk/articles_rcl_01.php,https://biblicalstudies.org.uk/pdf/rcl/03-6_31.pdf,"""Some Russian Prayers,"" Religion in Communist Lands 3.6 (1975): 31-32. pdf","""Some Russian Prayers,"" Religion in Communist Lands 3.6 (1975): 31-32. pdf [Reproduced by permission of the current copyright holder]",200,https://biblicalstudies.org.uk/pdf/rcl/03-6_31.pdf,application/pdf,86471,True,2de488cce1ab5fe6b963e2ecf0655bc2dad7415ada3f80547662c126682e092c
1,https://biblicalstudies.org.uk/articles_rcl_01.php,https://biblicalstudies.org.uk/pdf/rcl/03-6_32.pdf,"""Pentecostalist on Trial,"" Religion in Communist Lands 3.6 (1975): 32-34. pdf","""Pentecostalist on Trial,"" Religion in Communist Lands 3.6 (1975): 32-34. pdf [Reproduced by permission of the current copyright holder]",200,https://biblicalstudies.org.uk/pdf/rcl/03-6_32.pdf,application/pdf,139437,True,8be895eb6b1df01b484404599b8f2f1234964cf78c95e7a7a74d68c3f8ea6a3e
1,https://biblicalstudies.org.uk/articles_rcl_01.php,https://biblicalstudies.org.uk/pdf/rcl/03-6_34.pdf,"""Georgian Believer Sentenced,"" Religion in Communist Lands 3.6 (1975): 34-35. pdf","""Georgian Believer Sentenced,"" Religion in Communist Lands 3.6 (1975): 34-35. pdf [Reproduced by permission of the current copyright holder]",200,https://biblicalstudies.org.uk/pdf/rcl/03-6_34.pdf,application/pdf,98622,True,e0c1d71184cb3709205b5472fba4f7e80026c7141922d906d6fcc5b95508f8ab
1,https://biblicalstudies.org.uk/articles_rcl_01.php,https://biblicalstudies.org.uk/pdf/rcl/03-6_35.pdf,"""Appeal For Valentina Pailodze,"" Religion in Communist Lands 3.6 (1975): 35-36. pdf","""Appeal For Valentina Pailodze,"" Religion in Communist Lands 3.6 (1975): 35-36. pdf [Reproduced by permission of the current copyright holder]",200,https://biblicalstudies.org.uk/pdf/rcl/03-6_35.pdf,application/pdf,93821,True,c2dd078ed17959774fa4a0ea24d8a7991b4aae8cb384f7e1095396304d1a0582
1,https://biblicalstudies.org.uk/articles_rcl_01.php,https://biblicalstudies.org.uk/pdf/rcl/03-6_36.pdf,"""The Roman Catholic Church and Polish Youth,"" Religion in Communist Lands 3.6 (1975): 36-38. pdf","""The Roman Catholic Church and Polish Youth,"" Religion in Communist Lands 3.6 (1975): 36-38. pdf [Reproduced by permission of the current copyright holder]",200,https://biblicalstudies.org.uk/pdf/rcl/03-6_36.pdf,application/pdf,154686,True,37f61b280458dd3a5919b845293a505ea4c51963127420d5b27c9f1e966d20ea
1,https://biblicalstudies.org.uk/articles_rcl_01.php,https://biblicalstudies.org.uk/pdf/rcl/03-6_38.pdf,"""Sermon By Cardinal Wyszynski,"" Religion in Communist Lands 3.6 (1975): 38-39. pdf","""Sermon By Cardinal Wyszynski,"" Religion in Communist Lands 3.6 (1975): 38-39. pdf [Reproduced by permission of the current copyright holder]",200,https://biblicalstudies.org.uk/pdf/rcl/03-6_38.pdf,application/pdf,96395,True,7070ff2e87027bd871298a8b08330f6e09275e33c22e0251ec0a1bb543f2d462
1,https://biblicalstudies.org.uk/articles_rcl_01.php,https://biblicalstudies.org.uk/pdf/rcl/03-6_39.pdf,"""The Life of Roman Catholics in Lithuania,"" Religion in Communist Lands 3.6 (1975): 39-44. pdf","""The Life of Roman Catholics in Lithuania,"" Religion in Communist Lands 3.6 (1975): 39-44. pdf [Reproduced by permission of the current copyright holder]",200,https://biblicalstudies.org.uk/pdf/rcl/03-6_39.pdf,application/pdf,270270,True,e5a3ea5926ee733b6f93456642699ccd4fb726ae9535bfe69b7b66a9c41137e6
1,https://biblicalstudies.org.uk/articles_rcl_01.php,https://biblicalstudies.org.uk/pdf/rcl/03-6_45.pdf,"""The Georgian Church: a Controversy,"" Religion in Communist Lands 3.6 (1975): 45-54. pdf","""The Georgian Church: a Controversy,"" Religion in Communist Lands 3.6 (1975): 45-54. pdf [Reproduced by permission of the current copyright holder]",200,https://biblicalstudies.org.uk/pdf/rcl/03-6_45.pdf,application/pdf,429224,True,0ab664aa572af3f465875c8fb08b0ba9fa55043280c4657f59bc579d422a5094
1,https://biblicalstudies.org.uk/articles_rcl_01.php,https://biblicalstudies.org.uk/pdf/rcl/03-6_55.pdf,"News From Keston College, 55-57. pdf","News From Keston College, 55-57. pdf [Reproduced by permission of the current copyright holder]",200,https://biblicalstudies.org.uk/pdf/rcl/03-6_55.pdf,application/pdf,110972,True,0c1f49a47ddc46b20add2cd92ee26539da518214702f2a3e4b948aba5358d790
1,https://biblicalstudies.org.uk/articles_rcl_01.php,https://biblicalstudies.org.uk/pdf/rcl/03-6_57.pdf,"Letter to the Editor, 57-59. pdf","Letter to the Editor, 57-59. pdf [Reproduced by permission of the current copyright holder]",200,https://biblicalstudies.org.uk/pdf/rcl/03-6_57.pdf,application/pdf,94638,True,17118202a05d7c5a25e7546e27cfdab3af6ed50add9c59f39f62a2f30b7eb15f
1,https://biblicalstudies.org.uk/articles_rcl_01.php,https://biblicalstudies.org.uk/pdf/rcl/03-6_60.pdf,"Bibliography, 60-74. pdf","Bibliography, 60-74. pdf [Reproduced by permission of the current copyright holder]",200,https://biblicalstudies.org.uk/pdf/rcl/03-6_60.pdf,application/pdf,1929601,True,026e0b6d5c9a81d56e5d6a19428f52e267dcb81807d79354a32cf81df91641c3
1,https://biblicalstudies.org.uk/articles_rcl_01.php,https://biblicalstudies.org.uk/pdf/rcl/04-1_02.pdf,"Editorial,	2-3. pdf","Editorial,	2-3. pdf [Reproduced by kind permission of the copyright holder]",200,https://biblicalstudies.org.uk/pdf/rcl/04-1_02.pdf,application/pdf,92225,True,ddf2cd49424316a458598e4e4c44dde0f0c191bbb676f46d2341a73f4fdad242
1,https://biblicalstudies.org.uk/articles_rcl_01.php,https://biblicalstudies.org.uk/pdf/rcl/04-1_04.pdf,"David Kelly, ""Nairobi: A Door Opened,"" Religion in Communist Lands 4.1 (1976): 4-15. pdf","David Kelly, ""Nairobi: A Door Opened,"" Religion in Communist Lands 4.1 (1976): 4-15. pdf [Reproduced by kind permission of the copyright holder]",200,https://biblicalstudies.org.uk/pdf/rcl/04-1_04.pdf,application/pdf,730211,True,11583561a5e61b13dfd9bb57d01d0ba5ba3664e08b9f699c1c7a42118a38bc50
1,https://biblicalstudies.org.uk/articles_rcl_01.php,https://biblicalstudies.org.uk/pdf/rcl/04-1_16.pdf,"Stella Alexander, ""Church-State Relations in Yugoslavia Since 1967,"" Religion in Communist Lands 4.1 (1976): 16-27. pdf","Stella Alexander, ""Church-State Relations in Yugoslavia Since 1967,"" Religion in Communist Lands 4.1 (1976): 16-27. pdf [Reproduced by kind permission of the copyright holder]",200,https://biblicalstudies.org.uk/pdf/rcl/04-1_16.pdf,application/pdf,504107,True,aac58fe11b1b681d5543fa3d646105e17128a782a8f1016bbd3eec727b8e748c
1,https://biblicalstudies.org.uk/articles_rcl_01.php,https://biblicalstudies.org.uk/pdf/rcl/04-1_28.pdf,"Marite Sapiets, ""Monasticism in the Soviet Union,"" Religion in Communist Lands 4.1 (1976): 28-34. pdf","Marite Sapiets, ""Monasticism in the Soviet Union,"" Religion in Communist Lands 4.1 (1976): 28-34. pdf [Reproduced by kind permission of the copyright holder]",200,https://biblicalstudies.org.uk/pdf/rcl/04-1_28.pdf,application/pdf,1104594,True,bed1bf35d512879a8d0b94c33d1a05c170d58747bdf70c0c2366906f626d66be
1,https://biblicalstudies.org.uk/articles_rcl_01.php,https://biblicalstudies.org.uk/pdf/rcl/04-1_35.pdf,"Christopher Read, ""Early Twentieth Century Russia: Church and State,"" Religion in Communist Lands 4.1 (1976): 35-38. pdf","Christopher Read, ""Early Twentieth Century Russia: Church and State,"" Religion in Communist Lands 4.1 (1976): 35-38. pdf [Reproduced by kind permission of the copyright holder]",200,https://biblicalstudies.org.uk/pdf/rcl/04-1_35.pdf,application/pdf,174314,True,479eaef76378b93ac0b3bc9df0cc8b981da6daaf3ac60dcabd33d6c64011bf66
1,https://biblicalstudies.org.uk/articles_rcl_01.php,https://biblicalstudies.org.uk/pdf/rcl/04-1_39.pdf,"Dr. Victor Hayward, ""China And The Churches - in the Making of One World,"" Religion in Communist Lands 4.1 (1976): 39-40. pdf","Dr. Victor Hayward, ""China And The Churches - in the Making of One World,"" Religion in Communist Lands 4.1 (1976): 39-40. pdf [Reproduced by kind permission of the copyright holder]",200,https://biblicalstudies.org.uk/pdf/rcl/04-1_39.pdf,application/pdf,89792,True,d824f5cb6307345635ea87e148dc6a9513bc89eb5bf936285371f35ab380f95d
1,https://biblicalstudies.org.uk/articles_rcl_01.php,https://biblicalstudies.org.uk/pdf/rcl/04-1_40.pdf,"John Lawrence, ""Alexander Solzhenitsyn, Ed.: From Under The Rubble ,"" Religion in Communist Lands 4.1 (1976): 40-41. pdf","John Lawrence, ""Alexander Solzhenitsyn, Ed.: From Under The Rubble ,"" Religion in Communist Lands 4.1 (1976): 40-41. pdf [Reproduced by kind permission of the copyright holder]",200,https://biblicalstudies.org.uk/pdf/rcl/04-1_40.pdf,application/pdf,106119,True,753d87a459d5b21500b132388b53b7945d12c6b943f3b69c1128c677a27bdf97
1,https://biblicalstudies.org.uk/articles_rcl_01.php,https://biblicalstudies.org.uk/pdf/rcl/04-1_42.pdf,"Kathleen Matchett, ""Georgi Vins: Three Generations of Suffering,"" Religion in Communist Lands 4.1 (1976): 
              42-43. pdf","Kathleen Matchett, ""Georgi Vins: Three Generations of Suffering,"" Religion in Communist Lands 4.1 (1976): 
              42-43. pdf [Reproduced by kind permission of the copyright holder]",200,https://biblicalstudies.org.uk/pdf/rcl/04-1_42.pdf,application/pdf,94921,True,3d0acfd3708e72c438a74cdaa4deda244804bf381a96875273cc236f1fc90369
1,https://biblicalstudies.org.uk/articles_rcl_01.php,https://biblicalstudies.org.uk/pdf/rcl/04-1_43.pdf,"Milena Kalinovska, ""Tenghiz Abuladze, Director the Invocation,"" Religion in Communist Lands 4.1 (1976): 43-44. pdf","Milena Kalinovska, ""Tenghiz Abuladze, Director the Invocation,"" Religion in Communist Lands 4.1 (1976): 43-44. pdf [Reproduced by kind permission of the copyright holder]",200,https://biblicalstudies.org.uk/pdf/rcl/04-1_43.pdf,application/pdf,93744,True,12f95e3b996b83b159bc262213c191b1b0005203d8c1b2803a1d036998a0d2fe
1,https://biblicalstudies.org.uk/articles_rcl_01.php,https://biblicalstudies.org.uk/pdf/rcl/04-1_45.pdf,"""The Calling of a Russian Monk,"" Religion in Communist Lands 4.1 (1976): 45-48. pdf","""The Calling of a Russian Monk,"" Religion in Communist Lands 4.1 (1976): 45-48. pdf [Reproduced by kind permission of the copyright holder]",200,https://biblicalstudies.org.uk/pdf/rcl/04-1_45.pdf,application/pdf,243904,True,c8535f8fc46c3f5d1cf5b2d7d5a03ce3560f07607b5082dc3e5b6f0de6b27f3c
1,https://biblicalstudies.org.uk/articles_rcl_01.php,https://biblicalstudies.org.uk/pdf/rcl/04-1_48.pdf,"""Appeal for Fr. Romanyuk,"" Religion in Communist Lands 4.1 (1976): 48. pdf","""Appeal for Fr. Romanyuk,"" Religion in Communist Lands 4.1 (1976): 48. pdf [Reproduced by kind permission of the copyright holder]",200,https://biblicalstudies.org.uk/pdf/rcl/04-1_48.pdf,application/pdf,931361,True,db45d65d0efc1c543f86ba2d10a1e44641211eb4c9563c951202e90e89156a61
1,https://biblicalstudies.org.uk/articles_rcl_01.php,https://biblicalstudies.org.uk/pdf/rcl/04-1_49.pdf,"""Georgian Writes to Professor Lang,"" Religion in Communist Lands 4.1 (1976): 49-50. pdf","""Georgian Writes to Professor Lang,"" Religion in Communist Lands 4.1 (1976): 49-50. pdf [Reproduced by kind permission of the copyright holder]",200,https://biblicalstudies.org.uk/pdf/rcl/04-1_49.pdf,application/pdf,120055,True,a698263459c7505475f1fc46a05ece59abf87c6c29f74cc42a61d1aff94040c2
1,https://biblicalstudies.org.uk/articles_rcl_01.php,https://biblicalstudies.org.uk/pdf/rcl/04-1_51.pdf,"News From Keston College, 51-53. pdf","News From Keston College, 51-53. pdf [Reproduced by kind permission of the copyright holder]",200,https://biblicalstudies.org.uk/pdf/rcl/04-1_51.pdf,application/pdf,121933,True,562bdf5d3868152ece582800f5fde5f824c2d905e0ed2d02bce994f4a043c7dc
1,https://biblicalstudies.org.uk/articles_rcl_01.php,https://biblicalstudies.org.uk/pdf/rcl/04-1_53.pdf,"Michael Bourdeaux, ""Religious Broadcasting into the Soviet Union,"" Religion in Communist Lands 4.1 (1976): 53-54. pdf","Michael Bourdeaux, ""Religious Broadcasting into the Soviet Union,"" Religion in Communist Lands 4.1 (1976): 53-54. pdf [Reproduced by kind permission of the copyright holder]",200,https://biblicalstudies.org.uk/pdf/rcl/04-1_53.pdf,application/pdf,87361,True,7e08d13700752656f513c81048bd0b877e0a56ed954a787e2df619d982f6e42d
1,https://biblicalstudies.org.uk/articles_rcl_01.php,https://biblicalstudies.org.uk/pdf/rcl/04-1_55.pdf,"Readers' Letters, 55-56. pdf","Readers' Letters, 55-56. pdf [Reproduced by kind permission of the copyright holder]",200,https://biblicalstudies.org.uk/pdf/rcl/04-1_55.pdf,application/pdf,78350,True,d06fda7cb0c49b7e66a7e05547595f99f263fe069e30e42a80ed804e8f9bf68b
1,https://biblicalstudies.org.uk/articles_rcl_01.php,https://biblicalstudies.org.uk/pdf/rcl/04-1_57.pdf,"News in Brief, 57-61. pdf","News in Brief, 57-61. pdf [Reproduced by kind permission of the copyright holder]",200,https://biblicalstudies.org.uk/pdf/rcl/04-1_57.pdf,application/pdf,330337,True,6851b36e97707915db352d556b7cee25f10dcc3c4a4021087fe41be4dfc1abe0
1,https://biblicalstudies.org.uk/articles_rcl_01.php,https://biblicalstudies.org.uk/pdf/rcl/04-1_62.pdf,"Bibliography, 62-72. pdf","Bibliography, 62-72. pdf [Reproduced by kind permission of the copyright holder]",200,https://biblicalstudies.org.uk/pdf/rcl/04-1_62.pdf,application/pdf,642919,True,33716d03be9ec1db7d6248293f20d9542bbb2f35b7a6bcc337331aefba5cc4a1
1,https://biblicalstudies.org.uk/articles_rcl_01.php,https://biblicalstudies.org.uk/pdf/rcl/04-2_02.pdf,"Editorial, 2-3. pdf","Editorial, 2-3. pdf [Reproduced by kind permission of the copyright holder]",200,https://biblicalstudies.org.uk/pdf/rcl/04-2_02.pdf,application/pdf,83794,True,66b91c119cd90ee16d9637002925b3a7224a8d94d5b05a175c166ca456d9e595
1,https://biblicalstudies.org.uk/articles_rcl_01.php,https://biblicalstudies.org.uk/pdf/rcl/04-2_04.pdf,"Walter Sawatsky, ""The New Soviet Law on Religion,"" Religion in Communist Lands 4.2 (1976): 4-10. pdf","Walter Sawatsky, ""The New Soviet Law on Religion,"" Religion in Communist Lands 4.2 (1976): 4-10. pdf [Reproduced by kind permission of the copyright holder]",200,https://biblicalstudies.org.uk/pdf/rcl/04-2_04.pdf,application/pdf,337022,True,e6dfab90cfb7a1edaf3a4a647e4e76faedf941ca106ea0703a2f4e69cc8b55ff
1,https://biblicalstudies.org.uk/articles_rcl_01.php,https://biblicalstudies.org.uk/pdf/rcl/04-2_11.pdf,"Milena Kalinovska, ""The Mystical Language of Ernst Neizvestny,"" Religion in Communist Lands 4.2 (1976): 11-13. pdf","Milena Kalinovska, ""The Mystical Language of Ernst Neizvestny,"" Religion in Communist Lands 4.2 (1976): 11-13. pdf [Reproduced by kind permission of the copyright holder]",200,https://biblicalstudies.org.uk/pdf/rcl/04-2_11.pdf,application/pdf,129068,True,c1c8ced1f0d0e85c94016abcd7f7348eda59fbe8b4a4a8f3ec727bd4384bc4be
1,https://biblicalstudies.org.uk/articles_rcl_01.php,https://biblicalstudies.org.uk/pdf/rcl/04-2_14.pdf,"Alan Scarfe, ""Romanian Baptists and the State,"" Religion in Communist Lands 4.2 (1976): 14-20. pdf","Alan Scarfe, ""Romanian Baptists and the State,"" Religion in Communist Lands 4.2 (1976): 14-20. pdf [Reproduced by kind permission of the copyright holder]",200,https://biblicalstudies.org.uk/pdf/rcl/04-2_14.pdf,application/pdf,849975,True,0055a6804b9d6d14e8f9092e3fe25b0c02348291a5e9bc39321f7ac5a78b4ce4
1,https://biblicalstudies.org.uk/articles_rcl_01.php,https://biblicalstudies.org.uk/pdf/rcl/04-2_21.pdf,"""Fr. Dudko: An Eye-Witness Account,"" Religion in Communist Lands 4.2 (1976): 21-31. pdf","""Fr. Dudko: An Eye-Witness Account,"" Religion in Communist Lands 4.2 (1976): 21-31. pdf [Reproduced by kind permission of the copyright holder]",200,https://biblicalstudies.org.uk/pdf/rcl/04-2_21.pdf,application/pdf,524362,True,c6023b3cd58765e315b467767fd5fc06075158634e5586a60ca4c8190547e5dc
1,https://biblicalstudies.org.uk/articles_rcl_01.php,https://biblicalstudies.org.uk/pdf/rcl/04-2_32.pdf,"Kathleen Matchett, ""A Legal  Textbook For Soviet Propagandists,"" Religion in Communist Lands 4.2 (1976): 32-34. pdf","Kathleen Matchett, ""A Legal  Textbook For Soviet Propagandists,"" Religion in Communist Lands 4.2 (1976): 32-34. pdf [Reproduced by kind permission of the copyright holder]",200,https://biblicalstudies.org.uk/pdf/rcl/04-2_32.pdf,application/pdf,807360,True,fb05177608da1a2e9fb6f31a7c2a641e4e53be7eaf0386221db30dbb88e3b5b8
1,https://biblicalstudies.org.uk/articles_rcl_01.php,https://biblicalstudies.org.uk/pdf/rcl/04-2_35.pdf,"David M. Paton, ""José Miguez Bonino: Christians and Marxists ,"" Religion in Communist Lands 4.2 (1976): 35-36. pdf","David M. Paton, ""José Miguez Bonino: Christians and Marxists ,"" Religion in Communist Lands 4.2 (1976): 35-36. pdf [Reproduced by kind permission of the copyright holder]",200,https://biblicalstudies.org.uk/pdf/rcl/04-2_35.pdf,application/pdf,87456,True,0e8fe3a6f7f72a481428612c01ef22de4cd05e851eebd258f1a75ea50f647bee
1,https://biblicalstudies.org.uk/articles_rcl_01.php,https://biblicalstudies.org.uk/pdf/rcl/04-2_36.pdf,"Alexander Pyatigorsky, ""Fr. Dmitri Dudko: Our Hope ,"" Religion in Communist Lands 4.2 (1976): 36-37. pdf","Alexander Pyatigorsky, ""Fr. Dmitri Dudko: Our Hope ,"" Religion in Communist Lands 4.2 (1976): 36-37. pdf [Reproduced by kind permission of the copyright holder]",200,https://biblicalstudies.org.uk/pdf/rcl/04-2_36.pdf,application/pdf,94816,True,b0ad38806dfed4bf4fd2d1accfa1cf9e7cfe794f4987c05a061475b29b0dee98
1,https://biblicalstudies.org.uk/articles_rcl_01.php,https://biblicalstudies.org.uk/pdf/rcl/04-2_37.pdf,"Philip Walters, ""David E. Powell: Antireligious Propaganda in the Soviet Union ,"" Religion in Communist Lands 4.2 (1976): 37-39. pdf","Philip Walters, ""David E. Powell: Antireligious Propaganda in the Soviet Union ,"" Religion in Communist Lands 4.2 (1976): 37-39. pdf [Reproduced by kind permission of the copyright holder]",200,https://biblicalstudies.org.uk/pdf/rcl/04-2_37.pdf,application/pdf,149327,True,318fc68f25725051ff2d2c4a466b9a38a2fa2ce609b903070de26aae2aba95fe
1,https://biblicalstudies.org.uk/articles_rcl_01.php,https://biblicalstudies.org.uk/pdf/rcl/04-2_39.pdf,"""Tatyana Lopukhina-Rodzyanko: The Spiritual Basis Of Solzhenitsyn's Creative Work ,"" Religion in Communist Lands 4.2 (1976): 39. pdf","""Tatyana Lopukhina-Rodzyanko: The Spiritual Basis Of Solzhenitsyn's Creative Work ,"" Religion in Communist Lands 4.2 (1976): 39. pdf [Reproduced by kind permission of the copyright holder]",200,https://biblicalstudies.org.uk/pdf/rcl/04-2_39.pdf,application/pdf,52617,True,4767954c16889406fbb4cdf51cd870f9e9bb527b46ed7779379ce60b6d0f692e
1,https://biblicalstudies.org.uk/articles_rcl_01.php,https://biblicalstudies.org.uk/pdf/rcl/04-2_39a.pdf,"John Lawrence, ""Niels C. Nielson: Solzhenitsyn's Religion ,"" Religion in Communist Lands 4.2 (1976): 39-40. pdf","John Lawrence, ""Niels C. Nielson: Solzhenitsyn's Religion ,"" Religion in Communist Lands 4.2 (1976): 39-40. pdf [Reproduced by kind permission of the copyright holder]",200,https://biblicalstudies.org.uk/pdf/rcl/04-2_39a.pdf,application/pdf,90812,True,da9be50ec5c7f9c4510ffc865fd4df16fcbeb2646f5bc690f279418ff51b7dba
1,https://biblicalstudies.org.uk/articles_rcl_01.php,https://biblicalstudies.org.uk/pdf/rcl/04-2_41.pdf,"""Religious Freedom in USSR: Izvestia's Claims,"" Religion in Communist Lands 4.2 (1976): 41-46. pdf","""Religious Freedom in USSR: Izvestia's Claims,"" Religion in Communist Lands 4.2 (1976): 41-46. pdf [Reproduced by kind permission of the copyright holder]",200,https://biblicalstudies.org.uk/pdf/rcl/04-2_41.pdf,application/pdf,399976,True,dc1ae2b63e0868bfb56252de22750adcee21fa3e0e18984e1e3d038d54ce79a3
1,https://biblicalstudies.org.uk/articles_rcl_01.php,https://biblicalstudies.org.uk/pdf/rcl/04-2_46.pdf,"""Children and Atheism in the Soviet Union,"" Religion in Communist Lands 4.2 (1976): 46-48. pdf","""Children and Atheism in the Soviet Union,"" Religion in Communist Lands 4.2 (1976): 46-48. pdf [Reproduced by kind permission of the copyright holder]",200,https://biblicalstudies.org.uk/pdf/rcl/04-2_46.pdf,application/pdf,179592,True,8ff644baecebca7ae9f96be70b92aa1ad4f9641688b6a9b20decf8409056fa63
1,https://biblicalstudies.org.uk/articles_rcl_01.php,https://biblicalstudies.org.uk/pdf/rcl/04-2_49.pdf,"""Declaration of Lithuanian Bishop,"" Religion in Communist Lands 4.2 (1976): 49-51. pdf","""Declaration of Lithuanian Bishop,"" Religion in Communist Lands 4.2 (1976): 49-51. pdf [Reproduced by kind permission of the copyright holder]",200,https://biblicalstudies.org.uk/pdf/rcl/04-2_49.pdf,application/pdf,190020,True,5ec185fc9b23c075102d72a57219d601955262a73da6c471c034746d2f43a011
1,https://biblicalstudies.org.uk/articles_rcl_01.php,https://biblicalstudies.org.uk/pdf/rcl/04-2_52.pdf,"News From Keston College, 52-54. pdf","News From Keston College, 52-54. pdf [Reproduced by kind permission of the copyright holder]",200,https://biblicalstudies.org.uk/pdf/rcl/04-2_52.pdf,application/pdf,102052,True,6947c7728c450c057bac019240441f613e134968a52bf53cfdd902ca12519ebe
1,https://biblicalstudies.org.uk/articles_rcl_01.php,https://biblicalstudies.org.uk/pdf/rcl/04-2_55.pdf,"News in Brief,	55-61. pdf","News in Brief,	55-61. pdf [Reproduced by kind permission of the copyright holder]",200,https://biblicalstudies.org.uk/pdf/rcl/04-2_55.pdf,application/pdf,445279,True,4164ed1ea09421aab1d8243dec3a5f736446f5d19be1438d5b5b0db57e1d4d90
1,https://biblicalstudies.org.uk/articles_rcl_01.php,https://biblicalstudies.org.uk/pdf/rcl/04-2_62.pdf,"Bibliography,	62-72. pdf","Bibliography,	62-72. pdf [Reproduced by kind permission of the copyright holder]",200,https://biblicalstudies.org.uk/pdf/rcl/04-2_62.pdf,application/pdf,675708,True,3f0fb95e80c8ecd825de663591a606300bcc48110784f41934070d5ee042c8b0
1,https://biblicalstudies.org.uk/articles_rcl_01.php,https://biblicalstudies.org.uk/pdf/rcl/04-3_02.pdf,"Editorial, 2-3. pdf","Editorial, 2-3. pdf [Reproduced by kind permission of the copyright holder]",200,https://biblicalstudies.org.uk/pdf/rcl/04-3_02.pdf,application/pdf,85028,True,45dd9fe8cd78e730030f86904ab2abcd648f4a249700f6d31c5cff8b5df98d08
1,https://biblicalstudies.org.uk/articles_rcl_01.php,https://biblicalstudies.org.uk/pdf/rcl/04-3_04.pdf,"Marite Sapiets, ""Lithuania and the Vatican,"" Religion in Communist Lands 4.3 (1976): 4-11. pdf","Marite Sapiets, ""Lithuania and the Vatican,"" Religion in Communist Lands 4.3 (1976): 4-11. pdf [Reproduced by kind permission of the copyright holder]",200,https://biblicalstudies.org.uk/pdf/rcl/04-3_04.pdf,application/pdf,1269643,True,cb5ca758a0fc828666a3325b37f6f4cd450854116067087efea978c146d422e2
1,https://biblicalstudies.org.uk/articles_rcl_01.php,https://biblicalstudies.org.uk/pdf/rcl/04-3_12.pdf,"Roman Slowacki, ""Catholic Intellectuals and Constitutional Change in Poland,"" Religion in Communist Lands 4.3 (1976): 12-15. pdf","Roman Slowacki, ""Catholic Intellectuals and Constitutional Change in Poland,"" Religion in Communist Lands 4.3 (1976): 12-15. pdf [Reproduced by kind permission of the copyright holder]",200,https://biblicalstudies.org.uk/pdf/rcl/04-3_12.pdf,application/pdf,214876,True,49efecfdd264d98678e9487c0f6e63a5889cb78b134410f3e2cc8164f1b46ffa
1,https://biblicalstudies.org.uk/articles_rcl_01.php,https://biblicalstudies.org.uk/pdf/rcl/04-3_16.pdf,"Alexander Glezer, ""Religion and Soviet Non-Conformist Artists,"" Religion in Communist Lands 4.3 (1976): 16-19. pdf","Alexander Glezer, ""Religion and Soviet Non-Conformist Artists,"" Religion in Communist Lands 4.3 (1976): 16-19. pdf [Reproduced by kind permission of the copyright holder]",200,https://biblicalstudies.org.uk/pdf/rcl/04-3_16.pdf,application/pdf,263163,True,1ec2f79809327b2f6ad8abe149d9e89cf143175d5b7a0853f9ad36b281da86e0
1,https://biblicalstudies.org.uk/articles_rcl_01.php,https://biblicalstudies.org.uk/pdf/rcl/04-3_20.pdf,"Philip Walters, ""A New Creed For Russians? The Ideas of the Neo-Slavophils,"" Religion in Communist Lands 4.3 (1976): 20-26. pdf","Philip Walters, ""A New Creed For Russians? The Ideas of the Neo-Slavophils,"" Religion in Communist Lands 4.3 (1976): 20-26. pdf [Reproduced by kind permission of the copyright holder]",200,https://biblicalstudies.org.uk/pdf/rcl/04-3_20.pdf,application/pdf,578451,True,9403606e816e7f0571637f90dcd3cf94c2a376c7fcf2f5d0a6f8b470b9d20b3c
1,https://biblicalstudies.org.uk/articles_rcl_01.php,https://biblicalstudies.org.uk/pdf/rcl/04-3_27.pdf,"Appendix, 27-31. pdf","Appendix, 27-31. pdf [Reproduced by kind permission of the copyright holder]",200,https://biblicalstudies.org.uk/pdf/rcl/04-3_27.pdf,application/pdf,382465,True,7c78b18a00d33556fcfced82042675fad1fa9759dad38e013902117237aa79b4
1,https://biblicalstudies.org.uk/articles_rcl_01.php,https://biblicalstudies.org.uk/pdf/rcl/04-3_32.pdf,"Christopher Cviic, ""Hansjakob Stehle: Die Ostpolitik Des Vatikans ,"" Religion in Communist Lands 4.3 (1976): 32-33. pdf","Christopher Cviic, ""Hansjakob Stehle: Die Ostpolitik Des Vatikans ,"" Religion in Communist Lands 4.3 (1976): 32-33. pdf [Reproduced by kind permission of the copyright holder]",200,https://biblicalstudies.org.uk/pdf/rcl/04-3_32.pdf,application/pdf,137261,True,c7bde9ea17d5e8e5044cf9169ac6d1134460f295b2e972fe08dbfea90dc37f34
1,https://biblicalstudies.org.uk/articles_rcl_01.php,https://biblicalstudies.org.uk/pdf/rcl/04-3_33.pdf,"Stuart Robertson, ""Michael Bourdeaux & Katharine Murray Young Christians in Russia,"" Religion in Communist Lands 4.3 (1976): 33-34. pdf","Stuart Robertson, ""Michael Bourdeaux & Katharine Murray Young Christians in Russia,"" Religion in Communist Lands 4.3 (1976): 33-34. pdf [Reproduced by kind permission of the copyright holder]",200,https://biblicalstudies.org.uk/pdf/rcl/04-3_33.pdf,application/pdf,94718,True,ad71710e257701ec8e165792b291321be1886f29230774d37495ed24525d3132
1,https://biblicalstudies.org.uk/articles_rcl_01.php,https://biblicalstudies.org.uk/pdf/rcl/04-3_35.pdf,"Stella Alexander, ""The Serbian Orthodox Church 1920-1970. General Survey of the Catholic Church in Yugoslavia ,"" Religion in Communist Lands 4.3 (1976): 35-37. pdf","Stella Alexander, ""The Serbian Orthodox Church 1920-1970. General Survey of the Catholic Church in Yugoslavia ,"" Religion in Communist Lands 4.3 (1976): 35-37. pdf [Reproduced by kind permission of the copyright holder]",200,https://biblicalstudies.org.uk/pdf/rcl/04-3_35.pdf,application/pdf,142251,True,878d04dc32dc9a6f320476c943c687f2b51aa23391f2a414962508e9773b7878
1,https://biblicalstudies.org.uk/articles_rcl_01.php,https://biblicalstudies.org.uk/pdf/rcl/04-3_37.pdf,"Milena Kalinovska, ""Vladimir Maximov (Ed.): Kontinent I: The Alternative Voice of Russia and Eastern Europe ,"" Religion in Communist Lands 4.3 (1976): 37-39. pdf","Milena Kalinovska, ""Vladimir Maximov (Ed.): Kontinent I: The Alternative Voice of Russia and Eastern Europe ,"" Religion in Communist Lands 4.3 (1976): 37-39. pdf [Reproduced by kind permission of the copyright holder]",200,https://biblicalstudies.org.uk/pdf/rcl/04-3_37.pdf,application/pdf,149874,True,eb93602394890beb566456a7a92b30feed9662524b0b464da5d676039b38bda6
1,https://biblicalstudies.org.uk/articles_rcl_01.php,https://biblicalstudies.org.uk/pdf/rcl/04-3_39.pdf,"Andrew Lenox-Conyngham, ""A. M. Allchin (Ed.): Theology and Prayer ; Valentine Zander: St. Seraphim of Sarov ,"" Religion in Communist Lands 4.3 (1976): 39. pdf","Andrew Lenox-Conyngham, ""A. M. Allchin (Ed.): Theology and Prayer ; Valentine Zander: St. Seraphim of Sarov ,"" Religion in Communist Lands 4.3 (1976): 39. pdf [Reproduced by kind permission of the copyright holder]",200,https://biblicalstudies.org.uk/pdf/rcl/04-3_39.pdf,application/pdf,48856,True,98ae1b589b436ae7fabba821e5a77e2c939ab71ebe2587413c3bdb024e234454
1,https://biblicalstudies.org.uk/articles_rcl_01.php,https://biblicalstudies.org.uk/pdf/rcl/04-3_40.pdf,"Vladimir Pavlinic, ""Church-State Relations in Yugoslavia,"" Religion in Communist Lands 4.3 (1976): 40-42. pdf","Vladimir Pavlinic, ""Church-State Relations in Yugoslavia,"" Religion in Communist Lands 4.3 (1976): 40-42. pdf [Reproduced by kind permission of the copyright holder]",200,https://biblicalstudies.org.uk/pdf/rcl/04-3_40.pdf,application/pdf,132921,True,56b90c1d52d58e03691e7c5a243ba04a8a2a88386dcdc1d033f8d115fb463f22
1,https://biblicalstudies.org.uk/articles_rcl_01.php,https://biblicalstudies.org.uk/pdf/rcl/04-3_43.pdf,"""Meditation,"" Religion in Communist Lands 4.3 (1976): 43-44. pdf","""Meditation,"" Religion in Communist Lands 4.3 (1976): 43-44. pdf [Reproduced by kind permission of the copyright holder]",200,https://biblicalstudies.org.uk/pdf/rcl/04-3_43.pdf,application/pdf,102742,True,f596c913fb2ce53269cd7641a3163bc2235b0541fe2e686b9bd63233755108d5
1,https://biblicalstudies.org.uk/articles_rcl_01.php,https://biblicalstudies.org.uk/pdf/rcl/04-3_44.pdf,"""Lithuanian Catholics Appeal to the Pope,"" Religion in Communist Lands 4.3 (1976): 44-47. pdf","""Lithuanian Catholics Appeal to the Pope,"" Religion in Communist Lands 4.3 (1976): 44-47. pdf [Reproduced by kind permission of the copyright holder]",200,https://biblicalstudies.org.uk/pdf/rcl/04-3_44.pdf,application/pdf,249556,True,5f7b856a0a1b4eb23e5d9e8032fcca691508e4436016b3e0eb2fdcff026a63a2
1,https://biblicalstudies.org.uk/articles_rcl_01.php,https://biblicalstudies.org.uk/pdf/rcl/04-3_47.pdf,"""Slovac Catholics Protest,"" Religion in Communist Lands 4.3 (1976): 47-49. pdf","""Slovac Catholics Protest,"" Religion in Communist Lands 4.3 (1976): 47-49. pdf [Reproduced by kind permission of the copyright holder]",200,https://biblicalstudies.org.uk/pdf/rcl/04-3_47.pdf,application/pdf,174175,True,9798909618bf75392f277ef694e724052f8cf2d483499c3dfafb0c9e99345e4d
1,https://biblicalstudies.org.uk/articles_rcl_01.php,https://biblicalstudies.org.uk/pdf/rcl/04-3_50.pdf,"News from Keston College, 50-51. pdf","News from Keston College, 50-51. pdf [Reproduced by kind permission of the copyright holder]",200,https://biblicalstudies.org.uk/pdf/rcl/04-3_50.pdf,application/pdf,81983,True,d9a6252500a50446fea873a31ad64153f8103e1fbf04a07f3eecb5b8fb16c077
1,https://biblicalstudies.org.uk/articles_rcl_01.php,https://biblicalstudies.org.uk/pdf/rcl/04-3_52.pdf,"News in Brief, 52-56. pdf","News in Brief, 52-56. pdf [Reproduced by kind permission of the copyright holder]",200,https://biblicalstudies.org.uk/pdf/rcl/04-3_52.pdf,application/pdf,1358898,True,b7c7c2197ad18b77a7ad64ab7fcdbdbae35474d7dbd170b88644fd3b00bff1f9
1,https://biblicalstudies.org.uk/articles_rcl_01.php,https://biblicalstudies.org.uk/pdf/rcl/04-3_57.pdf,"Bibliography, 57-72. pdf","Bibliography, 57-72. pdf [Reproduced by kind permission of the copyright holder]",200,https://biblicalstudies.org.uk/pdf/rcl/04-3_57.pdf,application/pdf,903863,True,adf88f895e843ba388b2287d05ded74e31ef4cd44de79f918951ee78ec8cc04a
1,https://biblicalstudies.org.uk/articles_rcl_01.php,https://biblicalstudies.org.uk/pdf/rcl/04-4_02.pdf,"Editorial,	2-3. pdf","Editorial,	2-3. pdf [Reproduced by permission of the current copyright holder]",200,https://biblicalstudies.org.uk/pdf/rcl/04-4_02.pdf,application/pdf,452067,True,b4bc23877ef6269147ded5a7e70fe209f018f645ee27e0a93376b0d513595130
1,https://biblicalstudies.org.uk/articles_rcl_01.php,https://biblicalstudies.org.uk/pdf/rcl/04-4_04.pdf,"Helene Posdeeff, ""Geneva: The Defence of Believers' Rights,"" Religion in Communist Lands 4.4 (1976): 4-8. pdf","Helene Posdeeff, ""Geneva: The Defence of Believers' Rights,"" Religion in Communist Lands 4.4 (1976): 4-8. pdf [Reproduced by permission of the current copyright holder]",200,https://biblicalstudies.org.uk/pdf/rcl/04-4_04.pdf,application/pdf,236132,True,0ce7efebf815d40bb8fd764d0ba0b60934c607b1d5bb694a121175674dec081a
1,https://biblicalstudies.org.uk/articles_rcl_01.php,https://biblicalstudies.org.uk/pdf/rcl/04-4_09.pdf,"Helene Posdeeff, ""Appendix: Russian Believers Write to WCC's General Secretary,"" Religion in Communist Lands 4.4 (1976): 9-15. pdf","Helene Posdeeff, ""Appendix: Russian Believers Write to WCC's General Secretary,"" Religion in Communist Lands 4.4 (1976): 9-15. pdf [Reproduced by permission of the current copyright holder]",200,https://biblicalstudies.org.uk/pdf/rcl/04-4_09.pdf,application/pdf,432761,True,4b390d806f1db297e27777e49db69fa1a2cb16447df441072ffdcdae53eb18f7
1,https://biblicalstudies.org.uk/articles_rcl_01.php,https://biblicalstudies.org.uk/pdf/rcl/04-4_16.pdf,"Dennis Dunn, ""The Kremlin and the Vatican: Ostpolitik ,"" Religion in Communist Lands 4.4 (1976): 16-19. pdf","Dennis Dunn, ""The Kremlin and the Vatican: Ostpolitik ,"" Religion in Communist Lands 4.4 (1976): 16-19. pdf [Reproduced by permission of the current copyright holder]",200,https://biblicalstudies.org.uk/pdf/rcl/04-4_16.pdf,application/pdf,201608,True,f47cd937b5ce3d9748bcc0a8bc1abc237a31f0a7bffc15da39529aa9de5d74f9
1,https://biblicalstudies.org.uk/articles_rcl_01.php,https://biblicalstudies.org.uk/pdf/rcl/04-4_20.pdf,"Moshe Davis, ""Jewish Spiritual Life in the USSR,"" Religion in Communist Lands 4.4 (1976): 20-23. pdf","Moshe Davis, ""Jewish Spiritual Life in the USSR,"" Religion in Communist Lands 4.4 (1976): 20-23. pdf [Reproduced by permission of the current copyright holder]",200,https://biblicalstudies.org.uk/pdf/rcl/04-4_20.pdf,application/pdf,186392,True,aaa53a24cfcca07ba3144f9e25266acf7f09b059ad77218b84ae5e29c727dbae
1,https://biblicalstudies.org.uk/articles_rcl_01.php,https://biblicalstudies.org.uk/pdf/rcl/04-4_24.pdf,"Walter Sawatsky, ""Secret Soviet Lawbook on Religion,"" Religion in Communist Lands 4.4 (1976): 24-31. pdf","Walter Sawatsky, ""Secret Soviet Lawbook on Religion,"" Religion in Communist Lands 4.4 (1976): 24-31. pdf [Reproduced by permission of the current copyright holder]",200,https://biblicalstudies.org.uk/pdf/rcl/04-4_24.pdf,application/pdf,359663,True,12804e66ef626cb10f90498b75c281533b3c9d473d8690379ff2b625e7118aa8
1,https://biblicalstudies.org.uk/articles_rcl_01.php,https://biblicalstudies.org.uk/pdf/rcl/04-4_31.pdf,"Walter Sawatsky, ""Appendix: Statute of the CRA,"" Religion in Communist Lands 4.4 (1976): 31-34. pdf","Walter Sawatsky, ""Appendix: Statute of the CRA,"" Religion in Communist Lands 4.4 (1976): 31-34. pdf [Reproduced by permission of the current copyright holder]",200,https://biblicalstudies.org.uk/pdf/rcl/04-4_31.pdf,application/pdf,208842,True,d518fc41ea58436ec67ebbc0a181ce29c3f435115e27cea6b85ad670cf8a7b52
1,https://biblicalstudies.org.uk/articles_rcl_01.php,https://biblicalstudies.org.uk/pdf/rcl/04-4_35.pdf,"John Lawrence, ""Alexander Solzhenitsyn: The Gulag Archipelago ,"" Religion in Communist Lands 4.4 (1976): 35-38. pdf","John Lawrence, ""Alexander Solzhenitsyn: The Gulag Archipelago ,"" Religion in Communist Lands 4.4 (1976): 35-38. pdf [Reproduced by permission of the current copyright holder]",200,https://biblicalstudies.org.uk/pdf/rcl/04-4_35.pdf,application/pdf,166415,True,ecff36f1545683a9d784742a21776d2a104050f91f20cd0757b9e5960587bec2
1,https://biblicalstudies.org.uk/articles_rcl_01.php,https://biblicalstudies.org.uk/pdf/rcl/04-4_38.pdf,"Malcolm Hazlett, ""Milan Machovec: A Marxist Looks at Jesus ,"" Religion in Communist Lands 4.4 (1976): 38-39. pdf","Malcolm Hazlett, ""Milan Machovec: A Marxist Looks at Jesus ,"" Religion in Communist Lands 4.4 (1976): 38-39. pdf [Reproduced by permission of the current copyright holder]",200,https://biblicalstudies.org.uk/pdf/rcl/04-4_38.pdf,application/pdf,90285,True,2499aba59705b0628a4933aa126ba1ec8dd398dc79757c17efe336afa8311284
1,https://biblicalstudies.org.uk/articles_rcl_01.php,https://biblicalstudies.org.uk/pdf/rcl/04-4_39.pdf,"""Michael Bourdeaux: White Book On Restrictions of Religion in the USSR ,"" Religion in Communist Lands 4.4 (1976): 39. pdf","""Michael Bourdeaux: White Book On Restrictions of Religion in the USSR ,"" Religion in Communist Lands 4.4 (1976): 39. pdf [Reproduced by permission of the current copyright holder]",200,https://biblicalstudies.org.uk/pdf/rcl/04-4_39.pdf,application/pdf,46442,True,f268eae5ea907c7679cbbdef4a65c9490f7e519be66a3cedefc592dac5f64e22
1,https://biblicalstudies.org.uk/articles_rcl_01.php,https://biblicalstudies.org.uk/pdf/rcl/04-4_39a.pdf,"Paul Oestreicher, ""Michael Bourdeaux, Hans Hebly And Eugen Voss (Eds.): Religious Liberty In The Soviet Union ,"" Religion in Communist Lands 4.4 (1976): 39-41. pdf","Paul Oestreicher, ""Michael Bourdeaux, Hans Hebly And Eugen Voss (Eds.): Religious Liberty In The Soviet Union ,"" Religion in Communist Lands 4.4 (1976): 39-41. pdf [Reproduced by permission of the current copyright holder]",200,https://biblicalstudies.org.uk/pdf/rcl/04-4_39a.pdf,application/pdf,129065,True,9493e5b4754e9d61a76439312bf63ddea4164194d3741b98451ec7b9e09bec91
1,https://biblicalstudies.org.uk/articles_rcl_01.php,https://biblicalstudies.org.uk/pdf/rcl/04-4_42.pdf,"""An Early Soviet Saint,"" Religion in Communist Lands 4.4 (1976): 42-45. pdf","""An Early Soviet Saint,"" Religion in Communist Lands 4.4 (1976): 42-45. pdf [Reproduced by permission of the current copyright holder]",200,https://biblicalstudies.org.uk/pdf/rcl/04-4_42.pdf,application/pdf,227160,True,0c3801cb75ef96ee4bb70c6b7fe036788a1c23a00702c0a5ecf83accdbc78ea0
1,https://biblicalstudies.org.uk/articles_rcl_01.php,https://biblicalstudies.org.uk/pdf/rcl/04-4_45.pdf,"""Unofficial Religious Seminar,"" Religion in Communist Lands 4.4 (1976): 45-47. pdf","""Unofficial Religious Seminar,"" Religion in Communist Lands 4.4 (1976): 45-47. pdf [Reproduced by permission of the current copyright holder]",200,https://biblicalstudies.org.uk/pdf/rcl/04-4_45.pdf,application/pdf,185499,True,f21afa457c2319713f0c1a5a8b3f8a70dc486292151873fe071380f841f41a78
1,https://biblicalstudies.org.uk/articles_rcl_01.php,https://biblicalstudies.org.uk/pdf/rcl/04-4_48.pdf,"""Dr. Gamsakhurdia Writes to RCL ,"" Religion in Communist Lands 4.4 (1976): 48-51. pdf","""Dr. Gamsakhurdia Writes to RCL ,"" Religion in Communist Lands 4.4 (1976): 48-51. pdf [Reproduced by permission of the current copyright holder]",200,https://biblicalstudies.org.uk/pdf/rcl/04-4_48.pdf,application/pdf,1762038,True,5d76cecaf98fe498fd43357c463f8740461817099054be5a441c20f93bd4b2b2
1,https://biblicalstudies.org.uk/articles_rcl_01.php,https://biblicalstudies.org.uk/pdf/rcl/04-4_52.pdf,"News From Keston College, 52-54. pdf","News From Keston College, 52-54. pdf [Reproduced by permission of the current copyright holder]",200,https://biblicalstudies.org.uk/pdf/rcl/04-4_52.pdf,application/pdf,74355,True,ac43987646c4c43306b8ce6d473fc2d4d6552d5455c1a182e6eb3a768e9f1cf9
1,https://biblicalstudies.org.uk/articles_rcl_01.php,https://biblicalstudies.org.uk/pdf/rcl/04-4_54.pdf,"News in Brief, 54-61. pdf","News in Brief, 54-61. pdf [Reproduced by permission of the current copyright holder]",200,https://biblicalstudies.org.uk/pdf/rcl/04-4_54.pdf,application/pdf,499158,True,b7efa0f5cd236f927a9d7379fef64cd6c94e9b7bce355e33595decac33687477
1,https://biblicalstudies.org.uk/articles_rcl_01.php,https://biblicalstudies.org.uk/pdf/rcl/04-4_62.pdf,"Bibliography, 62-72. pdf","Bibliography, 62-72. pdf [Reproduced by permission of the current copyright holder]",200,https://biblicalstudies.org.uk/pdf/rcl/04-4_62.pdf,application/pdf,652269,True,9e0f494394be1041f881c858bb6f5454b6a4ee3649e14f38eb14a52ac8fc2a25
1,https://biblicalstudies.org.uk/articles_rcl_01.php,https://biblicalstudies.org.uk/pdf/rcl/05-1_02.pdf,"Editorial, 2-3. pdf","Editorial, 2-3. pdf [Reproduced by permission of the current copyright holder]",200,https://biblicalstudies.org.uk/pdf/rcl/05-1_02.pdf,application/pdf,97215,True,2eddc7eb740d4e0935722f2c3fb36f0b95381c932b05558652c2b37ff1cdf356
1,https://biblicalstudies.org.uk/articles_rcl_01.php,https://biblicalstudies.org.uk/pdf/rcl/05-1_04.pdf,"Bohdan R. Bociurkiw, ""The Catacomb Church : Ukrainian Greek Catholics in the USSR,"" Religion in Communist Lands 5.1 (1977): 4-12. pdf","Bohdan R. Bociurkiw, ""The Catacomb Church : Ukrainian Greek Catholics in the USSR,"" Religion in Communist Lands 5.1 (1977): 4-12. pdf [Reproduced by permission of the current copyright holder]",200,https://biblicalstudies.org.uk/pdf/rcl/05-1_04.pdf,application/pdf,494124,True,3774094bc08175fa32185c9b68818fb084e7b508f96b05c6daa32fbe8ca26188
1,https://biblicalstudies.org.uk/articles_rcl_01.php,https://biblicalstudies.org.uk/pdf/rcl/05-1_13.pdf,"Fairy Von Lilienfeld, "" A Georgian Holy Place,"" Religion in Communist Lands 5.1 (1977): 13-14. pdf","Fairy Von Lilienfeld, "" A Georgian Holy Place,"" Religion in Communist Lands 5.1 (1977): 13-14. pdf [Reproduced by permission of the current copyright holder]",200,https://biblicalstudies.org.uk/pdf/rcl/05-1_13.pdf,application/pdf,93187,True,0b0f832ffd70468e0aac66272c08cad1130aa559530778cc5d4c5b2a781eca5f
1,https://biblicalstudies.org.uk/articles_rcl_01.php,https://biblicalstudies.org.uk/pdf/rcl/05-1_15.pdf,"Peter Stephens, ""The Methodist Church of Eastern Europe,"" Religion in Communist Lands 5.1 (1977): 15- 18. pdf","Peter Stephens, ""The Methodist Church of Eastern Europe,"" Religion in Communist Lands 5.1 (1977): 15- 18. pdf [Reproduced by permission of the current copyright holder]",200,https://biblicalstudies.org.uk/pdf/rcl/05-1_15.pdf,application/pdf,198552,True,ade8acb929672a30b64d737faff10a56596cce3a4d62054f033a3838b62e27ca
1,https://biblicalstudies.org.uk/articles_rcl_01.php,https://biblicalstudies.org.uk/pdf/rcl/05-1_19.pdf,"Milena Kalinovska, ""Czech Metaphysical Poetry of the 1960s,"" Religion in Communist Lands 5.1 (1977): 19-22. pdf","Milena Kalinovska, ""Czech Metaphysical Poetry of the 1960s,"" Religion in Communist Lands 5.1 (1977): 19-22. pdf [Reproduced by permission of the current copyright holder]",200,https://biblicalstudies.org.uk/pdf/rcl/05-1_19.pdf,application/pdf,157930,True,27309f4e006b4825a2422e2221beadc62316802f65b499b05fc87a53f4305322
1,https://biblicalstudies.org.uk/articles_rcl_01.php,https://biblicalstudies.org.uk/pdf/rcl/05-1_23.pdf,"Philip Walters, ""New Russian Revolutionaries,"" Religion in Communist Lands 5.1 (1977): 23-26. pdf","Philip Walters, ""New Russian Revolutionaries,"" Religion in Communist Lands 5.1 (1977): 23-26. pdf [Reproduced by permission of the current copyright holder]",200,https://biblicalstudies.org.uk/pdf/rcl/05-1_23.pdf,application/pdf,677544,True,11c0f8a38a61fad25fff7bd22c4ce15004d3efa9f12e4712372e71e1a38150c1
1,https://biblicalstudies.org.uk/articles_rcl_01.php,https://biblicalstudies.org.uk/pdf/rcl/05-1_27.pdf,"Wassilij Alexeev & Keith Armes, ""German Intelligence: Religious Revival in Soviet Territory,"" Religion in Communist Lands 5.1 (1977): 27-30. pdf","Wassilij Alexeev & Keith Armes, ""German Intelligence: Religious Revival in Soviet Territory,"" Religion in Communist Lands 5.1 (1977): 27-30. pdf [Reproduced by permission of the current copyright holder]",200,https://biblicalstudies.org.uk/pdf/rcl/05-1_27.pdf,application/pdf,184335,True,3a78dda0746647d581a8e12bd1f599f3e95dff203807bc9047bacbca0484f9f9
1,https://biblicalstudies.org.uk/articles_rcl_01.php,https://biblicalstudies.org.uk/pdf/rcl/05-1_31.pdf,"""German Intelligence Reports,"" Religion in Communist Lands 5.1 (1977): 31-37. pdf","""German Intelligence Reports,"" Religion in Communist Lands 5.1 (1977): 31-37. pdf [Reproduced by permission of the current copyright holder]",200,https://biblicalstudies.org.uk/pdf/rcl/05-1_31.pdf,application/pdf,419914,True,bbd3f9b4fa404a0ce1e9621795a3a4691ee83552c4d9d07c88e1257a90e7d965
1,https://biblicalstudies.org.uk/articles_rcl_01.php,https://biblicalstudies.org.uk/pdf/rcl/05-1_38.pdf,"Janis Sapiets, ""Wilhelm Kahle: History of the Evangelical Lutheran Church in the Soviet Union 1917-1938,"" Religion in Communist Lands 5.1 (1977): 38-39. pdf","Janis Sapiets, ""Wilhelm Kahle: History of the Evangelical Lutheran Church in the Soviet Union 1917-1938,"" Religion in Communist Lands 5.1 (1977): 38-39. pdf [Reproduced by permission of the current copyright holder]",200,https://biblicalstudies.org.uk/pdf/rcl/05-1_38.pdf,application/pdf,83130,True,b71bab8668b9bfcbbea5b4a59e1eea72fcf1d84fab7358b9e506892f2b5bfd1f
1,https://biblicalstudies.org.uk/articles_rcl_01.php,https://biblicalstudies.org.uk/pdf/rcl/05-1_39.pdf,"Peter Reddaway, ""Amnesty International Report: Prisoners of Conscience in the USSR: Their Treatment and Conditions,"" Religion in Communist Lands 5.1 (1977): 39-41. pdf","Peter Reddaway, ""Amnesty International Report: Prisoners of Conscience in the USSR: Their Treatment and Conditions,"" Religion in Communist Lands 5.1 (1977): 39-41. pdf [Reproduced by permission of the current copyright holder]",200,https://biblicalstudies.org.uk/pdf/rcl/05-1_39.pdf,application/pdf,882860,True,3361642a6d174c3afd51d85ed03febfaf4b549c9b27d4e97f3d1108c0cc9c0b1
1,https://biblicalstudies.org.uk/articles_rcl_01.php,https://biblicalstudies.org.uk/pdf/rcl/05-1_41.pdf,"Malcolm Haslett, ""Hervé Leclerc: Marxism and the Church of Rome,"" Religion in Communist Lands 5.1 (1977): 41-42. pdf","Malcolm Haslett, ""Hervé Leclerc: Marxism and the Church of Rome,"" Religion in Communist Lands 5.1 (1977): 41-42. pdf [Reproduced by permission of the current copyright holder]",200,https://biblicalstudies.org.uk/pdf/rcl/05-1_41.pdf,application/pdf,92865,True,fe24f5f761a16a0ead07f63070257000b97ff1a1b79153896b97a9403d8dc037
1,https://biblicalstudies.org.uk/articles_rcl_01.php,https://biblicalstudies.org.uk/pdf/rcl/05-1_43.pdf,"Elya Pyatigorskaya, ""Questions of Scientific Atheism (No. 16),"" Religion in Communist Lands 5.1 (1977): 43. pdf","Elya Pyatigorskaya, ""Questions of Scientific Atheism (No. 16),"" Religion in Communist Lands 5.1 (1977): 43. pdf [Reproduced by permission of the current copyright holder]",200,https://biblicalstudies.org.uk/pdf/rcl/05-1_43.pdf,application/pdf,48361,True,49c85bd9acd4b9a65298ac5d996e055df0a4ee2121f2324dc2b8980ee573323f
1,https://biblicalstudies.org.uk/articles_rcl_01.php,https://biblicalstudies.org.uk/pdf/rcl/05-1_44.pdf,"Comment, 44-47. pdf","Comment, 44-47. pdf [Reproduced by permission of the current copyright holder]",200,https://biblicalstudies.org.uk/pdf/rcl/05-1_44.pdf,application/pdf,221415,True,bc0418d6fcda39aa2678dd6ec4cf0d8ba75453e7e41ead4175003ab7b0b8ab92
1,https://biblicalstudies.org.uk/articles_rcl_01.php,https://biblicalstudies.org.uk/pdf/rcl/05-1_48.pdf,"News from Keston College, 48-50. pdf","News from Keston College, 48-50. pdf [Reproduced by permission of the current copyright holder]",200,https://biblicalstudies.org.uk/pdf/rcl/05-1_48.pdf,application/pdf,127690,True,cbc852afaf0d23acb71f93351c6823a055778fa2cd048f2c52304036feb9c217
1,https://biblicalstudies.org.uk/articles_rcl_01.php,https://biblicalstudies.org.uk/pdf/rcl/05-1_51.pdf,"News in Brief, 51-56. pdf","News in Brief, 51-56. pdf [Reproduced by permission of the current copyright holder]",200,https://biblicalstudies.org.uk/pdf/rcl/05-1_51.pdf,application/pdf,374428,True,0acf3b4970d419736af11aae15774d2d051d49fdd467bdf590b5b7e2af3cbba2
1,https://biblicalstudies.org.uk/articles_rcl_01.php,https://biblicalstudies.org.uk/pdf/rcl/05-1_57.pdf,"Bibliography, 57-72. pdf","Bibliography, 57-72. pdf [Reproduced by permission of the current copyright holder]",200,https://biblicalstudies.org.uk/pdf/rcl/05-1_57.pdf,application/pdf,915287,True,6f478f419e027851f57e932387a4b4355df9a9756b5ed5ddd02d21f102c8ff6d
1,https://biblicalstudies.org.uk/articles_rcl_01.php,https://biblicalstudies.org.uk/pdf/rcl/05-2_74.pdf,"Editorial, 74-75. pdf","Editorial, 74-75. pdf [Reproduced by kind permission of the copyright holder]",200,https://biblicalstudies.org.uk/pdf/rcl/05-2_74.pdf,application/pdf,96066,True,150de2af5369981dd826f2cc8e9d76cf944896909d1e2f96ab54fb7093c5ad4a
1,https://biblicalstudies.org.uk/articles_rcl_01.php,https://biblicalstudies.org.uk/pdf/rcl/05-2_76.pdf,"John Lawrence, ""Soviet Jews,"" Religion in Communist Lands 5.2 (1977): 76-80. pdf","John Lawrence, ""Soviet Jews,"" Religion in Communist Lands 5.2 (1977): 76-80. pdf [Reproduced by kind permission of the copyright holder]",200,https://biblicalstudies.org.uk/pdf/rcl/05-2_76.pdf,application/pdf,239004,True,57357847ea27ee82a5e83bb7e57f46d81c81864833962bed481e8fcd7f5618a2
1,https://biblicalstudies.org.uk/articles_rcl_01.php,https://biblicalstudies.org.uk/pdf/rcl/05-2_81.pdf,"Lucjan Blit, ""The Polish Episcopate: Spokesman for Society,"" Religion in Communist Lands 5.2 (1977): 81-84. pdf","Lucjan Blit, ""The Polish Episcopate: Spokesman for Society,"" Religion in Communist Lands 5.2 (1977): 81-84. pdf [Reproduced by kind permission of the copyright holder]",200,https://biblicalstudies.org.uk/pdf/rcl/05-2_81.pdf,application/pdf,180908,True,34cdcc78750326765460fe51a710be6cc1734d3b57019491ab2d007fa8f5868f
1,https://biblicalstudies.org.uk/articles_rcl_01.php,https://biblicalstudies.org.uk/pdf/rcl/05-2_84.pdf,"Lucjan Blit, ""The Polish Episcopate: Spokesman for Society: Appendix:: Poles Demand Basic Freedoms,"" Religion in Communist Lands 5.2 (1977): 84-85. pdf","Lucjan Blit, ""The Polish Episcopate: Spokesman for Society: Appendix:: Poles Demand Basic Freedoms,"" Religion in Communist Lands 5.2 (1977): 84-85. pdf [Reproduced by kind permission of the copyright holder]",200,https://biblicalstudies.org.uk/pdf/rcl/05-2_84.pdf,application/pdf,120388,True,0e9dd10ec55db72b868be9495c9417f8710e19d636557f834c69bea854648ae8
1,https://biblicalstudies.org.uk/articles_rcl_01.php,https://biblicalstudies.org.uk/pdf/rcl/05-2_85.pdf,"Lucjan Blit, ""The Polish Episcopate: Spokesman for Society. Appendix:: 
              Statement of Polish Bishops,"" Religion in Communist Lands 5.2 (1977): 85-87. pdf","Lucjan Blit, ""The Polish Episcopate: Spokesman for Society. Appendix:: 
              Statement of Polish Bishops,"" Religion in Communist Lands 5.2 (1977): 85-87. pdf [Reproduced by kind permission of the copyright holder]",200,https://biblicalstudies.org.uk/pdf/rcl/05-2_85.pdf,application/pdf,179738,True,b1925fe7cd6a681cf05a325d16fb338012a97276c4085b9e62186aea60fb709b
1,https://biblicalstudies.org.uk/articles_rcl_01.php,https://biblicalstudies.org.uk/pdf/rcl/05-2_88.pdf,"Katharine Murray, ""Soviet Seventh-Day Adventists,"" Religion in Communist Lands 5.2 (1977): 88-93. pdf","Katharine Murray, ""Soviet Seventh-Day Adventists,"" Religion in Communist Lands 5.2 (1977): 88-93. pdf [Reproduced by kind permission of the copyright holder]",200,https://biblicalstudies.org.uk/pdf/rcl/05-2_88.pdf,application/pdf,298148,True,ca2a4af7cf56723862b53fa6af60f636772f64cb6ac54cfc964aae6b3ff46332
1,https://biblicalstudies.org.uk/articles_rcl_01.php,https://biblicalstudies.org.uk/pdf/rcl/05-2_94.pdf,"Alan Scarfe, ""Romanian Baptist Congress.,"" Religion in Communist Lands 5.2 (1977): 94-98. pdf","Alan Scarfe, ""Romanian Baptist Congress.,"" Religion in Communist Lands 5.2 (1977): 94-98. pdf [Reproduced by kind permission of the copyright holder]",200,https://biblicalstudies.org.uk/pdf/rcl/05-2_94.pdf,application/pdf,246195,True,c767a6cb9c8d13792cd4bca7df1733f704853cde5f59c75a5dc8c7d5e3423884
1,https://biblicalstudies.org.uk/articles_rcl_01.php,https://biblicalstudies.org.uk/pdf/rcl/05-2_99.pdf,"Alan Scarfe, ""Romanian Baptist Congress. Appendix: Christmas Letter,"" Religion in Communist Lands 5.2 (1977): 99-101. pdf","Alan Scarfe, ""Romanian Baptist Congress. Appendix: Christmas Letter,"" Religion in Communist Lands 5.2 (1977): 99-101. pdf [Reproduced by kind permission of the copyright holder]",200,https://biblicalstudies.org.uk/pdf/rcl/05-2_99.pdf,application/pdf,186198,True,f10a8a29edc21a73e25ca491da60f75d93482e5f76eb2aec9b292bcfd8e9e4f5
1,https://biblicalstudies.org.uk/articles_rcl_01.php,https://biblicalstudies.org.uk/pdf/rcl/05-2_101.pdf,"Alan Scarfe, ""Romanian Baptist Congress. Appendix: Josif Ton Fast,"" Religion in Communist Lands 5.2 (1977): 101-103. pdf","Alan Scarfe, ""Romanian Baptist Congress. Appendix: Josif Ton Fast,"" Religion in Communist Lands 5.2 (1977): 101-103. pdf [Reproduced by kind permission of the copyright holder]",200,https://biblicalstudies.org.uk/pdf/rcl/05-2_101.pdf,application/pdf,177260,True,992e2aa3d6ac1227ad92148a71656423a321720142e6153f234db8f88479db4d
1,https://biblicalstudies.org.uk/articles_rcl_01.php,https://biblicalstudies.org.uk/pdf/rcl/05-2_103.pdf,"Alan Scarfe, ""Romanian Baptist Congress. Appendix: 
              Baptists in Bucharest Protest,"" Religion in Communist Lands 5.2 (1977): 103-104. pdf","Alan Scarfe, ""Romanian Baptist Congress. Appendix: 
              Baptists in Bucharest Protest,"" Religion in Communist Lands 5.2 (1977): 103-104. pdf [Reproduced by kind permission of the copyright holder]",200,https://biblicalstudies.org.uk/pdf/rcl/05-2_103.pdf,application/pdf,94591,True,2e52f72892e69abcee8ee02d6da1dc6c319b4ec40bfe47856ba31041281b4fb6
1,https://biblicalstudies.org.uk/articles_rcl_01.php,https://biblicalstudies.org.uk/pdf/rcl/05-2_104.pdf,"Alan Scarfe, ""Romanian Baptist Congress. Appendix:                  
              Resolutions Before the Congress,"" Religion in Communist Lands 5.2 (1977): 104. pdf","Alan Scarfe, ""Romanian Baptist Congress. Appendix:                  
              Resolutions Before the Congress,"" Religion in Communist Lands 5.2 (1977): 104. pdf [Reproduced by kind permission of the copyright holder]",200,https://biblicalstudies.org.uk/pdf/rcl/05-2_104.pdf,application/pdf,411523,True,b806124678bd6e42b6c69c0d45fd6978992f94fd64763bd9ed870cac82f73550
1,https://biblicalstudies.org.uk/articles_rcl_01.php,https://biblicalstudies.org.uk/pdf/rcl/05-2_105.pdf,"Stella Alexander, ""Anne Kindersley: The Mountains of Serbia,"" Religion in Communist Lands 5.2 (1977): 105-106. pdf","Stella Alexander, ""Anne Kindersley: The Mountains of Serbia,"" Religion in Communist Lands 5.2 (1977): 105-106. pdf [Reproduced by kind permission of the copyright holder]",200,https://biblicalstudies.org.uk/pdf/rcl/05-2_105.pdf,application/pdf,91036,True,6a53a50b391a12a8d2c9a802b13faeaa04f6ff9c531ab6d057402daa6ae9d99b
1,https://biblicalstudies.org.uk/articles_rcl_01.php,https://biblicalstudies.org.uk/pdf/rcl/05-2_106.pdf,"Lyle Dennen, ""An Early Soviet Saint,"" Religion in Communist Lands 5.2 (1977): 106-107. pdf","Lyle Dennen, ""An Early Soviet Saint,"" Religion in Communist Lands 5.2 (1977): 106-107. pdf [Reproduced by kind permission of the copyright holder]",200,https://biblicalstudies.org.uk/pdf/rcl/05-2_106.pdf,application/pdf,100107,True,5f0f412773084a80d1b8fe17a08cceb4de8db00bbc92aa4264bbe556277d1ff9
1,https://biblicalstudies.org.uk/articles_rcl_01.php,https://biblicalstudies.org.uk/pdf/rcl/05-2_107.pdf,"John Arnold, ""Pierre Pascal: The Religion of the Russian People,"" Religion in Communist Lands 5.2 (1977): 107-108. pdf","John Arnold, ""Pierre Pascal: The Religion of the Russian People,"" Religion in Communist Lands 5.2 (1977): 107-108. pdf [Reproduced by kind permission of the copyright holder]",200,https://biblicalstudies.org.uk/pdf/rcl/05-2_107.pdf,application/pdf,90899,True,987e2aa23cd457e45838c520ee963edb4280b00f436726bbc990d44404a6239e
1,https://biblicalstudies.org.uk/articles_rcl_01.php,https://biblicalstudies.org.uk/pdf/rcl/05-2_109.pdf,"""German Intelligence Reports,"" Religion in Communist Lands 5.2 (1977): 109-116. pdf","""German Intelligence Reports,"" Religion in Communist Lands 5.2 (1977): 109-116. pdf [Reproduced by kind permission of the copyright holder]",200,https://biblicalstudies.org.uk/pdf/rcl/05-2_109.pdf,application/pdf,461611,True,00c9b124f96eb9b7e8818d5d5f97bb21c1f9db69a717f1eac7984226dd1d0fdb
1,https://biblicalstudies.org.uk/articles_rcl_01.php,https://biblicalstudies.org.uk/pdf/rcl/05-2_117.pdf,"Christopher Cviic, ""The Kremlin and the Vatican: Ostpolitik,"" Religion in Communist Lands 5.2 (1977): 117-119. pdf","Christopher Cviic, ""The Kremlin and the Vatican: Ostpolitik,"" Religion in Communist Lands 5.2 (1977): 117-119. pdf [Reproduced by kind permission of the copyright holder]",200,https://biblicalstudies.org.uk/pdf/rcl/05-2_117.pdf,application/pdf,132364,True,128a97a448b625b475798f29d016a5fa607224796bd162b4be32a12ada69b462
1,https://biblicalstudies.org.uk/articles_rcl_01.php,https://biblicalstudies.org.uk/pdf/rcl/05-2_120.pdf,"News from Keston College, 120-121. pdf","News from Keston College, 120-121. pdf [Reproduced by kind permission of the copyright holder]",200,https://biblicalstudies.org.uk/pdf/rcl/05-2_120.pdf,application/pdf,486679,True,878060540e90ac616afe5583c3a0f337f7efb90f6a40f983e486600f7c7f89d9
1,https://biblicalstudies.org.uk/articles_rcl_01.php,https://biblicalstudies.org.uk/pdf/rcl/05-2_122.pdf,"News in Brief, 122-127. pdf","News in Brief, 122-127. pdf [Reproduced by kind permission of the copyright holder]",200,https://biblicalstudies.org.uk/pdf/rcl/05-2_122.pdf,application/pdf,362578,True,115553bc83e8ed86715a578b6dd6ceb53fc10b3123d336228ff4b956b2f9bedc
1,https://biblicalstudies.org.uk/articles_rcl_01.php,https://biblicalstudies.org.uk/pdf/rcl/05-2_128.pdf,"Bibliography, 128-144. pdf","Bibliography, 128-144. pdf [Reproduced by kind permission of the copyright holder]",200,https://biblicalstudies.org.uk/pdf/rcl/05-2_128.pdf,application/pdf,821260,True,5b208bce9f6e07c17cac76a4b6dbe80ba413d94978aee2930f777d4612ad950b
1,https://biblicalstudies.org.uk/articles_rcl_01.php,https://biblicalstudies.org.uk/pdf/rcl/05-3_146.pdf,"Editorial, 146-147. pdf","Editorial, 146-147. pdf [Reproduced by permission of the current copyright holder]",200,https://biblicalstudies.org.uk/pdf/rcl/05-3_146.pdf,application/pdf,94106,True,fe8a399dc58164c6227bf1cc547a9399bbe44968c5a3fab8504f3867efe390cf
1,https://biblicalstudies.org.uk/articles_rcl_01.php,https://biblicalstudies.org.uk/pdf/rcl/05-3_148.pdf,"Milena Kalinovska, ""The Religious Situation in Czechoslovakia,"" Religion in Communist Lands 5.3 (1977): 148-157. pdf","Milena Kalinovska, ""The Religious Situation in Czechoslovakia,"" Religion in Communist Lands 5.3 (1977): 148-157. pdf [Reproduced by permission of the current copyright holder]",200,https://biblicalstudies.org.uk/pdf/rcl/05-3_148.pdf,application/pdf,517443,True,5786d5e0d019bcb7920e721b9abe7cc81465034ac180eaf395f9c603cda0d940
1,https://biblicalstudies.org.uk/articles_rcl_01.php,https://biblicalstudies.org.uk/pdf/rcl/05-3_157.pdf,"Milena Kalinovska, ""The Religious Situation in Czechoslovakia. Appendix: Church in Slovakia Undermined,"" Religion in Communist Lands 5.3 (1977): 157-158. pdf","Milena Kalinovska, ""The Religious Situation in Czechoslovakia. Appendix: Church in Slovakia Undermined,"" Religion in Communist Lands 5.3 (1977): 157-158. pdf [Reproduced by permission of the current copyright holder]",200,https://biblicalstudies.org.uk/pdf/rcl/05-3_157.pdf,application/pdf,110807,True,da6b9ca798a45f8081718a036a0e7fa7bb41c6c475da96e004f236d5425096d2
1,https://biblicalstudies.org.uk/articles_rcl_01.php,https://biblicalstudies.org.uk/pdf/rcl/05-3_158.pdf,"Milena Kalinovska, ""The Religious Situation in Czechoslovakia. Appendix: 
              Charter 77 - Document No. 9,"" Religion in Communist Lands 5.3 (1977): 158-161. pdf","Milena Kalinovska, ""The Religious Situation in Czechoslovakia. Appendix: 
              Charter 77 - Document No. 9,"" Religion in Communist Lands 5.3 (1977): 158-161. pdf [Reproduced by permission of the current copyright holder]",200,https://biblicalstudies.org.uk/pdf/rcl/05-3_158.pdf,application/pdf,765755,True,04beacc27da148f69502c54b02433340ea91efb2d944a2e53156f8917d9f94f2
1,https://biblicalstudies.org.uk/articles_rcl_01.php,https://biblicalstudies.org.uk/pdf/rcl/05-3_161.pdf,"Milena Kalinovska, ""The Religious Situation in Czechoslovakia. Appendix:                  
              Czech Clergy and Charter 77,"" Religion in Communist Lands 5.3 (1977): 161-162. pdf","Milena Kalinovska, ""The Religious Situation in Czechoslovakia. Appendix:                  
              Czech Clergy and Charter 77,"" Religion in Communist Lands 5.3 (1977): 161-162. pdf [Reproduced by permission of the current copyright holder]",200,https://biblicalstudies.org.uk/pdf/rcl/05-3_161.pdf,application/pdf,118826,True,3989ef3a3fbe0709f741d703c49a1f8638c938fa64a5245abf8de3306c63ec65
1,https://biblicalstudies.org.uk/articles_rcl_01.php,https://biblicalstudies.org.uk/pdf/rcl/05-3_162.pdf,"Milena Kalinovska, ""The Religious Situation in Czechoslovakia. Appendix:                  
              Churches Under Pressure,"" Religion in Communist Lands 5.3 (1977): 162-163. pdf","Milena Kalinovska, ""The Religious Situation in Czechoslovakia. Appendix:                  
              Churches Under Pressure,"" Religion in Communist Lands 5.3 (1977): 162-163. pdf [Reproduced by permission of the current copyright holder]",200,https://biblicalstudies.org.uk/pdf/rcl/05-3_162.pdf,application/pdf,115356,True,e909a82c59ec25cbf7ba1806149c2289f14f1883526f5ba72cf7c27258c98b46
1,https://biblicalstudies.org.uk/articles_rcl_01.php,https://biblicalstudies.org.uk/pdf/rcl/05-3_163.pdf,"Milena Kalinovska, ""The Religious Situation in Czechoslovakia. Appendix:                  
              Roman Catholic Church Criticized,"" Religion in Communist Lands 5.3 (1977): 163. pdf","Milena Kalinovska, ""The Religious Situation in Czechoslovakia. Appendix:                  
              Roman Catholic Church Criticized,"" Religion in Communist Lands 5.3 (1977): 163. pdf [Reproduced by permission of the current copyright holder]",200,https://biblicalstudies.org.uk/pdf/rcl/05-3_163.pdf,application/pdf,62768,True,38733818fe83e596a6975425a8dddf4e6947a6b68fb6b120153977b16e502ccf
1,https://biblicalstudies.org.uk/articles_rcl_01.php,https://biblicalstudies.org.uk/pdf/rcl/05-3_164.pdf,"Alan Scarfe, ""Patriarch Justinian of Romania: His Early Social Thought,"" Religion in Communist Lands 5.3 (1977): 164-169. pdf","Alan Scarfe, ""Patriarch Justinian of Romania: His Early Social Thought,"" Religion in Communist Lands 5.3 (1977): 164-169. pdf [Reproduced by permission of the current copyright holder]",200,https://biblicalstudies.org.uk/pdf/rcl/05-3_164.pdf,application/pdf,303783,True,a341c282c627a5fa502634929b35ca44a24ad5b5b6d0d6ab6b541abe1c46134b
1,https://biblicalstudies.org.uk/articles_rcl_01.php,https://biblicalstudies.org.uk/pdf/rcl/05-3_170.pdf,"Michael Rowe, ""Soviet Pentecostals: Movement For Emigration,"" Religion in Communist Lands 5.3 (1977): 170-174. pdf","Michael Rowe, ""Soviet Pentecostals: Movement For Emigration,"" Religion in Communist Lands 5.3 (1977): 170-174. pdf [Reproduced by permission of the current copyright holder]",200,https://biblicalstudies.org.uk/pdf/rcl/05-3_170.pdf,application/pdf,281876,True,1416ddb009dd91ed2668a00b25cb5603f0aab32a10cead3617afdb6c8d28c5e9
1,https://biblicalstudies.org.uk/articles_rcl_01.php,https://biblicalstudies.org.uk/pdf/rcl/05-3_174.pdf,"Michael Rowe, ""Soviet Pentecostals: Movement For Emigration. Appendix: Pentecostal Dossier: Extracts,"" Religion in Communist Lands 5.3 (1977): 174-179. pdf","Michael Rowe, ""Soviet Pentecostals: Movement For Emigration. Appendix: Pentecostal Dossier: Extracts,"" Religion in Communist Lands 5.3 (1977): 174-179. pdf [Reproduced by permission of the current copyright holder]",200,https://biblicalstudies.org.uk/pdf/rcl/05-3_174.pdf,application/pdf,827085,True,434b7421cace2cdc342dea11ded6c582c20666fb8c81ea254836d1b5c456e844
1,https://biblicalstudies.org.uk/articles_rcl_01.php,https://biblicalstudies.org.uk/pdf/rcl/05-3_180.pdf,"John Lawrence, ""Olivier Clement: the Spirit of Solzhenitsyn,"" Religion in Communist Lands 5.3 (1977): 180-181. pdf","John Lawrence, ""Olivier Clement: the Spirit of Solzhenitsyn,"" Religion in Communist Lands 5.3 (1977): 180-181. pdf [Reproduced by permission of the current copyright holder]",200,https://biblicalstudies.org.uk/pdf/rcl/05-3_180.pdf,application/pdf,90426,True,1d97a43352fca5fbb0df5833cae1784c0248721da60fc7252f01bed61acb581b
1,https://biblicalstudies.org.uk/articles_rcl_01.php,https://biblicalstudies.org.uk/pdf/rcl/05-3_181.pdf,"Xenia Howard-Johnston, ""J.A. Hebly : Protestants in Russia,"" Religion in Communist Lands 5.3 (1977): 181-182. pdf","Xenia Howard-Johnston, ""J.A. Hebly : Protestants in Russia,"" Religion in Communist Lands 5.3 (1977): 181-182. pdf [Reproduced by permission of the current copyright holder]",200,https://biblicalstudies.org.uk/pdf/rcl/05-3_181.pdf,application/pdf,110141,True,cce4f609c87ee9d5b7cfc0305e9433a81f1f4f9f988b6f64e77b1833ea731512
1,https://biblicalstudies.org.uk/articles_rcl_01.php,https://biblicalstudies.org.uk/pdf/rcl/05-3_182.pdf,"Malcolm Haslett, ""Vadim Belotserkovsky (Ed.): USSR - Democratic Alternatives,"" Religion in Communist Lands 5.3 (1977): 182-183. pdf","Malcolm Haslett, ""Vadim Belotserkovsky (Ed.): USSR - Democratic Alternatives,"" Religion in Communist Lands 5.3 (1977): 182-183. pdf [Reproduced by permission of the current copyright holder]",200,https://biblicalstudies.org.uk/pdf/rcl/05-3_182.pdf,application/pdf,114564,True,171ddfffacf17df3ddfecd04957a75fa27f16ba55c67b553028163600224eccc
1,https://biblicalstudies.org.uk/articles_rcl_01.php,https://biblicalstudies.org.uk/pdf/rcl/05-3_184.pdf,"""Official Statement Of Soviet Baptist Leaders,"" Religion in Communist Lands 5.3 (1977): 184-186. pdf","""Official Statement Of Soviet Baptist Leaders,"" Religion in Communist Lands 5.3 (1977): 184-186. pdf [Reproduced by permission of the current copyright holder]",200,https://biblicalstudies.org.uk/pdf/rcl/05-3_184.pdf,application/pdf,207972,True,aee993a92a2be9e6988ad460bf1a830de851b02ea17124c1e3c1bd4807424672
1,https://biblicalstudies.org.uk/articles_rcl_01.php,https://biblicalstudies.org.uk/pdf/rcl/05-3_186.pdf,"""Soviet Weekly Attacks Four Churchmen,"" Religion in Communist Lands 5.3 (1977): 186-191. pdf","""Soviet Weekly Attacks Four Churchmen,"" Religion in Communist Lands 5.3 (1977): 186-191. pdf [Reproduced by permission of the current copyright holder]",200,https://biblicalstudies.org.uk/pdf/rcl/05-3_186.pdf,application/pdf,421902,True,ef18d38c1deb19e5e7f8fbe5ee5705d16ad8273a8bf62f6411a1c0b81e464212
1,https://biblicalstudies.org.uk/articles_rcl_01.php,https://biblicalstudies.org.uk/pdf/rcl/05-3_192.pdf,"News From Keston College, 192-194.. pdf","News From Keston College, 192-194.. pdf [Reproduced by permission of the current copyright holder]",200,https://biblicalstudies.org.uk/pdf/rcl/05-3_192.pdf,application/pdf,141162,True,5d893cd55c53860cc6fae91b9e06c87695886820e3f8d0b1fa5afb9df92bf5c9
1,https://biblicalstudies.org.uk/articles_rcl_01.php,https://biblicalstudies.org.uk/pdf/rcl/05-3_195.pdf,"News in Brief, 195-201. pdf","News in Brief, 195-201. pdf [Reproduced by permission of the current copyright holder]",200,https://biblicalstudies.org.uk/pdf/rcl/05-3_195.pdf,application/pdf,497291,True,87a602026ce996f08b293f91532ff20c5447e0743473a4b593d83e76c2ab3f81
1,https://biblicalstudies.org.uk/articles_rcl_01.php,https://biblicalstudies.org.uk/pdf/rcl/05-3_202.pdf,"Bibliography, 202-216. pdf","Bibliography, 202-216. pdf [Reproduced by permission of the current copyright holder]",200,https://biblicalstudies.org.uk/pdf/rcl/05-3_202.pdf,application/pdf,890233,True,93c02790f7bc9eaf816d0e9a894e3ad0bbcfffb24f0c75a72ba6771d29b9aeda
1,https://biblicalstudies.org.uk/articles_rcl_01.php,https://biblicalstudies.org.uk/pdf/rcl/05-4_218.pdf,"Editorial, 218-219. pdf","Editorial, 218-219. pdf [Reproduced by permission of the current copyright holder]",200,https://biblicalstudies.org.uk/pdf/rcl/05-4_218.pdf,application/pdf,91370,True,719a3a48ea24acbf73eec1b079d476e79d348727e48e12215ec22e2997ae5dab
1,https://biblicalstudies.org.uk/articles_rcl_01.php,https://biblicalstudies.org.uk/pdf/rcl/05-4_220.pdf,"Douglas Lancashire, ""Buddhism in Modern China,"" Religion in Communist Lands 5.4 (1977): 220-228. pdf","Douglas Lancashire, ""Buddhism in Modern China,"" Religion in Communist Lands 5.4 (1977): 220-228. pdf [Reproduced by permission of the current copyright holder]",200,https://biblicalstudies.org.uk/pdf/rcl/05-4_220.pdf,application/pdf,445237,True,c713f9f695dd7662dd2eca7426e36b83243a356e76e7014e29b7ffff5bd91ca7
1,https://biblicalstudies.org.uk/articles_rcl_01.php,https://biblicalstudies.org.uk/pdf/rcl/05-4_229.pdf,"Philip Walters, ""Vladimir Osipov: Legal Opposition?"" Religion in Communist Lands 5.4 (1977): 229-234. pdf","Philip Walters, ""Vladimir Osipov: Legal Opposition?"" Religion in Communist Lands 5.4 (1977): 229-234. pdf [Reproduced by permission of the current copyright holder]",200,https://biblicalstudies.org.uk/pdf/rcl/05-4_229.pdf,application/pdf,729615,True,11a62dfb44bb888345b494757ce36b42f451b5a76a74ad3dcfcf390b1f701665
1,https://biblicalstudies.org.uk/articles_rcl_01.php,https://biblicalstudies.org.uk/pdf/rcl/05-4_235.pdf,"John Stuart, ""Unofficial Art in the Soviet Union,"" Religion in Communist Lands 5.4 (1977): 235-237. pdf","John Stuart, ""Unofficial Art in the Soviet Union,"" Religion in Communist Lands 5.4 (1977): 235-237. pdf [Reproduced by permission of the current copyright holder]",200,https://biblicalstudies.org.uk/pdf/rcl/05-4_235.pdf,application/pdf,131443,True,955a7f109dee1df3710179b2b5dcafbabafbb7c832cf3e1a1950fc7effed031b
1,https://biblicalstudies.org.uk/articles_rcl_01.php,https://biblicalstudies.org.uk/pdf/rcl/05-4_238.pdf,"Stella Alexander, ""Church-State Relations in Yugoslavia: Recent Developments,"" Religion in Communist Lands 5.4 (1977): 238-240. pdf","Stella Alexander, ""Church-State Relations in Yugoslavia: Recent Developments,"" Religion in Communist Lands 5.4 (1977): 238-240. pdf [Reproduced by permission of the current copyright holder]",200,https://biblicalstudies.org.uk/pdf/rcl/05-4_238.pdf,application/pdf,138325,True,592b7f8cd4fb762bc2469f3038b543ed122bd9040aa5433438ec7964b36be3d6
1,https://biblicalstudies.org.uk/articles_rcl_01.php,https://biblicalstudies.org.uk/pdf/rcl/05-4_241.pdf,"John Arnold, ""GDR: Evening in a Parish,"" Religion in Communist Lands 5.4 (1977): 241-243. pdf","John Arnold, ""GDR: Evening in a Parish,"" Religion in Communist Lands 5.4 (1977): 241-243. pdf [Reproduced by permission of the current copyright holder]",200,https://biblicalstudies.org.uk/pdf/rcl/05-4_241.pdf,application/pdf,139972,True,1fd22d82364a5e7a637e67a6d63078cbd4db6034c048be6b1b631f6766d1dff8
1,https://biblicalstudies.org.uk/articles_rcl_01.php,https://biblicalstudies.org.uk/pdf/rcl/05-4_244.pdf,"Victor Swoboda, ""Isidore Nahayewsky : History of Ukraine; Soviet Persecution of Religion in Ukraine; Miroslav Labunka and Leonid Rudnytsky (Eds.): The Ukrainian Catholic Church 1945-1975; K. Ye Dmitruk : The Swastika on Cassocks; Valentyn Moroz: Boomerang; The Ukrainian Herald Issue 7-8 245,"" Religion in Communist Lands 5.4 (1977): 244-250. pdf","Victor Swoboda, ""Isidore Nahayewsky : History of Ukraine; Soviet Persecution of Religion in Ukraine; Miroslav Labunka and Leonid Rudnytsky (Eds.): The Ukrainian Catholic Church 1945-1975; K. Ye Dmitruk : The Swastika on Cassocks; Valentyn Moroz: Boomerang; The Ukrainian Herald Issue 7-8 245,"" Religion in Communist Lands 5.4 (1977): 244-250. pdf [Reproduced by permission of the current copyright holder]",200,https://biblicalstudies.org.uk/pdf/rcl/05-4_244.pdf,application/pdf,856065,True,50a27c62286239571d9da53521b90278e0fae8b71fce5d6cc18e05789247d92c
1,https://biblicalstudies.org.uk/articles_rcl_01.php,https://biblicalstudies.org.uk/pdf/rcl/05-4_251.pdf,"Kathleen Matchett, ""A. V. Belov & A. D. Shilkin: Diversion Without Dynamite,"" Religion in Communist Lands 5.4 (1977): 251-252. pdf","Kathleen Matchett, ""A. V. Belov & A. D. Shilkin: Diversion Without Dynamite,"" Religion in Communist Lands 5.4 (1977): 251-252. pdf [Reproduced by permission of the current copyright holder]",200,https://biblicalstudies.org.uk/pdf/rcl/05-4_251.pdf,application/pdf,178758,True,67ad39fea40b44993a9480ec85af5bc5d539461ec151aec5b6501212c18c7960
1,https://biblicalstudies.org.uk/articles_rcl_01.php,https://biblicalstudies.org.uk/pdf/rcl/05-4_253.pdf,"Elya Pyatigorskaya, ""Emmanuel Svetlov: Heralds of the Kingdom of God,"" Religion in Communist Lands 5.4 (1977): 253-254. pdf","Elya Pyatigorskaya, ""Emmanuel Svetlov: Heralds of the Kingdom of God,"" Religion in Communist Lands 5.4 (1977): 253-254. pdf [Reproduced by permission of the current copyright holder]",200,https://biblicalstudies.org.uk/pdf/rcl/05-4_253.pdf,application/pdf,121186,True,517d6353dfc1ade615258c2e8dc9d6a072c8ee25a5454fbb5c3ec7087b0216f0
1,https://biblicalstudies.org.uk/articles_rcl_01.php,https://biblicalstudies.org.uk/pdf/rcl/05-4_254.pdf,"John Lawrence, ""Lev Regelson: The Tragedy of the Russian Church, 1917-1945,"" Religion in Communist Lands 5.4 (1977): 254-256. pdf","John Lawrence, ""Lev Regelson: The Tragedy of the Russian Church, 1917-1945,"" Religion in Communist Lands 5.4 (1977): 254-256. pdf [Reproduced by permission of the current copyright holder]",200,https://biblicalstudies.org.uk/pdf/rcl/05-4_254.pdf,application/pdf,153619,True,af1220b113339afe0a5966ced1fa3c1872a301dc6d5a1e4f5c73612f9bad3a8e
1,https://biblicalstudies.org.uk/articles_rcl_01.php,https://biblicalstudies.org.uk/pdf/rcl/05-4_256.pdf,"Peter Hebblethwaite, ""José P. Miranda: Marx and the Bible,"" Religion in Communist Lands 5.4 (1977): 256-258. pdf","Peter Hebblethwaite, ""José P. Miranda: Marx and the Bible,"" Religion in Communist Lands 5.4 (1977): 256-258. pdf [Reproduced by permission of the current copyright holder]",200,https://biblicalstudies.org.uk/pdf/rcl/05-4_256.pdf,application/pdf,149042,True,8da0f6108996f37e02a88fedfe195331f6ad117c25b0d50a08f0ba39c432f08b
1,https://biblicalstudies.org.uk/articles_rcl_01.php,https://biblicalstudies.org.uk/pdf/rcl/05-4_259.pdf,"""Roy Medvedev Interviewed,"" Religion in Communist Lands 5.4 (1977): 259-261. pdf","""Roy Medvedev Interviewed,"" Religion in Communist Lands 5.4 (1977): 259-261. pdf [Reproduced by permission of the current copyright holder]",200,https://biblicalstudies.org.uk/pdf/rcl/05-4_259.pdf,application/pdf,195459,True,05fab545a86de31d36297cddd187713925e9496d2d6e057f8a6ba97462c47ddb
1,https://biblicalstudies.org.uk/articles_rcl_01.php,https://biblicalstudies.org.uk/pdf/rcl/05-4_261.pdf,"""Religious Festival in Svanetia,"" Religion in Communist Lands 5.4 (1977): 261-263. pdf","""Religious Festival in Svanetia,"" Religion in Communist Lands 5.4 (1977): 261-263. pdf [Reproduced by permission of the current copyright holder]",200,https://biblicalstudies.org.uk/pdf/rcl/05-4_261.pdf,application/pdf,193767,True,f40f759b19c71f076e32fb7cddf7f6a1ece09890aaf7c3ea1b18de8cb1f84812
1,https://biblicalstudies.org.uk/articles_rcl_01.php,https://biblicalstudies.org.uk/pdf/rcl/05-4_263.pdf,"""Prison Thoughts of Nijole Sadunaite,"" Religion in Communist Lands 5.4 (1977): 263-264. pdf","""Prison Thoughts of Nijole Sadunaite,"" Religion in Communist Lands 5.4 (1977): 263-264. pdf [Reproduced by permission of the current copyright holder]",200,https://biblicalstudies.org.uk/pdf/rcl/05-4_263.pdf,application/pdf,127293,True,a0760df5db43ad043de866bfcbaf78098e626c28b97a71f9ce8c9eb9d12c1d85
1,https://biblicalstudies.org.uk/articles_rcl_01.php,https://biblicalstudies.org.uk/pdf/rcl/05-4_264.pdf,"""Russian Orthodox Prisoners: Camp Conditions,"" Religion in Communist Lands 5.4 (1977): 264-266. pdf","""Russian Orthodox Prisoners: Camp Conditions,"" Religion in Communist Lands 5.4 (1977): 264-266. pdf [Reproduced by permission of the current copyright holder]",200,https://biblicalstudies.org.uk/pdf/rcl/05-4_264.pdf,application/pdf,184207,True,2ab8309eb56d7a938b14e051e9248c6862e4204d64794a7f8be8fd6fe655a03a
1,https://biblicalstudies.org.uk/articles_rcl_01.php,https://biblicalstudies.org.uk/pdf/rcl/05-4_267.pdf,"News from Keston College, 267-268. pdf","News from Keston College, 267-268. pdf [Reproduced by permission of the current copyright holder]",200,https://biblicalstudies.org.uk/pdf/rcl/05-4_267.pdf,application/pdf,68343,True,4e62b733c3ae4d4a94a619bf1c76a8e9bff9859ade213fb16870a27ec6d8a557
1,https://biblicalstudies.org.uk/articles_rcl_01.php,https://biblicalstudies.org.uk/pdf/rcl/05-4_269.pdf,"News in Brief, 269-276. pdf","News in Brief, 269-276. pdf [Reproduced by permission of the current copyright holder]",200,https://biblicalstudies.org.uk/pdf/rcl/05-4_269.pdf,application/pdf,492346,True,134c280a1961c55e2a7b8640655688876701f385380d52af6f1bbc808b685797
1,https://biblicalstudies.org.uk/articles_rcl_01.php,https://biblicalstudies.org.uk/pdf/rcl/05-4_277.pdf,"Bibliography, 277-288. pdf","Bibliography, 277-288. pdf [Reproduced by permission of the current copyright holder]",200,https://biblicalstudies.org.uk/pdf/rcl/05-4_277.pdf,application/pdf,741312,True,5b7ab214bb4a2f9cc0f27975bb8cae0a8f304d6debb8ee9df666762105d14f5d
2,https://biblicalstudies.org.uk/articles_rcl_02.php,https://biblicalstudies.org.uk/pdf/rcl/06-1_002.pdf,"Editorial, 2-3. pdf","Editorial, 2-3. pdf [Reproduced by permission of the current copyright holder]",200,https://biblicalstudies.org.uk/pdf/rcl/06-1_002.pdf,application/pdf,94061,True,3a8eb95398e61ab157dde0f71f5ba3c8d42b83aa1a50904bc7a116d8171640a5
2,https://biblicalstudies.org.uk/articles_rcl_02.php,https://biblicalstudies.org.uk/pdf/rcl/06-1_004.pdf,"Jeffrey C. Goldfarb, ""Polish Student Theatre and the Church,"" Religion in Communist Lands 6.1 (1978): 4-8. pdf","Jeffrey C. Goldfarb, ""Polish Student Theatre and the Church,"" Religion in Communist Lands 6.1 (1978): 4-8. pdf [Reproduced by permission of the current copyright holder]",200,https://biblicalstudies.org.uk/pdf/rcl/06-1_004.pdf,application/pdf,846804,True,f0f39a5f534b5f342e32a2c1abee020f176f528d930263d256b43415d0bd5804
2,https://biblicalstudies.org.uk/articles_rcl_02.php,https://biblicalstudies.org.uk/pdf/rcl/06-1_009.pdf,"John Lawrence, ""A Note on Albania,"" Religion in Communist Lands 6.1 (1978): 9-11. pdf","John Lawrence, ""A Note on Albania,"" Religion in Communist Lands 6.1 (1978): 9-11. pdf [Reproduced by permission of the current copyright holder]",200,https://biblicalstudies.org.uk/pdf/rcl/06-1_009.pdf,application/pdf,173087,True,6a4a4e906513a546bd92b854d4faa0141c4c9328d2bd063a1275e5d6efdc32f0
2,https://biblicalstudies.org.uk/articles_rcl_02.php,https://biblicalstudies.org.uk/pdf/rcl/06-1_012.pdf,"""Buddhism in the USSR : Alexander Pyatigorsky Interviewed the 1917 Council of the Russian Orthodox Church,"" Religion in Communist Lands 6.1 (1978): 12-16. pdf","""Buddhism in the USSR : Alexander Pyatigorsky Interviewed the 1917 Council of the Russian Orthodox Church,"" Religion in Communist Lands 6.1 (1978): 12-16. pdf [Reproduced by permission of the current copyright holder]",200,https://biblicalstudies.org.uk/pdf/rcl/06-1_012.pdf,application/pdf,261399,True,894e887426406e22fb371bdf60089f03e5618d3e49f603e40f8e269c2c93f5d6
2,https://biblicalstudies.org.uk/articles_rcl_02.php,https://biblicalstudies.org.uk/pdf/rcl/06-1_017.pdf,"Nicolas Zernov, ""Council of the Russian Orthodox Church,"" Religion in Communist Lands 6.1 (1978): 17-21. pdf","Nicolas Zernov, ""Council of the Russian Orthodox Church,"" Religion in Communist Lands 6.1 (1978): 17-21. pdf [Reproduced by permission of the current copyright holder]",200,https://biblicalstudies.org.uk/pdf/rcl/06-1_017.pdf,application/pdf,200768,True,9b0883cec37d93069b26660bf03ea459748577772705088670e96066f7f7b71f
2,https://biblicalstudies.org.uk/articles_rcl_02.php,https://biblicalstudies.org.uk/pdf/rcl/06-1_021.pdf,"Nicolas Zernov, ""Council of the Russian Orthodox Church. Appendix: From Disunity to Harmony; Council's Goal: `Sobornost'; Election of Patriarch; 
              Council's Advice Before Elections; Council Appeals for Peace; Protestants Support Orthodox,"" Religion in Communist Lands 6.1 (1978): 21-25. pdf","Nicolas Zernov, ""Council of the Russian Orthodox Church. Appendix: From Disunity to Harmony; Council's Goal: `Sobornost'; Election of Patriarch; 
              Council's Advice Before Elections; Council Appeals for Peace; Protestants Support Orthodox,"" Religion in Communist Lands 6.1 (1978): 21-25. pdf [Reproduced by permission of the current copyright holder]",200,https://biblicalstudies.org.uk/pdf/rcl/06-1_021.pdf,application/pdf,800921,True,2cd032f618b059b31c97a033ff7da2451b6dc3fd0249a8a8e8ec783124fd8a19
2,https://biblicalstudies.org.uk/articles_rcl_02.php,https://biblicalstudies.org.uk/pdf/rcl/06-1_026.pdf,"Christopher J. Read, ""W. Alexeev & T. G. Stavrou: The Great Revival ,"" Religion in Communist Lands 6.1 (1978): 26-27.. pdf","Christopher J. Read, ""W. Alexeev & T. G. Stavrou: The Great Revival ,"" Religion in Communist Lands 6.1 (1978): 26-27.. pdf [Reproduced by permission of the current copyright holder]",200,https://biblicalstudies.org.uk/pdf/rcl/06-1_026.pdf,application/pdf,102021,True,41ca0fb722cf51131b26dabb920b00f7bde3948acff07a5ababdd4dfd220f0b3
2,https://biblicalstudies.org.uk/articles_rcl_02.php,https://biblicalstudies.org.uk/pdf/rcl/06-1_027.pdf,"John Lawrence, ""Andrew Blane (Ed.): The Religious World of Russian Culture ,"" Religion in Communist Lands 6.1 (1978): 27-28. pdf","John Lawrence, ""Andrew Blane (Ed.): The Religious World of Russian Culture ,"" Religion in Communist Lands 6.1 (1978): 27-28. pdf [Reproduced by permission of the current copyright holder]",200,https://biblicalstudies.org.uk/pdf/rcl/06-1_027.pdf,application/pdf,110409,True,76fe291a96fee51ba4fb703623ca0b3221057801d31674329b3c3c067eaf01bd
2,https://biblicalstudies.org.uk/articles_rcl_02.php,https://biblicalstudies.org.uk/pdf/rcl/06-1_028.pdf,"Janice A. Brown,""Salo W. Baron: The Russian Jews Under Tsars and Soviets ; Martin Gilbert: The Jews in Russia ,"" Religion in Communist Lands 6.1 (1978): 28-29. pdf","Janice A. Brown,""Salo W. Baron: The Russian Jews Under Tsars and Soviets ; Martin Gilbert: The Jews in Russia ,"" Religion in Communist Lands 6.1 (1978): 28-29. pdf [Reproduced by permission of the current copyright holder]",200,https://biblicalstudies.org.uk/pdf/rcl/06-1_028.pdf,application/pdf,107597,True,6515d51c9191faf30647134fc4e551fb0fb9408e45d62b264dd8a8ad48bad30e
2,https://biblicalstudies.org.uk/articles_rcl_02.php,https://biblicalstudies.org.uk/pdf/rcl/06-1_029.pdf,"Kathleen Matchett, ""G. S. Lyalina: The Baptist Church: Illusions and Reality ,"" Religion in Communist Lands 6.1 (1978): 29-30. pdf","Kathleen Matchett, ""G. S. Lyalina: The Baptist Church: Illusions and Reality ,"" Religion in Communist Lands 6.1 (1978): 29-30. pdf [Reproduced by permission of the current copyright holder]",200,https://biblicalstudies.org.uk/pdf/rcl/06-1_029.pdf,application/pdf,107073,True,20d1a26d66c433602e894193a1b59edd1b78f8d52cd79b1bca8bdc3bcf05d00b
2,https://biblicalstudies.org.uk/articles_rcl_02.php,https://biblicalstudies.org.uk/pdf/rcl/06-1_030.pdf,"Elya Pyatigorskaya, "" Questions of Scientific Atheism (No. 17),"" Religion in Communist Lands 6.1 (1978): 30-31. pdf","Elya Pyatigorskaya, "" Questions of Scientific Atheism (No. 17),"" Religion in Communist Lands 6.1 (1978): 30-31. pdf [Reproduced by permission of the current copyright holder]",200,https://biblicalstudies.org.uk/pdf/rcl/06-1_030.pdf,application/pdf,99675,True,ac9911d6a748735a4d3a67c17381784840972905130e23ef8db3c543f2326103
2,https://biblicalstudies.org.uk/articles_rcl_02.php,https://biblicalstudies.org.uk/pdf/rcl/06-1_032.pdf,"""Soviet Official Lectures on Religion,"" Religion in Communist Lands 6.1 (1978): 32-33. pdf","""Soviet Official Lectures on Religion,"" Religion in Communist Lands 6.1 (1978): 32-33. pdf [Reproduced by permission of the current copyright holder]",200,https://biblicalstudies.org.uk/pdf/rcl/06-1_032.pdf,application/pdf,121082,True,42294750fe1c3b54368ba709054ca3b04e93b3091bd3b5f8f42aa65535517c4f
2,https://biblicalstudies.org.uk/articles_rcl_02.php,https://biblicalstudies.org.uk/pdf/rcl/06-1_033.pdf,"""Committee to Defend Believers Founded,"" Religion in Communist Lands 6.1 (1978): 33-34. pdf","""Committee to Defend Believers Founded,"" Religion in Communist Lands 6.1 (1978): 33-34. pdf [Reproduced by permission of the current copyright holder]",200,https://biblicalstudies.org.uk/pdf/rcl/06-1_033.pdf,application/pdf,125760,True,a80dd8ba5526019bdb8b1ce31ba82eead16d741eaeb63dec8b4428d56b721fa9
2,https://biblicalstudies.org.uk/articles_rcl_02.php,https://biblicalstudies.org.uk/pdf/rcl/06-1_034.pdf,"""Christian Critique of Soviet Draft Constitution,"" Religion in Communist Lands 6.1 (1978): 34-40. pdf","""Christian Critique of Soviet Draft Constitution,"" Religion in Communist Lands 6.1 (1978): 34-40. pdf [Reproduced by permission of the current copyright holder]",200,https://biblicalstudies.org.uk/pdf/rcl/06-1_034.pdf,application/pdf,433810,True,5285d1e299fa04f385b2ef4ad2dca4ef60243035898a409f6ef2a6474b9a4393
2,https://biblicalstudies.org.uk/articles_rcl_02.php,https://biblicalstudies.org.uk/pdf/rcl/06-1_041.pdf,"News from Keston College, 41-42. pdf","News from Keston College, 41-42. pdf [Reproduced by permission of the current copyright holder]",200,https://biblicalstudies.org.uk/pdf/rcl/06-1_041.pdf,application/pdf,89716,True,10887e372bedf085929007de9e85283b777ed13ff60cf3e12945437942445aba
2,https://biblicalstudies.org.uk/articles_rcl_02.php,https://biblicalstudies.org.uk/pdf/rcl/06-1_043.pdf,"News in Brief, 43-54. pdf","News in Brief, 43-54. pdf [Reproduced by permission of the current copyright holder]",200,https://biblicalstudies.org.uk/pdf/rcl/06-1_043.pdf,application/pdf,798374,True,7c6d25ddedfd5f876dfbafa4090bad202dbaaeaa310c72279026b2e3bc45670f
2,https://biblicalstudies.org.uk/articles_rcl_02.php,https://biblicalstudies.org.uk/pdf/rcl/06-1_055.pdf,"Bibliography, 55-72. pdf","Bibliography, 55-72. pdf [Reproduced by permission of the current copyright holder]",200,https://biblicalstudies.org.uk/pdf/rcl/06-1_055.pdf,application/pdf,1057624,True,c9d97592836817cb414ccfd6bb71078e40d7abff4b724c358d86837f9cc9ea44
2,https://biblicalstudies.org.uk/articles_rcl_02.php,https://biblicalstudies.org.uk/pdf/rcl/06-2_074.pdf,"Editorial, 74-75. pdf","Editorial, 74-75. pdf [Reproduced by permission of the current copyright holder]",200,https://biblicalstudies.org.uk/pdf/rcl/06-2_074.pdf,application/pdf,88872,True,c47f64dc21c84c277921d9a1c93e062bfb9b0d706f0b0de0fd785a97fe44989f
2,https://biblicalstudies.org.uk/articles_rcl_02.php,https://biblicalstudies.org.uk/pdf/rcl/06-2_076.pdf,"Stella Alexander, ""Archbishop Stepinac Reconsidered,"" Religion in Communist Lands 6.2 (1978): 76-88. pdf","Stella Alexander, ""Archbishop Stepinac Reconsidered,"" Religion in Communist Lands 6.2 (1978): 76-88. pdf [Reproduced by permission of the current copyright holder]",200,https://biblicalstudies.org.uk/pdf/rcl/06-2_076.pdf,application/pdf,1110661,True,bcdc7c7e7b282318aed42015bc1dc160ccbd417a3be46c78dce90d3a47d0d1d5
2,https://biblicalstudies.org.uk/articles_rcl_02.php,https://biblicalstudies.org.uk/pdf/rcl/06-2_089.pdf,"Caroline Ward, ""Church and State in East Germany,"" Religion in Communist Lands 6.2 (1978): 89-95. pdf","Caroline Ward, ""Church and State in East Germany,"" Religion in Communist Lands 6.2 (1978): 89-95. pdf [Reproduced by permission of the current copyright holder]",200,https://biblicalstudies.org.uk/pdf/rcl/06-2_089.pdf,application/pdf,371484,True,c222535e74897b9c45927790711900683d36822e87899209a97dfa43ac7e6063
2,https://biblicalstudies.org.uk/articles_rcl_02.php,https://biblicalstudies.org.uk/pdf/rcl/06-2_095.pdf,"Paul Oestreicher, ""Postscript,"" Religion in Communist Lands 6.2 (1978): 95-96. pdf","Paul Oestreicher, ""Postscript,"" Religion in Communist Lands 6.2 (1978): 95-96. pdf [Reproduced by permission of the current copyright holder]",200,https://biblicalstudies.org.uk/pdf/rcl/06-2_095.pdf,application/pdf,348618,True,af94ae81151e97de4c878e20be6150190ed2f5e2597f4d6597155c369839d53c
2,https://biblicalstudies.org.uk/articles_rcl_02.php,https://biblicalstudies.org.uk/pdf/rcl/06-2_097.pdf,"Peter Hebblethwaite, ""The GDR: Servant or Subservient Church? Religion in Communist Lands 6.2 (1978): 97-100. pdf","Peter Hebblethwaite, ""The GDR: Servant or Subservient Church? Religion in Communist Lands 6.2 (1978): 97-100. pdf [Reproduced by permission of the current copyright holder]",200,https://biblicalstudies.org.uk/pdf/rcl/06-2_097.pdf,application/pdf,186026,True,9c0c1182b39cf5e0f1e41d7597cc9b8ea3e359a0a2d4b6f3b4887e621abbea62
2,https://biblicalstudies.org.uk/articles_rcl_02.php,https://biblicalstudies.org.uk/pdf/rcl/06-2_101.pdf,"Philip Walters, ""Anatoli Krasnov-Levitin: Likhie Gody ,"" Religion in Communist Lands 6.2 (1978): 101-102. pdf","Philip Walters, ""Anatoli Krasnov-Levitin: Likhie Gody ,"" Religion in Communist Lands 6.2 (1978): 101-102. pdf [Reproduced by permission of the current copyright holder]",200,https://biblicalstudies.org.uk/pdf/rcl/06-2_101.pdf,application/pdf,95500,True,cee33a3f8bc42358b959e0ee166119f97d72f9da5cc1725a9ba8d8c27bfcb786
2,https://biblicalstudies.org.uk/articles_rcl_02.php,https://biblicalstudies.org.uk/pdf/rcl/06-2_102.pdf,"Alexander Pyatigorsky, ""Atheism and Religion in the Contemporary Struggle of Ideas,"" Religion in Communist Lands 6.2 (1978): 102-104. pdf","Alexander Pyatigorsky, ""Atheism and Religion in the Contemporary Struggle of Ideas,"" Religion in Communist Lands 6.2 (1978): 102-104. pdf [Reproduced by permission of the current copyright holder]",200,https://biblicalstudies.org.uk/pdf/rcl/06-2_102.pdf,application/pdf,150490,True,496373e3b70804c4ed8f2564245ce259f8565a806237e0f04ecedd857d733f24
2,https://biblicalstudies.org.uk/articles_rcl_02.php,https://biblicalstudies.org.uk/pdf/rcl/06-2_104.pdf,"Ruth Fowke, ""Peter Reddaway and Sidney Bloch: Russia's Political Hospitals ,"" Religion in Communist Lands 6.2 (1978): 104-105. pdf","Ruth Fowke, ""Peter Reddaway and Sidney Bloch: Russia's Political Hospitals ,"" Religion in Communist Lands 6.2 (1978): 104-105. pdf [Reproduced by permission of the current copyright holder]",200,https://biblicalstudies.org.uk/pdf/rcl/06-2_104.pdf,application/pdf,93028,True,27ae52bfd92d02ed88d4c5c9022fd2b695c2c41180b228bee22354f6dd99494a
2,https://biblicalstudies.org.uk/articles_rcl_02.php,https://biblicalstudies.org.uk/pdf/rcl/06-2_106.pdf,"""The Life of a Russian Priest,"" Religion in Communist Lands 6.2 (1978): 106-115. pdf","""The Life of a Russian Priest,"" Religion in Communist Lands 6.2 (1978): 106-115. pdf [Reproduced by permission of the current copyright holder]",200,https://biblicalstudies.org.uk/pdf/rcl/06-2_106.pdf,application/pdf,612270,True,530838589ee68f09c87d8d23eb37d994efe82402183abab9ffd457afa3645c39
2,https://biblicalstudies.org.uk/articles_rcl_02.php,https://biblicalstudies.org.uk/pdf/rcl/06-2_115.pdf,"""Moldavian Catholics Appeal to Pope,"" Religion in Communist Lands 6.2 (1978): 115-117. pdf","""Moldavian Catholics Appeal to Pope,"" Religion in Communist Lands 6.2 (1978): 115-117. pdf [Reproduced by permission of the current copyright holder]",200,https://biblicalstudies.org.uk/pdf/rcl/06-2_115.pdf,application/pdf,218019,True,d82d42cd9d8286b63774a821b92d04b6aa2571a0e6a78fa4a66682de287465bd
2,https://biblicalstudies.org.uk/articles_rcl_02.php,https://biblicalstudies.org.uk/pdf/rcl/06-2_117.pdf,"""Lithuanian Rector of Seminary Interviewed,"" Religion in Communist Lands 6.2 (1978): 117-119. pdf","""Lithuanian Rector of Seminary Interviewed,"" Religion in Communist Lands 6.2 (1978): 117-119. pdf [Reproduced by permission of the current copyright holder]",200,https://biblicalstudies.org.uk/pdf/rcl/06-2_117.pdf,application/pdf,205827,True,804b7e3b40d1166b7f6e306e874e73fa95930a7250e78c61a31fb7c77810f3d2
2,https://biblicalstudies.org.uk/articles_rcl_02.php,https://biblicalstudies.org.uk/pdf/rcl/06-2_120.pdf,"""Letters to the Editor,"" Religion in Communist Lands 6.2 (1978): 120-121. pdf","""Letters to the Editor,"" Religion in Communist Lands 6.2 (1978): 120-121. pdf [Reproduced by permission of the current copyright holder]",200,https://biblicalstudies.org.uk/pdf/rcl/06-2_120.pdf,application/pdf,94683,True,aa70cc145d1992f0b4f06b4b03bb68db1b6b632c62756c4e92e30e90311d57e3
2,https://biblicalstudies.org.uk/articles_rcl_02.php,https://biblicalstudies.org.uk/pdf/rcl/06-2_122.pdf,"News in Brief, 122-130. pdf","News in Brief, 122-130. pdf [Reproduced by permission of the current copyright holder]",200,https://biblicalstudies.org.uk/pdf/rcl/06-2_122.pdf,application/pdf,529050,True,1e306aab4454582d481f7b4025d4cde9546a2758abbbab26756a360da4425497
2,https://biblicalstudies.org.uk/articles_rcl_02.php,https://biblicalstudies.org.uk/pdf/rcl/06-2_131.pdf,"News From Keston College, 131. pdf","News From Keston College, 131. pdf [Reproduced by permission of the current copyright holder]",200,https://biblicalstudies.org.uk/pdf/rcl/06-2_131.pdf,application/pdf,48694,True,2961e1c01015e8a8092ebf835d09a0759ff3ac0dc94489c0f89906a9e6f30237
2,https://biblicalstudies.org.uk/articles_rcl_02.php,https://biblicalstudies.org.uk/pdf/rcl/06-2_132.pdf,"Bibliography, 132-144. pdf","Bibliography, 132-144. pdf [Reproduced by permission of the current copyright holder]",200,https://biblicalstudies.org.uk/pdf/rcl/06-2_132.pdf,application/pdf,795887,True,3327194e1e6b0729ec8c410957b5736de20f23d93d6b187143994c89042aae93
2,https://biblicalstudies.org.uk/articles_rcl_02.php,https://biblicalstudies.org.uk/pdf/rcl/06-3_146.pdf,"Editorial, 146-147. pdf","Editorial, 146-147. pdf [Reproduced by permission of the current copyright holder]",200,https://biblicalstudies.org.uk/pdf/rcl/06-3_146.pdf,application/pdf,91071,True,7dea069c951cee8ac34c51bb201c60f388de6fc8efe8c24981a02622206c483d
2,https://biblicalstudies.org.uk/articles_rcl_02.php,https://biblicalstudies.org.uk/pdf/rcl/06-3_148.pdf,"Stephen R. Bowers, ""Church and State in Albania,"" Religion in Communist Lands 6.3 (1978): 148-152. pdf","Stephen R. Bowers, ""Church and State in Albania,"" Religion in Communist Lands 6.3 (1978): 148-152. pdf [Reproduced by permission of the current copyright holder]",200,https://biblicalstudies.org.uk/pdf/rcl/06-3_148.pdf,application/pdf,911671,True,e3cba570e656584bbfea042988bc8973ea9eac7c0f9d7c4c1487d082bb8775e6
2,https://biblicalstudies.org.uk/articles_rcl_02.php,https://biblicalstudies.org.uk/pdf/rcl/06-3_153.pdf,"Alexandre Bennigsen & Chantal Lemfrcier-Quelquejay, ""Muslim Religious Conservatism and Dissent in the USSR,"" Religion in Communist Lands 6.3 (1978): 153-161. pdf","Alexandre Bennigsen & Chantal Lemfrcier-Quelquejay, ""Muslim Religious Conservatism and Dissent in the USSR,"" Religion in Communist Lands 6.3 (1978): 153-161. pdf [Reproduced by permission of the current copyright holder]",200,https://biblicalstudies.org.uk/pdf/rcl/06-3_153.pdf,application/pdf,522883,True,db5d9277b3b8599a5603bb76778379be542b6757c4f502e44ede956a88639017
2,https://biblicalstudies.org.uk/articles_rcl_02.php,https://biblicalstudies.org.uk/pdf/rcl/06-3_162.pdf,"Milena Kalinovska, ""Czechoslovakia Ten Years After. Appendix: 
              Czech Brethren Appeal to the State; Czech Pastor Protests; 
              Roman Catholics Demand Rights; Monastic Orders Fear Liquidation; Roman Catholics Suggest Solutions,"" Religion in Communist Lands 6.3 (1978): 162-178. pdf","Milena Kalinovska, ""Czechoslovakia Ten Years After. Appendix: 
              Czech Brethren Appeal to the State; Czech Pastor Protests; 
              Roman Catholics Demand Rights; Monastic Orders Fear Liquidation; Roman Catholics Suggest Solutions,"" Religion in Communist Lands 6.3 (1978): 162-178. pdf [Reproduced by permission of the current copyright holder]",200,https://biblicalstudies.org.uk/pdf/rcl/06-3_162.pdf,application/pdf,1596878,True,e8644e283147971d6c8f6390ad061bdf8f2ea693f681b33f5f07b3b909f3e24e
2,https://biblicalstudies.org.uk/articles_rcl_02.php,https://biblicalstudies.org.uk/pdf/rcl/06-3_179.pdf,"Lucjan Blit, ""Dennis J. Dunn: The Catholic Church and the Soviet Government ,"" Religion in Communist Lands 6.3 (1978): 179-180. pdf","Lucjan Blit, ""Dennis J. Dunn: The Catholic Church and the Soviet Government ,"" Religion in Communist Lands 6.3 (1978): 179-180. pdf [Reproduced by permission of the current copyright holder]",200,https://biblicalstudies.org.uk/pdf/rcl/06-3_179.pdf,application/pdf,99455,True,f69677cad664cc0d009b84ff849a66a8ca4b70f59eb9a4589091a2a75a082cc6
2,https://biblicalstudies.org.uk/articles_rcl_02.php,https://biblicalstudies.org.uk/pdf/rcl/06-3_180.pdf,"Roger Symon, ""Dissent in Poland 1976-77,"" Religion in Communist Lands 6.3 (1978): 180-181. pdf","Roger Symon, ""Dissent in Poland 1976-77,"" Religion in Communist Lands 6.3 (1978): 180-181. pdf [Reproduced by permission of the current copyright holder]",200,https://biblicalstudies.org.uk/pdf/rcl/06-3_180.pdf,application/pdf,104408,True,182bb2b7b755ee8a02d1d7ceca70dad124884422154acae4cd777b6633a887ae
2,https://biblicalstudies.org.uk/articles_rcl_02.php,https://biblicalstudies.org.uk/pdf/rcl/06-3_181.pdf,"Kathleen Matchett, ""Anita And Peter Deyneka a Song in Siberia,"" Religion in Communist Lands 6.3 (1978): 181-182. pdf","Kathleen Matchett, ""Anita And Peter Deyneka a Song in Siberia,"" Religion in Communist Lands 6.3 (1978): 181-182. pdf [Reproduced by permission of the current copyright holder]",200,https://biblicalstudies.org.uk/pdf/rcl/06-3_181.pdf,application/pdf,97317,True,6f98a0a941befd36598f05860e9a37ccfcd4e267880b18e8a5a26660e2823263
2,https://biblicalstudies.org.uk/articles_rcl_02.php,https://biblicalstudies.org.uk/pdf/rcl/06-3_183.pdf,"""Religious, Discrimination in Vietnam,"" Religion in Communist Lands 6.3 (1978): 183-194. pdf","""Religious, Discrimination in Vietnam,"" Religion in Communist Lands 6.3 (1978): 183-194. pdf [Reproduced by permission of the current copyright holder]",200,https://biblicalstudies.org.uk/pdf/rcl/06-3_183.pdf,application/pdf,756196,True,c2a98826fea9e59d3ff6a28c2da22ea5795dd9bacee3d84fdf773a4c54f4c572
2,https://biblicalstudies.org.uk/articles_rcl_02.php,https://biblicalstudies.org.uk/pdf/rcl/06-3_195.pdf,"News From Keston College, 195-196. pdf","News From Keston College, 195-196. pdf [Reproduced by permission of the current copyright holder]",200,https://biblicalstudies.org.uk/pdf/rcl/06-3_195.pdf,application/pdf,80952,True,eeaffe7f441c72a795bd7ada7e70ce214e7519f0f433332e5d0898af28556b87
2,https://biblicalstudies.org.uk/articles_rcl_02.php,https://biblicalstudies.org.uk/pdf/rcl/06-3_197.pdf,"News in Brief, 197-202. pdf","News in Brief, 197-202. pdf [Reproduced by permission of the current copyright holder]",200,https://biblicalstudies.org.uk/pdf/rcl/06-3_197.pdf,application/pdf,402384,True,2def746669c28fe091ba48398082b9bda25f027ff636127057f13646829c6375
2,https://biblicalstudies.org.uk/articles_rcl_02.php,https://biblicalstudies.org.uk/pdf/rcl/06-3_203.pdf,"Bibliography, 
              203-216. pdf","Bibliography, 
              203-216. pdf [Reproduced by permission of the current copyright holder]",200,https://biblicalstudies.org.uk/pdf/rcl/06-3_203.pdf,application/pdf,805231,True,4a70528a0d96c72979044a15f1a1d866c54ae66ca59b76d4d98aab320bac3415
2,https://biblicalstudies.org.uk/articles_rcl_02.php,https://biblicalstudies.org.uk/pdf/rcl/06-4_218.pdf,"Editorial, 218-219. pdf","Editorial, 218-219. pdf [Reproduced by permission of the current copyright holder]",200,https://biblicalstudies.org.uk/pdf/rcl/06-4_218.pdf,application/pdf,91327,True,09a68634b2aeb8ec2750188e96f8f4426445914aa2ba568192549345e3f6eb01
2,https://biblicalstudies.org.uk/articles_rcl_02.php,https://biblicalstudies.org.uk/pdf/rcl/06-4_220.pdf,"Alexander Tomsky, ""Profile of the New Pope,"" Religion in Communist Lands 6.4 (1978): 220-222. pdf","Alexander Tomsky, ""Profile of the New Pope,"" Religion in Communist Lands 6.4 (1978): 220-222. pdf [Reproduced by permission of the current copyright holder]",200,https://biblicalstudies.org.uk/pdf/rcl/06-4_220.pdf,application/pdf,136065,True,671d95d5582022932233ac5fd188b5e88f3f8161894254552a2458154c2afe8a
2,https://biblicalstudies.org.uk/articles_rcl_02.php,https://biblicalstudies.org.uk/pdf/rcl/06-4_223.pdf,"Roger Symon, ""Poland: the Catholic University of Lublin,"" Religion in Communist Lands 6.4 (1978): 223-226. pdf","Roger Symon, ""Poland: the Catholic University of Lublin,"" Religion in Communist Lands 6.4 (1978): 223-226. pdf [Reproduced by permission of the current copyright holder]",200,https://biblicalstudies.org.uk/pdf/rcl/06-4_223.pdf,application/pdf,854337,True,841dcccc318191bb6c8bfe4360e09d048098cc2a3bea0f3c2b57565afed3a2ae
2,https://biblicalstudies.org.uk/articles_rcl_02.php,https://biblicalstudies.org.uk/pdf/rcl/06-4_227.pdf,"Dimitri Pospielovsky, John Lawrence & Paul Oestreicher, ""Metropolitan Nikodim Remembered,"" Religion in Communist Lands 6.4 (1978): 227-234. pdf","Dimitri Pospielovsky, John Lawrence & Paul Oestreicher, ""Metropolitan Nikodim Remembered,"" Religion in Communist Lands 6.4 (1978): 227-234. pdf [Reproduced by permission of the current copyright holder]",200,https://biblicalstudies.org.uk/pdf/rcl/06-4_227.pdf,application/pdf,380426,True,5169a7c00842a1b68ab30916c9bd7ac2ec088e53dae19683c809c68450eedccd
2,https://biblicalstudies.org.uk/articles_rcl_02.php,https://biblicalstudies.org.uk/pdf/rcl/06-4_235.pdf,"Philip Walters, ""The Living Church 1922-1946,"" Religion in Communist Lands 6.4 (1978): 235-243. pdf","Philip Walters, ""The Living Church 1922-1946,"" Religion in Communist Lands 6.4 (1978): 235-243. pdf [Reproduced by permission of the current copyright holder]",200,https://biblicalstudies.org.uk/pdf/rcl/06-4_235.pdf,application/pdf,1137277,True,03d21732999470cbe75a9893326db9aabf48e1240494edc792c4643e36f7984c
2,https://biblicalstudies.org.uk/articles_rcl_02.php,https://biblicalstudies.org.uk/pdf/rcl/06-4_244.pdf,"Havdallah Wein, ""A Religious Minority Among Soviet Jewry,"" Religion in Communist Lands 6.4 (1978): 244-247. pdf","Havdallah Wein, ""A Religious Minority Among Soviet Jewry,"" Religion in Communist Lands 6.4 (1978): 244-247. pdf [Reproduced by permission of the current copyright holder]",200,https://biblicalstudies.org.uk/pdf/rcl/06-4_244.pdf,application/pdf,210167,True,9292e44bfdde9e9e765aaccdbc2e91eb2ba4240030bb4be3c42334652363197e
2,https://biblicalstudies.org.uk/articles_rcl_02.php,https://biblicalstudies.org.uk/pdf/rcl/06-4_248.pdf,"Leslie Paul, ""Mihajlo Mihajlov: Underground Notes ,"" Religion in Communist Lands 6.4 (1978): 248-250. pdf","Leslie Paul, ""Mihajlo Mihajlov: Underground Notes ,"" Religion in Communist Lands 6.4 (1978): 248-250. pdf [Reproduced by permission of the current copyright holder]",200,https://biblicalstudies.org.uk/pdf/rcl/06-4_248.pdf,application/pdf,133608,True,2a020fb726709fbf92aaa898193bb74e33cc49be0f5ffad08bb5fb4baed1674d
2,https://biblicalstudies.org.uk/articles_rcl_02.php,https://biblicalstudies.org.uk/pdf/rcl/06-4_250.pdf,"Stella Alexander, ""Laslo Revesz: The Christian Peace Conference,"" Religion in Communist Lands 6.4 (1978): 250-252. pdf","Stella Alexander, ""Laslo Revesz: The Christian Peace Conference,"" Religion in Communist Lands 6.4 (1978): 250-252. pdf [Reproduced by permission of the current copyright holder]",200,https://biblicalstudies.org.uk/pdf/rcl/06-4_250.pdf,application/pdf,153742,True,6d4b790be8422c3d16234cd365c159cce0e5f0798e13918b243facc446cb925b
2,https://biblicalstudies.org.uk/articles_rcl_02.php,https://biblicalstudies.org.uk/pdf/rcl/06-4_252.pdf,"Léon Tretjakewitsch, ""Paul Lesourd: Le Jésulte Clandestin, Mgr Michel D'herbigny ,"" Religion in Communist Lands 6.4 (1978): 252-253. pdf","Léon Tretjakewitsch, ""Paul Lesourd: Le Jésulte Clandestin, Mgr Michel D'herbigny ,"" Religion in Communist Lands 6.4 (1978): 252-253. pdf [Reproduced by permission of the current copyright holder]",200,https://biblicalstudies.org.uk/pdf/rcl/06-4_252.pdf,application/pdf,91434,True,66566d216880bc3b88f0978225b6d8c6ee0034add1fa88ab737eb18b96ff0b84
2,https://biblicalstudies.org.uk/articles_rcl_02.php,https://biblicalstudies.org.uk/pdf/rcl/06-4_254.pdf,"""Pastoral Letter From Polish Bishops,"" Religion in Communist Lands 6.4 (1978): 254-256. pdf","""Pastoral Letter From Polish Bishops,"" Religion in Communist Lands 6.4 (1978): 254-256. pdf [Reproduced by permission of the current copyright holder]",200,https://biblicalstudies.org.uk/pdf/rcl/06-4_254.pdf,application/pdf,184311,True,dda4402bdf2a0ce6cd427d4069dbe5665b143dc5ef767acca2d061960188f93f
2,https://biblicalstudies.org.uk/articles_rcl_02.php,https://biblicalstudies.org.uk/pdf/rcl/06-4_256.pdf,"""Polish Censorship Instructions,"" Religion in Communist Lands 6.4 (1978): 256-259. pdf","""Polish Censorship Instructions,"" Religion in Communist Lands 6.4 (1978): 256-259. pdf [Reproduced by permission of the current copyright holder]",200,https://biblicalstudies.org.uk/pdf/rcl/06-4_256.pdf,application/pdf,236752,True,249db315b925022e444fb48816621a2d8493974d001f33d875aecf21a716be01
2,https://biblicalstudies.org.uk/articles_rcl_02.php,https://biblicalstudies.org.uk/pdf/rcl/06-4_259.pdf,"""Kuroedov Praises Constitution,"" Religion in Communist Lands 6.4 (1978): 259-262. pdf","""Kuroedov Praises Constitution,"" Religion in Communist Lands 6.4 (1978): 259-262. pdf [Reproduced by permission of the current copyright holder]",200,https://biblicalstudies.org.uk/pdf/rcl/06-4_259.pdf,application/pdf,267149,True,5ff1f8603bf3b276bac05d53748e7ae0a82f84696cbebb314abf5681869aad00
2,https://biblicalstudies.org.uk/articles_rcl_02.php,https://biblicalstudies.org.uk/pdf/rcl/06-4_262.pdf,"""The New Georgian Patriarch,"" Religion in Communist Lands 6.4 (1978): 262-263. pdf","""The New Georgian Patriarch,"" Religion in Communist Lands 6.4 (1978): 262-263. pdf [Reproduced by permission of the current copyright holder]",200,https://biblicalstudies.org.uk/pdf/rcl/06-4_262.pdf,application/pdf,138367,True,1b3d6c2a4a836018a1f14ea1d142916a1bcd29a9ffa7fc596471a2c33177d680
2,https://biblicalstudies.org.uk/articles_rcl_02.php,https://biblicalstudies.org.uk/pdf/rcl/06-4_263.pdf,"""Georgian Patriarch Enthroned,"" Religion in Communist Lands 6.4 (1978): 263-265. pdf","""Georgian Patriarch Enthroned,"" Religion in Communist Lands 6.4 (1978): 263-265. pdf [Reproduced by permission of the current copyright holder]",200,https://biblicalstudies.org.uk/pdf/rcl/06-4_263.pdf,application/pdf,190762,True,75f7c2ac65490301e3d7c08d91b5f88f92fac0cd3733c051c1e0c079bc6aafc2
2,https://biblicalstudies.org.uk/articles_rcl_02.php,https://biblicalstudies.org.uk/pdf/rcl/06-4_266.pdf,"News From Keston College, 266-267. pdf","News From Keston College, 266-267. pdf [Reproduced by permission of the current copyright holder]",200,https://biblicalstudies.org.uk/pdf/rcl/06-4_266.pdf,application/pdf,89586,True,c735bfd58b38b31756c91f0502aa36a67768fac4e78bd036c9e80dfc8253b314
2,https://biblicalstudies.org.uk/articles_rcl_02.php,https://biblicalstudies.org.uk/pdf/rcl/06-4_268.pdf,"News in Brief, 268-274. pdf","News in Brief, 268-274. pdf [Reproduced by permission of the current copyright holder]",200,https://biblicalstudies.org.uk/pdf/rcl/06-4_268.pdf,application/pdf,426798,True,5cd66673422da867483b4a0c35eded67a471813a6bc88c64617c14b89210d0a6
2,https://biblicalstudies.org.uk/articles_rcl_02.php,https://biblicalstudies.org.uk/pdf/rcl/06-4_275.pdf,Bibliography 275-288. pdf,Bibliography 275-288. pdf [Reproduced by permission of the current copyright holder],200,https://biblicalstudies.org.uk/pdf/rcl/06-4_275.pdf,application/pdf,764771,True,57744520ae85db883e00689a045a1814e33a72fd6bc5d0341eff3b2b8c698be2
2,https://biblicalstudies.org.uk/articles_rcl_02.php,https://biblicalstudies.org.uk/pdf/rcl/07-1_002.pdf,"Editorial, 2-3. pdf","Editorial, 2-3. pdf [Reproduced by permission of the current copyright holder]",200,https://biblicalstudies.org.uk/pdf/rcl/07-1_002.pdf,application/pdf,76620,True,4f3fdc7fd1af8d50a6fb088d1b812ae0b76e555048e14eb7498ed7c4993f37d5
2,https://biblicalstudies.org.uk/articles_rcl_02.php,https://biblicalstudies.org.uk/pdf/rcl/07-1_004.pdf,"Michael Rowe, ""Soviet Policy Towards Evangelicals,"" Religion in Communist Lands 7.1 (1979): 4-12. pdf","Michael Rowe, ""Soviet Policy Towards Evangelicals,"" Religion in Communist Lands 7.1 (1979): 4-12. pdf [Reproduced by permission of the current copyright holder]",200,https://biblicalstudies.org.uk/pdf/rcl/07-1_004.pdf,application/pdf,1071889,True,bdb18a0e46e3403eaf1675032ccf0437d39ad0d1459419c8e61515ff21175129
2,https://biblicalstudies.org.uk/articles_rcl_02.php,https://biblicalstudies.org.uk/pdf/rcl/07-1_012.pdf,"Appendix: 
              Soviet Law on Religion: Ukrainian Comment, 12-15; New Year Appeal From Baptists, 15-18; 
              Treatment of Pentecostals: Authorities Ignore Helsinki, 18-19; Pentecostal Appeal to WCC, 20-21; 
              Events in Rostov-on-Don, 21-22. pdf","Appendix: 
              Soviet Law on Religion: Ukrainian Comment, 12-15; New Year Appeal From Baptists, 15-18; 
              Treatment of Pentecostals: Authorities Ignore Helsinki, 18-19; Pentecostal Appeal to WCC, 20-21; 
              Events in Rostov-on-Don, 21-22. pdf [Reproduced by permission of the current copyright holder]",200,https://biblicalstudies.org.uk/pdf/rcl/07-1_012.pdf,application/pdf,582806,True,5aea434beb7b60826cc25c6ce7039a52370770e97c9ff206e43f7b7c8be13d8f
2,https://biblicalstudies.org.uk/articles_rcl_02.php,https://biblicalstudies.org.uk/pdf/rcl/07-1_023.pdf,"Piotr Jeglinski & Alexander Tomsky, ""Spotkania: Journal of the Catholic Opposition in Poland,"" Religion in Communist Lands 7.1 (1979): 23-28. pdf","Piotr Jeglinski & Alexander Tomsky, ""Spotkania: Journal of the Catholic Opposition in Poland,"" Religion in Communist Lands 7.1 (1979): 23-28. pdf [Reproduced by permission of the current copyright holder]",200,https://biblicalstudies.org.uk/pdf/rcl/07-1_023.pdf,application/pdf,855164,True,f57526b86566f32a551d29e2d2166f5086022382d3708824c7e788bfb83c8edb
2,https://biblicalstudies.org.uk/articles_rcl_02.php,https://biblicalstudies.org.uk/pdf/rcl/07-1_029.pdf,"Wassilij Alexeev, ""The Russian Orthodox Church 1927-1945: Repression and Revival,"" Religion in Communist Lands 7.1 (1979): 29-34. pdf","Wassilij Alexeev, ""The Russian Orthodox Church 1927-1945: Repression and Revival,"" Religion in Communist Lands 7.1 (1979): 29-34. pdf [Reproduced by permission of the current copyright holder]",200,https://biblicalstudies.org.uk/pdf/rcl/07-1_029.pdf,application/pdf,279758,True,683b4ec25e0ffbe9628332a32a98aeaf4f39acb28c8dbb0fdb820c9772d94b2f
2,https://biblicalstudies.org.uk/articles_rcl_02.php,https://biblicalstudies.org.uk/pdf/rcl/07-1_035.pdf,"Marite Sapiets, ""Moldavian Roman Catholics,"" Religion in Communist Lands 7.1 (1979): 35-37. pdf","Marite Sapiets, ""Moldavian Roman Catholics,"" Religion in Communist Lands 7.1 (1979): 35-37. pdf [Reproduced by permission of the current copyright holder]",200,https://biblicalstudies.org.uk/pdf/rcl/07-1_035.pdf,application/pdf,130838,True,f6cabd2457655a02eb03bc06845a116dd6e3f6463d3f7d11e855f68fbd0b344a
2,https://biblicalstudies.org.uk/articles_rcl_02.php,https://biblicalstudies.org.uk/pdf/rcl/07-1_038.pdf,"John Lawrence, ""S.S. Averintsev: The Poetics of Early Byzantine Literature ,"" Religion in Communist Lands 7.1 (1979): 38-39. pdf","John Lawrence, ""S.S. Averintsev: The Poetics of Early Byzantine Literature ,"" Religion in Communist Lands 7.1 (1979): 38-39. pdf [Reproduced by permission of the current copyright holder]",200,https://biblicalstudies.org.uk/pdf/rcl/07-1_038.pdf,application/pdf,87662,True,6113b3dbb7ce123ad38ffa9dd227d52d9428718cf816b76af0cac60efeae5528
2,https://biblicalstudies.org.uk/articles_rcl_02.php,https://biblicalstudies.org.uk/pdf/rcl/07-1_039.pdf,"Andrew Lenox-Conyngham, ""Peter Hebblethwaite: The Christian-Marxist Dialogue and Beyond Aid to the Church in Need (Eds.): Communism and Christianity in Theory and Practice ,"" Religion in Communist Lands 7.1 (1979): 39-40. pdf","Andrew Lenox-Conyngham, ""Peter Hebblethwaite: The Christian-Marxist Dialogue and Beyond Aid to the Church in Need (Eds.): Communism and Christianity in Theory and Practice ,"" Religion in Communist Lands 7.1 (1979): 39-40. pdf [Reproduced by permission of the current copyright holder]",200,https://biblicalstudies.org.uk/pdf/rcl/07-1_039.pdf,application/pdf,96728,True,e0a24016e40977238f7a1ae12760556acbfff5e468cfc9d3949dfad5957b736a
2,https://biblicalstudies.org.uk/articles_rcl_02.php,https://biblicalstudies.org.uk/pdf/rcl/07-1_041.pdf,"Alexander Pyatigorsky, "" Questions of Scientific Atheism No. 18 ,"" Religion in Communist Lands 7.1 (1979): 41. pdf","Alexander Pyatigorsky, "" Questions of Scientific Atheism No. 18 ,"" Religion in Communist Lands 7.1 (1979): 41. pdf [Reproduced by permission of the current copyright holder]",200,https://biblicalstudies.org.uk/pdf/rcl/07-1_041.pdf,application/pdf,54515,True,507d95ebb37468cfbaf1db7ffbe735c3a08e994b9b2a216d9e80f94d186c27cc
2,https://biblicalstudies.org.uk/articles_rcl_02.php,https://biblicalstudies.org.uk/pdf/rcl/07-1_042.pdf,"""Dialogue Between the Church and the ""Left"" in Poland,"" Religion in Communist Lands 7.1 (1979): 42-46. pdf","""Dialogue Between the Church and the ""Left"" in Poland,"" Religion in Communist Lands 7.1 (1979): 42-46. pdf [Reproduced by permission of the current copyright holder]",200,https://biblicalstudies.org.uk/pdf/rcl/07-1_042.pdf,application/pdf,264282,True,8a2807b40b090ecff14762a6f7cf1ff47c5732a9769b31523d164bb1461c9dd4
2,https://biblicalstudies.org.uk/articles_rcl_02.php,https://biblicalstudies.org.uk/pdf/rcl/07-1_046.pdf,"""Lenin Attacks the Church,"" Religion in Communist Lands 7.1 (1979): 46-48. pdf","""Lenin Attacks the Church,"" Religion in Communist Lands 7.1 (1979): 46-48. pdf [Reproduced by permission of the current copyright holder]",200,https://biblicalstudies.org.uk/pdf/rcl/07-1_046.pdf,application/pdf,191133,True,8420451c2d895aab18e34eab15cb9abfb6c79af4ab5bc1f9cb0c7b8e3b25bddf
2,https://biblicalstudies.org.uk/articles_rcl_02.php,https://biblicalstudies.org.uk/pdf/rcl/07-1_048.pdf,"""Young Soviet Christians Form Seminar,"" Religion in Communist Lands 7.1 (1979): 48-50. pdf","""Young Soviet Christians Form Seminar,"" Religion in Communist Lands 7.1 (1979): 48-50. pdf [Reproduced by permission of the current copyright holder]",200,https://biblicalstudies.org.uk/pdf/rcl/07-1_048.pdf,application/pdf,171744,True,3de12f812e57376fa5c3b4af87f14497665668008195df018ee575dec50c8b94
2,https://biblicalstudies.org.uk/articles_rcl_02.php,https://biblicalstudies.org.uk/pdf/rcl/07-1_051.pdf,"""Czech Response to Christian Peace Conference,"" Religion in Communist Lands 7.1 (1979): 51-53. pdf","""Czech Response to Christian Peace Conference,"" Religion in Communist Lands 7.1 (1979): 51-53. pdf [Reproduced by permission of the current copyright holder]",200,https://biblicalstudies.org.uk/pdf/rcl/07-1_051.pdf,application/pdf,186269,True,e5538e435c9a09dce63ac7aff08d941a0b6278a0ea1e5472527819f0e8d9107c
2,https://biblicalstudies.org.uk/articles_rcl_02.php,https://biblicalstudies.org.uk/pdf/rcl/07-1_054.pdf,"News from Keston College, 54-55. pdf","News from Keston College, 54-55. pdf [Reproduced by permission of the current copyright holder]",200,https://biblicalstudies.org.uk/pdf/rcl/07-1_054.pdf,application/pdf,458633,True,6afa98199a713d7232405b03428f09cb6153c776e25bc11fb1fa8e73c85dce32
2,https://biblicalstudies.org.uk/articles_rcl_02.php,https://biblicalstudies.org.uk/pdf/rcl/07-1_056.pdf,"""For the Record,"" 56-57. pdf","""For the Record,"" 56-57. pdf [Reproduced by permission of the current copyright holder]",200,https://biblicalstudies.org.uk/pdf/rcl/07-1_056.pdf,application/pdf,266856,True,cd6d359a205018ec45493606f40d0c5da57b189e3d06c2ddd9cd07debdfe03e5
2,https://biblicalstudies.org.uk/articles_rcl_02.php,https://biblicalstudies.org.uk/pdf/rcl/07-1_061.pdf,"Bibliography, 61-72. pdf","Bibliography, 61-72. pdf [Reproduced by permission of the current copyright holder]",200,https://biblicalstudies.org.uk/pdf/rcl/07-1_061.pdf,application/pdf,607672,True,ca443888e7e2db32a85f8e21de59eca8dbf0476842abb6ab2990ef92f5fd4b9d
2,https://biblicalstudies.org.uk/articles_rcl_02.php,https://biblicalstudies.org.uk/pdf/rcl/07-2_074.pdf,"Editorial, 74-75. pdf","Editorial, 74-75. pdf [Reproduced by permission of the current copyright holder]",200,https://biblicalstudies.org.uk/pdf/rcl/07-2_074.pdf,application/pdf,91094,True,7ddad0a66a9702112163e0c5206ee55d736dbd1ba81c833ad904f3e9ef8a6334
2,https://biblicalstudies.org.uk/articles_rcl_02.php,https://biblicalstudies.org.uk/pdf/rcl/07-2_076.pdf,"Marite Sapiets, ""Religion and Nationalism in Lithuania,"" Religion in Communist Lands 7.2 (1979): 76-85. pdf","Marite Sapiets, ""Religion and Nationalism in Lithuania,"" Religion in Communist Lands 7.2 (1979): 76-85. pdf [Reproduced by permission of the current copyright holder]",200,https://biblicalstudies.org.uk/pdf/rcl/07-2_076.pdf,application/pdf,1241768,True,20831abcc4895ca50f4037541a2d709896f7fddea41b691ab256ec16e18018ea
2,https://biblicalstudies.org.uk/articles_rcl_02.php,https://biblicalstudies.org.uk/pdf/rcl/07-2_085.pdf,"Appendix: Trial of Petkus, 85-87; Committee Founded to Defend Believers, 87-88; Catholic Committee's Letter to the Pope, 88-89; Bishops, Priests and Laity Criticize Constitution, 89-96; CRA Circular to Local Soviets, 96. pdf","Appendix: Trial of Petkus, 85-87; Committee Founded to Defend Believers, 87-88; Catholic Committee's Letter to the Pope, 88-89; Bishops, Priests and Laity Criticize Constitution, 89-96; CRA Circular to Local Soviets, 96. pdf [Reproduced by permission of the current copyright holder]",200,https://biblicalstudies.org.uk/pdf/rcl/07-2_085.pdf,application/pdf,1405505,True,dd46a658a39db874deee0cfc55997b2478d99f51cf98dc3c3346b1b6b297103e
2,https://biblicalstudies.org.uk/articles_rcl_02.php,https://biblicalstudies.org.uk/pdf/rcl/07-2_097.pdf,"Mark Popovsky, ""Archbishop Luka, Surgeon and Scholar,"" Religion in Communist Lands 7.2 (1979): 97-103. pdf","Mark Popovsky, ""Archbishop Luka, Surgeon and Scholar,"" Religion in Communist Lands 7.2 (1979): 97-103. pdf [Reproduced by permission of the current copyright holder]",200,https://biblicalstudies.org.uk/pdf/rcl/07-2_097.pdf,application/pdf,404018,True,b2066b97b025b84e49a47efce797455eae3f68ac3b0c312b00d54bfc30e299fc
2,https://biblicalstudies.org.uk/articles_rcl_02.php,https://biblicalstudies.org.uk/pdf/rcl/07-2_104.pdf,"Sermon By Archbishop Luka, 102-; Extracts from The Spirit, the Soul and the Body ,"" Religion in Communist Lands 7.2 (1979): 104-105. pdf","Sermon By Archbishop Luka, 102-; Extracts from The Spirit, the Soul and the Body ,"" Religion in Communist Lands 7.2 (1979): 104-105. pdf [Reproduced by permission of the current copyright holder]",200,https://biblicalstudies.org.uk/pdf/rcl/07-2_104.pdf,application/pdf,132614,True,4559a9401fcb2c296c0f5f56589259dba841aa87fa54831bd0d91116dc921547
2,https://biblicalstudies.org.uk/articles_rcl_02.php,https://biblicalstudies.org.uk/pdf/rcl/07-2_106.pdf,"Janice Broun, ""Gjon Sinishta: The Fulfilled Promise,"" Religion in Communist Lands 7.2 (1979): 106-107. pdf","Janice Broun, ""Gjon Sinishta: The Fulfilled Promise,"" Religion in Communist Lands 7.2 (1979): 106-107. pdf [Reproduced by permission of the current copyright holder]",200,https://biblicalstudies.org.uk/pdf/rcl/07-2_106.pdf,application/pdf,98045,True,d43c12de0fe4b7bca044481c10ee9f71fce7db8b1eb5cf49d26edbc3428392d8
2,https://biblicalstudies.org.uk/articles_rcl_02.php,https://biblicalstudies.org.uk/pdf/rcl/07-2_107.pdf,"Vladimir Pavloff, ""Richard T. De George and James Scanlan (eds.): Marxism and Religion in Eastern Europe,"" Religion in Communist Lands 7.2 (1979): 107-109. pdf","Vladimir Pavloff, ""Richard T. De George and James Scanlan (eds.): Marxism and Religion in Eastern Europe,"" Religion in Communist Lands 7.2 (1979): 107-109. pdf [Reproduced by permission of the current copyright holder]",200,https://biblicalstudies.org.uk/pdf/rcl/07-2_107.pdf,application/pdf,159330,True,8595f00f768093287fedf39f55cdb53ca0b7c54b4ca1f45e1943eaa5b2e7ff71
2,https://biblicalstudies.org.uk/articles_rcl_02.php,https://biblicalstudies.org.uk/pdf/rcl/07-2_109.pdf,"""Constantin G. Patelos (ed.): The Orthodox Church in the Ecumenical Movement ,"" Religion in Communist Lands 7.2 (1979): 109-110. pdf","""Constantin G. Patelos (ed.): The Orthodox Church in the Ecumenical Movement ,"" Religion in Communist Lands 7.2 (1979): 109-110. pdf [Reproduced by permission of the current copyright holder]",200,https://biblicalstudies.org.uk/pdf/rcl/07-2_109.pdf,application/pdf,57677,True,a22344d3c36276809a9b4925c5beb52c4c34b6743018c782492d952a723b6ecb
2,https://biblicalstudies.org.uk/articles_rcl_02.php,https://biblicalstudies.org.uk/pdf/rcl/07-2_109a.pdf,"Michael Bourdeaux, ""J.A. Hebly: The Russians and the World Council of Churches,"" Religion in Communist Lands 7.2 (1979): 110. pdf","Michael Bourdeaux, ""J.A. Hebly: The Russians and the World Council of Churches,"" Religion in Communist Lands 7.2 (1979): 110. pdf [Reproduced by permission of the current copyright holder]",200,https://biblicalstudies.org.uk/pdf/rcl/07-2_109a.pdf,application/pdf,114021,True,4214b53a1935e5c2724de8c701e90c7175532bd65eea93d76ddbe0240138bcaf
2,https://biblicalstudies.org.uk/articles_rcl_02.php,https://biblicalstudies.org.uk/pdf/rcl/07-2_111.pdf,"""Message to the Bulgarian People,"" Religion in Communist Lands 7.2 (1979): 111-113. pdf","""Message to the Bulgarian People,"" Religion in Communist Lands 7.2 (1979): 111-113. pdf [Reproduced by permission of the current copyright holder]",200,https://biblicalstudies.org.uk/pdf/rcl/07-2_111.pdf,application/pdf,185427,True,31ded8568ef0de3c7895b6385bd2ba8bf3912b47f71cbce6a84c23b97702cfad
2,https://biblicalstudies.org.uk/articles_rcl_02.php,https://biblicalstudies.org.uk/pdf/rcl/07-2_113.pdf,"""The Polish Roman Catholic Association, 'Caritas',"" Religion in Communist Lands 7.2 (1979): 113-117. pdf","""The Polish Roman Catholic Association, 'Caritas',"" Religion in Communist Lands 7.2 (1979): 113-117. pdf [Reproduced by permission of the current copyright holder]",200,https://biblicalstudies.org.uk/pdf/rcl/07-2_113.pdf,application/pdf,312441,True,dab1ff5f2b65cf575f66bfebce2612632d15f595e5a74a25a5679024ae0c2a8c
2,https://biblicalstudies.org.uk/articles_rcl_02.php,https://biblicalstudies.org.uk/pdf/rcl/07-2_117.pdf,"""Cardinal Wyszynski Writes to Professor Kakol,"" Religion in Communist Lands 7.2 (1979): 117-120. pdf","""Cardinal Wyszynski Writes to Professor Kakol,"" Religion in Communist Lands 7.2 (1979): 117-120. pdf [Reproduced by permission of the current copyright holder]",200,https://biblicalstudies.org.uk/pdf/rcl/07-2_117.pdf,application/pdf,249105,True,0a82e08271ff97048cdc9e0406e50aac4605b674bf2704ab5e014a223e41e943
2,https://biblicalstudies.org.uk/articles_rcl_02.php,https://biblicalstudies.org.uk/pdf/rcl/07-2_121.pdf,"News from Keston College, 121-122. pdf","News from Keston College, 121-122. pdf [Reproduced by permission of the current copyright holder]",200,https://biblicalstudies.org.uk/pdf/rcl/07-2_121.pdf,application/pdf,84460,True,63d36b61417b6203910fa0a68172b7582fd5e173a804ccb9dfd924e3c710f0bb
2,https://biblicalstudies.org.uk/articles_rcl_02.php,https://biblicalstudies.org.uk/pdf/rcl/07-2_123.pdf,"For the Record, 123-132. pdf","For the Record, 123-132. pdf [Reproduced by permission of the current copyright holder]",200,https://biblicalstudies.org.uk/pdf/rcl/07-2_123.pdf,application/pdf,638171,True,c9805fb512bdc1ee8bd4fc8e17bd3011de0367556371b47fb5abb0f11b915cc5
2,https://biblicalstudies.org.uk/articles_rcl_02.php,https://biblicalstudies.org.uk/pdf/rcl/07-2_133.pdf,"Bibliography, 133-144. pdf","Bibliography, 133-144. pdf [Reproduced by permission of the current copyright holder]",200,https://biblicalstudies.org.uk/pdf/rcl/07-2_133.pdf,application/pdf,782043,True,f5a27daa7da57d80ad37fd28600ba90453516a2cd0a1525e0b357f6a0192aa09
2,https://biblicalstudies.org.uk/articles_rcl_02.php,https://biblicalstudies.org.uk/pdf/rcl/07-3_146.pdf,"Editorial, 146-147. pdf","Editorial, 146-147. pdf [Reproduced by permission of the current copyright holder]",200,https://biblicalstudies.org.uk/pdf/rcl/07-3_146.pdf,application/pdf,86622,True,535bbe09014f53c913b85a804968e245aa1dfb0a833611759c5de9c5da782935
2,https://biblicalstudies.org.uk/articles_rcl_02.php,https://biblicalstudies.org.uk/pdf/rcl/07-3_148.pdf,"Alexandre Bennigsen & Chantal Lemercier-Quelquejay, ""'Official' Islam in the Soviet Union,"" Religion in Communist Lands 7.3 (1979): 148-159. pdf","Alexandre Bennigsen & Chantal Lemercier-Quelquejay, ""'Official' Islam in the Soviet Union,"" Religion in Communist Lands 7.3 (1979): 148-159. pdf [Reproduced by permission of the current copyright holder]",200,https://biblicalstudies.org.uk/pdf/rcl/07-3_148.pdf,application/pdf,1092519,True,2ff478f0d036eeab6f8256208deaa992e1473d20966b25b06a307c2c84026e19
2,https://biblicalstudies.org.uk/articles_rcl_02.php,https://biblicalstudies.org.uk/pdf/rcl/07-3_160.pdf,"Alexander Tomsky, ""John Paul II in Poland: Pilgrim of the Holy Spirit,"" Religion in Communist Lands 7.3 (1979): 160-165. pdf","Alexander Tomsky, ""John Paul II in Poland: Pilgrim of the Holy Spirit,"" Religion in Communist Lands 7.3 (1979): 160-165. pdf [Reproduced by permission of the current copyright holder]",200,https://biblicalstudies.org.uk/pdf/rcl/07-3_160.pdf,application/pdf,274681,True,8c062479099f2b9b911b1a60c2e26b31bc767171ec666158103f0cf5552246c1
2,https://biblicalstudies.org.uk/articles_rcl_02.php,https://biblicalstudies.org.uk/pdf/rcl/07-3_166.pdf,"Alan Scarfe, ""Dismantling a Human Rights Movement: A Romanian Solution,"" Religion in Communist Lands 7.3 (1979): 166-170. pdf","Alan Scarfe, ""Dismantling a Human Rights Movement: A Romanian Solution,"" Religion in Communist Lands 7.3 (1979): 166-170. pdf [Reproduced by permission of the current copyright holder]",200,https://biblicalstudies.org.uk/pdf/rcl/07-3_166.pdf,application/pdf,987867,True,7e4392199a7a6ca6fca4d11390bb4f11e57141534132a3082b274897b694aba3
2,https://biblicalstudies.org.uk/articles_rcl_02.php,https://biblicalstudies.org.uk/pdf/rcl/07-3_170.pdf,"Appendix: 
              ALRC's Programme of Demands, 170-173; Baptist Union Punishes Dissidents, 173-174; Letter from Romanian Orthodox Priests, 175-176; Fr Calciu. Defended, 177. pdf","Appendix: 
              ALRC's Programme of Demands, 170-173; Baptist Union Punishes Dissidents, 173-174; Letter from Romanian Orthodox Priests, 175-176; Fr Calciu. Defended, 177. pdf [Reproduced by permission of the current copyright holder]",200,https://biblicalstudies.org.uk/pdf/rcl/07-3_170.pdf,application/pdf,459464,True,96be2ba7e29f9d832d924b06f4dc38fed39dd7b0b3f6849b97d1a904db36d1aa
2,https://biblicalstudies.org.uk/articles_rcl_02.php,https://biblicalstudies.org.uk/pdf/rcl/07-3_178.pdf,"Brian Norris, ""The Christian Peace Conference Criticized,"" Religion in Communist Lands 7.3 (1979): 178-179. pdf","Brian Norris, ""The Christian Peace Conference Criticized,"" Religion in Communist Lands 7.3 (1979): 178-179. pdf [Reproduced by permission of the current copyright holder]",200,https://biblicalstudies.org.uk/pdf/rcl/07-3_178.pdf,application/pdf,97815,True,812fbd3c36e6c6921ac1ba0cafa8a483a92f10769426f53d2a46d28579243719
2,https://biblicalstudies.org.uk/articles_rcl_02.php,https://biblicalstudies.org.uk/pdf/rcl/07-3_180.pdf,"John Lawrence, ""Edward Norman: Christianity and the World Order ,"" Religion in Communist Lands 7.3 (1979): 180-181. pdf","John Lawrence, ""Edward Norman: Christianity and the World Order ,"" Religion in Communist Lands 7.3 (1979): 180-181. pdf [Reproduced by permission of the current copyright holder]",200,https://biblicalstudies.org.uk/pdf/rcl/07-3_180.pdf,application/pdf,97846,True,e1ae890d92aa02bd6710f380c3ec0d0f17d0b71345c5d20b9d1d3b4b73642ab2
2,https://biblicalstudies.org.uk/articles_rcl_02.php,https://biblicalstudies.org.uk/pdf/rcl/07-3_182.pdf,"Christopher Read, ""Christel Lane: Christian Religion in the Soviet Union,"" Religion in Communist Lands 7.3 (1979): 182-183. pdf","Christopher Read, ""Christel Lane: Christian Religion in the Soviet Union,"" Religion in Communist Lands 7.3 (1979): 182-183. pdf [Reproduced by permission of the current copyright holder]",200,https://biblicalstudies.org.uk/pdf/rcl/07-3_182.pdf,application/pdf,111589,True,22a09c83d9ff5c6aed8ade483e6c5b88b212f3e736bc2324516de0e3c302a302
2,https://biblicalstudies.org.uk/articles_rcl_02.php,https://biblicalstudies.org.uk/pdf/rcl/07-3_184.pdf,"""Soviet Local Authorities Combat Religion Critique,"" Religion in Communist Lands 7.3 (1979): 184-190. pdf","""Soviet Local Authorities Combat Religion Critique,"" Religion in Communist Lands 7.3 (1979): 184-190. pdf [Reproduced by permission of the current copyright holder]",200,https://biblicalstudies.org.uk/pdf/rcl/07-3_184.pdf,application/pdf,320520,True,95ece2bd4c5f87e05b77cf95e74e87775cf8e924629e08cf3ce3c87deea0a108
2,https://biblicalstudies.org.uk/articles_rcl_02.php,https://biblicalstudies.org.uk/pdf/rcl/07-3_191.pdf,"""Of Moscow Patriarchate,"" Religion in Communist Lands 7.3 (1979): 191-194. pdf","""Of Moscow Patriarchate,"" Religion in Communist Lands 7.3 (1979): 191-194. pdf [Reproduced by permission of the current copyright holder]",200,https://biblicalstudies.org.uk/pdf/rcl/07-3_191.pdf,application/pdf,246324,True,4b21b2aa5c1fad501fa38a41c8a416a7467fb362b96b22df37b7f3db1d166ff8
2,https://biblicalstudies.org.uk/articles_rcl_02.php,https://biblicalstudies.org.uk/pdf/rcl/07-3_195.pdf,"News from Keston College, 195. pdf","News from Keston College, 195. pdf [Reproduced by permission of the current copyright holder]",200,https://biblicalstudies.org.uk/pdf/rcl/07-3_195.pdf,application/pdf,44357,True,e524de83d4a62e85bf7e57eba08598d784899fa44d6b4648bf2a8129247fb5ae
2,https://biblicalstudies.org.uk/articles_rcl_02.php,https://biblicalstudies.org.uk/pdf/rcl/07-3_196.pdf,"For the Record, 196-201. pdf","For the Record, 196-201. pdf [Reproduced by permission of the current copyright holder]",200,https://biblicalstudies.org.uk/pdf/rcl/07-3_196.pdf,application/pdf,369707,True,01eabf4a1a96c0eda1692615265bf1b640a089138cadc8b1b3d358d598799308
2,https://biblicalstudies.org.uk/articles_rcl_02.php,https://biblicalstudies.org.uk/pdf/rcl/07-3_202.pdf,"Bibliography, 202-216. pdf","Bibliography, 202-216. pdf [Reproduced by permission of the current copyright holder]",200,https://biblicalstudies.org.uk/pdf/rcl/07-3_202.pdf,application/pdf,803588,True,3598783f5bc0ebe2dfe514cb67cace3d388b8f515f25d2145394801d9590a26f
2,https://biblicalstudies.org.uk/articles_rcl_02.php,https://biblicalstudies.org.uk/pdf/rcl/07-4_218.pdf,"Editorial, 218-219. pdf","Editorial, 218-219. pdf [Reproduced by permission of the current copyright holder]",200,https://biblicalstudies.org.uk/pdf/rcl/07-4_218.pdf,application/pdf,87435,True,84005aa65f2307d807afd4661f7f506424e8f5dc970d54b26faf6fb30391228e
2,https://biblicalstudies.org.uk/articles_rcl_02.php,https://biblicalstudies.org.uk/pdf/rcl/07-4_220.pdf,"Wilhelm Kahle, ""Baltic Protestantism,"" Religion in Communist Lands 7.4 (1979): 220-225. pdf","Wilhelm Kahle, ""Baltic Protestantism,"" Religion in Communist Lands 7.4 (1979): 220-225. pdf [Reproduced by permission of the current copyright holder]",200,https://biblicalstudies.org.uk/pdf/rcl/07-4_220.pdf,application/pdf,513712,True,da388eb4817374924b8432fcd1025ef153cec132cdd41ca432b03a82765e4c33
2,https://biblicalstudies.org.uk/articles_rcl_02.php,https://biblicalstudies.org.uk/pdf/rcl/07-4_226.pdf,"John Soper, ""Unofficial Islam: A Muslim Minority in the USSR,"" Religion in Communist Lands 7.4 (1979): 226-231. pdf","John Soper, ""Unofficial Islam: A Muslim Minority in the USSR,"" Religion in Communist Lands 7.4 (1979): 226-231. pdf [Reproduced by permission of the current copyright holder]",200,https://biblicalstudies.org.uk/pdf/rcl/07-4_226.pdf,application/pdf,258767,True,83a15bb84eff8dac5a1c28f80d4e945197f428e68554eb4f67d8c29d5e93aa8f
2,https://biblicalstudies.org.uk/articles_rcl_02.php,https://biblicalstudies.org.uk/pdf/rcl/07-4_232.pdf,"Anatoli Levitin-Krasnov, ""Religion and Soviet Youth,"" Religion in Communist Lands 7.4 (1979): 232-237. pdf","Anatoli Levitin-Krasnov, ""Religion and Soviet Youth,"" Religion in Communist Lands 7.4 (1979): 232-237. pdf [Reproduced by permission of the current copyright holder]",200,https://biblicalstudies.org.uk/pdf/rcl/07-4_232.pdf,application/pdf,231654,True,71c13b20ec87307ea324366ba2237ff0c13313ee84d81b5f2f090312f9eb7ecd
2,https://biblicalstudies.org.uk/articles_rcl_02.php,https://biblicalstudies.org.uk/pdf/rcl/07-4_238.pdf,"Eduard Oganessyan, ""The Armenian Church in the USSR,"" Religion in Communist Lands 7.4 (1979): 238-243. pdf","Eduard Oganessyan, ""The Armenian Church in the USSR,"" Religion in Communist Lands 7.4 (1979): 238-243. pdf [Reproduced by permission of the current copyright holder]",200,https://biblicalstudies.org.uk/pdf/rcl/07-4_238.pdf,application/pdf,683702,True,bcbde8c80cf006460daa38b3a1bcdcae3bfdb332893b0558a75aa92fea10b0f2
2,https://biblicalstudies.org.uk/articles_rcl_02.php,https://biblicalstudies.org.uk/pdf/rcl/07-4_244.pdf,"John Lawrence, ""Victor Sparre: The Flame in the Darkness ,"" Religion in Communist Lands 7.4 (1979): 244. pdf","John Lawrence, ""Victor Sparre: The Flame in the Darkness ,"" Religion in Communist Lands 7.4 (1979): 244. pdf [Reproduced by permission of the current copyright holder]",200,https://biblicalstudies.org.uk/pdf/rcl/07-4_244.pdf,application/pdf,36382,True,a85bcfda6efdcb915cec98c18e4e7b1cda62b377a928acd6d00bbd8a831417ae
2,https://biblicalstudies.org.uk/articles_rcl_02.php,https://biblicalstudies.org.uk/pdf/rcl/07-4_245.pdf,"David Paton, ""Lutheran World Federation (eds.): The Encounter of the Church with Marxism in Various Cultural Contexts ,"" Religion in Communist Lands 7.4 (1979): 245-246. pdf","David Paton, ""Lutheran World Federation (eds.): The Encounter of the Church with Marxism in Various Cultural Contexts ,"" Religion in Communist Lands 7.4 (1979): 245-246. pdf [Reproduced by permission of the current copyright holder]",200,https://biblicalstudies.org.uk/pdf/rcl/07-4_245.pdf,application/pdf,94590,True,9d97aa558b268925edc0c89ee4828f276f5e81d16b9055c5070ace2786b03b50
2,https://biblicalstudies.org.uk/articles_rcl_02.php,https://biblicalstudies.org.uk/pdf/rcl/07-4_246.pdf,"Walter Sawatsky, ""Wilhelm Kahle: Evangelical Christians in Russia and the Soviet Union,"" Religion in Communist Lands 7.4 (1979): 246-248. pdf","Walter Sawatsky, ""Wilhelm Kahle: Evangelical Christians in Russia and the Soviet Union,"" Religion in Communist Lands 7.4 (1979): 246-248. pdf [Reproduced by permission of the current copyright holder]",200,https://biblicalstudies.org.uk/pdf/rcl/07-4_246.pdf,application/pdf,123691,True,4759c0c5c3a60ff49aaa7c8911a2b535e59adc63e71e53f786f491d1fb657751
2,https://biblicalstudies.org.uk/articles_rcl_02.php,https://biblicalstudies.org.uk/pdf/rcl/07-4_249.pdf,"""Charter 77 Spokesman: Dr Vaclav Benda,"" Religion in Communist Lands 7.4 (1979): 249-251. pdf","""Charter 77 Spokesman: Dr Vaclav Benda,"" Religion in Communist Lands 7.4 (1979): 249-251. pdf [Reproduced by permission of the current copyright holder]",200,https://biblicalstudies.org.uk/pdf/rcl/07-4_249.pdf,application/pdf,155748,True,94f23db9b72f9d38adb9aab1028f29745d04b6bfbdd701a8ea6265565a765b25
2,https://biblicalstudies.org.uk/articles_rcl_02.php,https://biblicalstudies.org.uk/pdf/rcl/07-4_252.pdf,"""Poland Dialogue Between Church and State?"" Religion in Communist Lands 7.4 (1979): 252-257. pdf","""Poland Dialogue Between Church and State?"" Religion in Communist Lands 7.4 (1979): 252-257. pdf [Reproduced by permission of the current copyright holder]",200,https://biblicalstudies.org.uk/pdf/rcl/07-4_252.pdf,application/pdf,337610,True,f8414c19346997685b73b89f354b98ee58e393b0cc6af5b92c8d0689476b16ea
2,https://biblicalstudies.org.uk/articles_rcl_02.php,https://biblicalstudies.org.uk/pdf/rcl/07-4_257.pdf,"""Monks Appeal for Reopening of Monastery,"" Religion in Communist Lands 7.4 (1979): 257-258. pdf","""Monks Appeal for Reopening of Monastery,"" Religion in Communist Lands 7.4 (1979): 257-258. pdf [Reproduced by permission of the current copyright holder]",200,https://biblicalstudies.org.uk/pdf/rcl/07-4_257.pdf,application/pdf,108919,True,107ec1c26e78f18ee385d360f4fadd9d7b5cb37b33bc3c37df40a7c534f59644
2,https://biblicalstudies.org.uk/articles_rcl_02.php,https://biblicalstudies.org.uk/pdf/rcl/07-4_258.pdf,"""Orthodox Believers Refused Registration,"" Religion in Communist Lands 7.4 (1979): 258-261. pdf","""Orthodox Believers Refused Registration,"" Religion in Communist Lands 7.4 (1979): 258-261. pdf [Reproduced by permission of the current copyright holder]",200,https://biblicalstudies.org.uk/pdf/rcl/07-4_258.pdf,application/pdf,205148,True,1c6393a1c080fe6727df02e0c75d189fd62b6f816bc48537fdb559419a017f8e
2,https://biblicalstudies.org.uk/articles_rcl_02.php,https://biblicalstudies.org.uk/pdf/rcl/07-4_261.pdf,"""Pentecostals Write to the Pope,"" Religion in Communist Lands 7.4 (1979): 261-263. pdf","""Pentecostals Write to the Pope,"" Religion in Communist Lands 7.4 (1979): 261-263. pdf [Reproduced by permission of the current copyright holder]",200,https://biblicalstudies.org.uk/pdf/rcl/07-4_261.pdf,application/pdf,161519,True,dc7e7858ca680efa841f2210027930f435d95f8a975a8727632a9bc3722c5940
2,https://biblicalstudies.org.uk/articles_rcl_02.php,https://biblicalstudies.org.uk/pdf/rcl/07-4_264.pdf,"News from Keston College, 264-266. pdf","News from Keston College, 264-266. pdf [Reproduced by permission of the current copyright holder]",200,https://biblicalstudies.org.uk/pdf/rcl/07-4_264.pdf,application/pdf,96640,True,fde4ddf00a77fb353be47f9b022a13856609b855c8cb49ba781930d17cfa7c82
2,https://biblicalstudies.org.uk/articles_rcl_02.php,https://biblicalstudies.org.uk/pdf/rcl/07-4_267.pdf,"For the Record, 267-270. pdf","For the Record, 267-270. pdf [Reproduced by permission of the current copyright holder]",200,https://biblicalstudies.org.uk/pdf/rcl/07-4_267.pdf,application/pdf,197911,True,1764f83c8a4d53d30990d8d966510307f9b4bfb3ca1e06393907a1c60bd89e15
2,https://biblicalstudies.org.uk/articles_rcl_02.php,https://biblicalstudies.org.uk/pdf/rcl/07-4_271.pdf,"Bibliography, 271-288. pdf","Bibliography, 271-288. pdf [Reproduced by permission of the current copyright holder]",200,https://biblicalstudies.org.uk/pdf/rcl/07-4_271.pdf,application/pdf,905806,True,9a7738c6a8f2cb33aac7078056e63e11fa77a47e53b0c74a2265932776a95a32
2,https://biblicalstudies.org.uk/articles_rcl_02.php,https://biblicalstudies.org.uk/pdf/rcl/08-1_002.pdf,"Editorial, 2-3. pdf","Editorial, 2-3. pdf [Reproduced by permission of the current copyright holder]",200,https://biblicalstudies.org.uk/pdf/rcl/08-1_002.pdf,application/pdf,86540,True,21dfa1e95fb9071315d6deeb9c5179f65c6c1d396fdd77eae6ef61f8d4b04a78
2,https://biblicalstudies.org.uk/articles_rcl_02.php,https://biblicalstudies.org.uk/pdf/rcl/08-1_004.pdf,"Bob Whyte, ""The Future of Religion in China,"" Religion in Communist Lands 8.1 (1980): 4-10. Appendix: 
              Religion and Feudal Superstitions, 10-12. pdf","Bob Whyte, ""The Future of Religion in China,"" Religion in Communist Lands 8.1 (1980): 4-10. Appendix: 
              Religion and Feudal Superstitions, 10-12. pdf [Reproduced by permission of the current copyright holder]",200,https://biblicalstudies.org.uk/pdf/rcl/08-1_004.pdf,application/pdf,443375,True,6aa97b1daaf197d4578e7f7677f6b0d505bfdc5c57eb77dbbc7cfda884d2287d
2,https://biblicalstudies.org.uk/articles_rcl_02.php,https://biblicalstudies.org.uk/pdf/rcl/08-1_013.pdf,"Hansjakob Stehle, ""The Ostpolitik of the Vatican and the Polish Pope,"" Religion in Communist Lands 8.1 (1980): 13-21. pdf","Hansjakob Stehle, ""The Ostpolitik of the Vatican and the Polish Pope,"" Religion in Communist Lands 8.1 (1980): 13-21. pdf [Reproduced by permission of the current copyright holder]",200,https://biblicalstudies.org.uk/pdf/rcl/08-1_013.pdf,application/pdf,387936,True,9115508aaa29291c417eececeba0cccd23a423441bec8ff639fbabfd4018f1e9
2,https://biblicalstudies.org.uk/articles_rcl_02.php,https://biblicalstudies.org.uk/pdf/rcl/08-1_022.pdf,"Sr. Eileen Mary SLG, ""Orthodox Monasticism in Romania Today,"" Religion in Communist Lands 8.1 (1980): 22-27. pdf","Sr. Eileen Mary SLG, ""Orthodox Monasticism in Romania Today,"" Religion in Communist Lands 8.1 (1980): 22-27. pdf [Reproduced by permission of the current copyright holder]",200,https://biblicalstudies.org.uk/pdf/rcl/08-1_022.pdf,application/pdf,255411,True,4c0195e666f511822ce4a4a5c82c259610cee97c6a5639a102d7d4fc95929bd6
2,https://biblicalstudies.org.uk/articles_rcl_02.php,https://biblicalstudies.org.uk/pdf/rcl/08-1_028.pdf,"Walter Sawatsky, ""The Reform Baptists Today, Religion in Communist Lands 8.1 (1980): 28-38. pdf","Walter Sawatsky, ""The Reform Baptists Today, Religion in Communist Lands 8.1 (1980): 28-38. pdf [Reproduced by permission of the current copyright holder]",200,https://biblicalstudies.org.uk/pdf/rcl/08-1_028.pdf,application/pdf,1137798,True,d41184b53336394449888f46f14e7952f8dda715eb57ed8006f86b989e4f61f9
2,https://biblicalstudies.org.uk/articles_rcl_02.php,https://biblicalstudies.org.uk/pdf/rcl/08-1_039.pdf,"Sakharov Hearing, ""Marta Harasowska and Orest Olhovych (eds.): The International ,"" Religion in Communist Lands 8.1 (1980): 39. pdf","Sakharov Hearing, ""Marta Harasowska and Orest Olhovych (eds.): The International ,"" Religion in Communist Lands 8.1 (1980): 39. pdf [Reproduced by permission of the current copyright holder]",200,https://biblicalstudies.org.uk/pdf/rcl/08-1_039.pdf,application/pdf,37639,True,ba85245ea8b641cb5636529b0c01bebc0507bc4bb345d6f06952e06cf6f1e27a
2,https://biblicalstudies.org.uk/articles_rcl_02.php,https://biblicalstudies.org.uk/pdf/rcl/08-1_039a.pdf,"Leslie Paul, ""Andrei D. Sakharov: Alarm and Hope,"" Religion in Communist Lands 8.1 (1980): 39-42. pdf","Leslie Paul, ""Andrei D. Sakharov: Alarm and Hope,"" Religion in Communist Lands 8.1 (1980): 39-42. pdf [Reproduced by permission of the current copyright holder]",200,https://biblicalstudies.org.uk/pdf/rcl/08-1_039a.pdf,application/pdf,157759,True,f4426a30acfad16ebc16d715bf8942e81cc9b196e42ac496d07c115557755e84
2,https://biblicalstudies.org.uk/articles_rcl_02.php,https://biblicalstudies.org.uk/pdf/rcl/08-1_043.pdf,"John Lawrence, ""Olga Ivinskaya: A Captive of Time—My Years with Pasternak ,"" Religion in Communist Lands 8.1 (1980): 43. pdf","John Lawrence, ""Olga Ivinskaya: A Captive of Time—My Years with Pasternak ,"" Religion in Communist Lands 8.1 (1980): 43. pdf [Reproduced by permission of the current copyright holder]",200,https://biblicalstudies.org.uk/pdf/rcl/08-1_043.pdf,application/pdf,51449,True,a408e69c6817a33e91ff058f150cd6fddfe1739b40f15aaa8a8cd087c27b92b0
2,https://biblicalstudies.org.uk/articles_rcl_02.php,https://biblicalstudies.org.uk/pdf/rcl/08-1_044.pdf,"""Roman Catholic Church in Czechoslovakia: Danger of Disunity,"" Religion in Communist Lands 8.1 (1980): 44-47. pdf","""Roman Catholic Church in Czechoslovakia: Danger of Disunity,"" Religion in Communist Lands 8.1 (1980): 44-47. pdf [Reproduced by permission of the current copyright holder]",200,https://biblicalstudies.org.uk/pdf/rcl/08-1_044.pdf,application/pdf,235121,True,b021f0574a3d16592b6333a781dbf2f67a68987b73c2564ef8043804cd2cc7c2
2,https://biblicalstudies.org.uk/articles_rcl_02.php,https://biblicalstudies.org.uk/pdf/rcl/08-1_047.pdf,"""Czech Catholics Appeal to Pope,"" Religion in Communist Lands 8.1 (1980): 47-48. pdf","""Czech Catholics Appeal to Pope,"" Religion in Communist Lands 8.1 (1980): 47-48. pdf [Reproduced by permission of the current copyright holder]",200,https://biblicalstudies.org.uk/pdf/rcl/08-1_047.pdf,application/pdf,128244,True,df16fde039bd616b003675a5e1ea8132e22dbf4e534dbb366f390ad77c5e8d0c
2,https://biblicalstudies.org.uk/articles_rcl_02.php,https://biblicalstudies.org.uk/pdf/rcl/08-1_048.pdf,"""Czech Theologian Condemns Catholic Hierarchy,"" Religion in Communist Lands 8.1 (1980): 48-51. pdf","""Czech Theologian Condemns Catholic Hierarchy,"" Religion in Communist Lands 8.1 (1980): 48-51. pdf [Reproduced by permission of the current copyright holder]",200,https://biblicalstudies.org.uk/pdf/rcl/08-1_048.pdf,application/pdf,852842,True,6ab5827e0a2af396684dbe2e26f55fa03c54a58d2f68493a68870bbdadebc5f5
2,https://biblicalstudies.org.uk/articles_rcl_02.php,https://biblicalstudies.org.uk/pdf/rcl/08-1_051.pdf,"""Religious Values and Czechoslovak Society,"" Religion in Communist Lands 8.1 (1980): 51-53. pdf","""Religious Values and Czechoslovak Society,"" Religion in Communist Lands 8.1 (1980): 51-53. pdf [Reproduced by permission of the current copyright holder]",200,https://biblicalstudies.org.uk/pdf/rcl/08-1_051.pdf,application/pdf,194912,True,5b7a692aa119319a5ff48a9ec9fa8a326dae87e9d1b680fecec9fe4c8f7e189d
2,https://biblicalstudies.org.uk/articles_rcl_02.php,https://biblicalstudies.org.uk/pdf/rcl/08-1_054.pdf,"News from Keston College, 54-55. pdf","News from Keston College, 54-55. pdf [Reproduced by permission of the current copyright holder]",200,https://biblicalstudies.org.uk/pdf/rcl/08-1_054.pdf,application/pdf,74144,True,93f471e7e44e60d84f08d957ad3ec37622f9b35babce1ab1a71b6c91512fa30d
2,https://biblicalstudies.org.uk/articles_rcl_02.php,https://biblicalstudies.org.uk/pdf/rcl/08-1_056.pdf,"News in Brief, 56-65. pdf","News in Brief, 56-65. pdf [Reproduced by permission of the current copyright holder]",200,https://biblicalstudies.org.uk/pdf/rcl/08-1_056.pdf,application/pdf,636846,True,26379cdb1f2d8d41416718aafba9cd4327423a8962addf3b7bf40e0997dda137
2,https://biblicalstudies.org.uk/articles_rcl_02.php,https://biblicalstudies.org.uk/pdf/rcl/08-1_066.pdf,"Bibliography, 66-88. pdf","Bibliography, 66-88. pdf [Reproduced by permission of the current copyright holder]",200,https://biblicalstudies.org.uk/pdf/rcl/08-1_066.pdf,application/pdf,1396256,True,e41f338a7768fa3c25db20e750962491354ed51ab720dff5cc23c942a4f76e7a
2,https://biblicalstudies.org.uk/articles_rcl_02.php,https://biblicalstudies.org.uk/pdf/rcl/08-2_090.pdf,"Editorial, 90-91. pdf","Editorial, 90-91. pdf [Reproduced by permission of the current copyright holder]",200,https://biblicalstudies.org.uk/pdf/rcl/08-2_090.pdf,application/pdf,84536,True,3b7eef94eba1ae5a3eeac5766e6a622efdc8bf184b2a830e96c4525e95457525
2,https://biblicalstudies.org.uk/articles_rcl_02.php,https://biblicalstudies.org.uk/pdf/rcl/08-2_092.pdf,"Jane Ellis, ""USSR: The Christian Seminar,"" Religion in Communist Lands 8.2 (1980): 92-101. Appendix: Spiritual Pilgrimage of Vladimir Poresh, 101-103; Secret Police Harass Poresh, 103-106; 
              Tatyana Shchipkova Silenced, 106-109; 
              The Fate of Georgi Fedotov 109-112. pdf","Jane Ellis, ""USSR: The Christian Seminar,"" Religion in Communist Lands 8.2 (1980): 92-101. Appendix: Spiritual Pilgrimage of Vladimir Poresh, 101-103; Secret Police Harass Poresh, 103-106; 
              Tatyana Shchipkova Silenced, 106-109; 
              The Fate of Georgi Fedotov 109-112. pdf [Reproduced by permission of the current copyright holder]",200,https://biblicalstudies.org.uk/pdf/rcl/08-2_092.pdf,application/pdf,1106825,True,66766e21aaebddc3a80fd0be96e46724f72cf53795f508d586431a746e0ca703
2,https://biblicalstudies.org.uk/articles_rcl_02.php,https://biblicalstudies.org.uk/pdf/rcl/08-2_113.pdf,"Edgar C. Duin, ""Soviet Lutheranism After the Second World War,"" Religion in Communist Lands 8.2 (1980): 113-118. pdf","Edgar C. Duin, ""Soviet Lutheranism After the Second World War,"" Religion in Communist Lands 8.2 (1980): 113-118. pdf [Reproduced by permission of the current copyright holder]",200,https://biblicalstudies.org.uk/pdf/rcl/08-2_113.pdf,application/pdf,232234,True,0bdd829facad332992a2c4fdc8fdde1f485509bdbd009f2716a2ca52087e8ae9
2,https://biblicalstudies.org.uk/articles_rcl_02.php,https://biblicalstudies.org.uk/pdf/rcl/08-2_119.pdf,"Stella Alexander, ""Yugoslavia: New Legislation on the Legal Status of Religious Communities,"" Religion in Communist Lands 8.2 (1980): 119-124. pdf","Stella Alexander, ""Yugoslavia: New Legislation on the Legal Status of Religious Communities,"" Religion in Communist Lands 8.2 (1980): 119-124. pdf [Reproduced by permission of the current copyright holder]",200,https://biblicalstudies.org.uk/pdf/rcl/08-2_119.pdf,application/pdf,814418,True,694661aab2d563a96ad2d6747a16e8fd71b75a39e58ac3c97dc1340f1e1c42ff
2,https://biblicalstudies.org.uk/articles_rcl_02.php,https://biblicalstudies.org.uk/pdf/rcl/08-2_125.pdf,"Vladimir Pavlinic, ""Todo Kurtovic: Church And Religion in a Socialist Self-Management Society ,"" Religion in Communist Lands 8.2 (1980): 125-127. pdf","Vladimir Pavlinic, ""Todo Kurtovic: Church And Religion in a Socialist Self-Management Society ,"" Religion in Communist Lands 8.2 (1980): 125-127. pdf [Reproduced by permission of the current copyright holder]",200,https://biblicalstudies.org.uk/pdf/rcl/08-2_125.pdf,application/pdf,115356,True,9f7a0104a589706fdb7ca18e4636e03bcb447a4e9b595f0b7596f98ee1f84ce1
2,https://biblicalstudies.org.uk/articles_rcl_02.php,https://biblicalstudies.org.uk/pdf/rcl/08-2_127.pdf,"Richard Kindersley, ""Stella Alexander: Church and State in Yugoslavia Since 1945 ,"" Religion in Communist Lands 8.2 (1980): 127-129. pdf","Richard Kindersley, ""Stella Alexander: Church and State in Yugoslavia Since 1945 ,"" Religion in Communist Lands 8.2 (1980): 127-129. pdf [Reproduced by permission of the current copyright holder]",200,https://biblicalstudies.org.uk/pdf/rcl/08-2_127.pdf,application/pdf,122073,True,64bd80bc30b01fe57b131e64f49172dab0c3413cc22e3df42182111c5810cf42
2,https://biblicalstudies.org.uk/articles_rcl_02.php,https://biblicalstudies.org.uk/pdf/rcl/08-2_129.pdf,"Vladimir Pavloff, ""Dennis Dunn (ed.): Religion and Modernization in the Soviet Union ,"" Religion in Communist Lands 8.2 (1980): 129-131. pdf","Vladimir Pavloff, ""Dennis Dunn (ed.): Religion and Modernization in the Soviet Union ,"" Religion in Communist Lands 8.2 (1980): 129-131. pdf [Reproduced by permission of the current copyright holder]",200,https://biblicalstudies.org.uk/pdf/rcl/08-2_129.pdf,application/pdf,128717,True,e4bef8e1b6ab6c0c866866589f40f57e0806ce7189eac59a50b67ad829efb874
2,https://biblicalstudies.org.uk/articles_rcl_02.php,https://biblicalstudies.org.uk/pdf/rcl/08-2_132.pdf,"""Lithuanian Catholics Criticize Soviet Law on Religion,"" Religion in Communist Lands 8.2 (1980): 132-138. pdf","""Lithuanian Catholics Criticize Soviet Law on Religion,"" Religion in Communist Lands 8.2 (1980): 132-138. pdf [Reproduced by permission of the current copyright holder]",200,https://biblicalstudies.org.uk/pdf/rcl/08-2_132.pdf,application/pdf,1086909,True,249962242e0d02794f8d10dc6d458447bd524b134d779b9d744df10e38c4a323
2,https://biblicalstudies.org.uk/articles_rcl_02.php,https://biblicalstudies.org.uk/pdf/rcl/08-2_139.pdf,"Alexander Tomsky, ""John Paul II's New Ostpolitik ?"" Religion in Communist Lands 8.2 (1980): 139-140. pdf","Alexander Tomsky, ""John Paul II's New Ostpolitik ?"" Religion in Communist Lands 8.2 (1980): 139-140. pdf [Reproduced by permission of the current copyright holder]",200,https://biblicalstudies.org.uk/pdf/rcl/08-2_139.pdf,application/pdf,78286,True,a808e797f8dc641369c1c7a968f565cab7150ba23ead969e9373772d286a3411
2,https://biblicalstudies.org.uk/articles_rcl_02.php,https://biblicalstudies.org.uk/pdf/rcl/08-2_141.pdf,"News from Reston College, 141-142. pdf","News from Reston College, 141-142. pdf [Reproduced by permission of the current copyright holder]",200,https://biblicalstudies.org.uk/pdf/rcl/08-2_141.pdf,application/pdf,79256,True,64e2d5a9d9e07bb74894f33f0d2d87e651e4e563c1c8ef320d0d9ae38508e9a2
2,https://biblicalstudies.org.uk/articles_rcl_02.php,https://biblicalstudies.org.uk/pdf/rcl/08-2_143.pdf,"News in Brief, 143-154. pdf","News in Brief, 143-154. pdf [Reproduced by permission of the current copyright holder]",200,https://biblicalstudies.org.uk/pdf/rcl/08-2_143.pdf,application/pdf,745501,True,88471d4e0516ad6a2940963c0f534a49f78ccaff0d53772f05e1ce8b89373a8f
2,https://biblicalstudies.org.uk/articles_rcl_02.php,https://biblicalstudies.org.uk/pdf/rcl/08-2_155.pdf,"Bibliography, 155-176. pdf","Bibliography, 155-176. pdf [Reproduced by permission of the current copyright holder]",200,https://biblicalstudies.org.uk/pdf/rcl/08-2_155.pdf,application/pdf,1317237,True,68dbf5c218247baa095ccc9e53dbe248b2a0906b36efab7f3a08319199e30979
2,https://biblicalstudies.org.uk/articles_rcl_02.php,https://biblicalstudies.org.uk/pdf/rcl/08-3_178.pdf,"Editorial, 178-179. pdf","Editorial, 178-179. pdf [Reproduced by permission of the current copyright holder]",200,https://biblicalstudies.org.uk/pdf/rcl/08-3_178.pdf,application/pdf,97013,True,5b3712cc5dc8617d7e247322fcfc431cab309700e4a112957d13c752a83d774c
2,https://biblicalstudies.org.uk/articles_rcl_02.php,https://biblicalstudies.org.uk/pdf/rcl/08-3_180.pdf,"Alexander Tomsky, "" Spektrum : A Journal From The Czech Cultural Hinterland,"" Religion in Communist Lands 8.3 (1980): 180-187. pdf","Alexander Tomsky, "" Spektrum : A Journal From The Czech Cultural Hinterland,"" Religion in Communist Lands 8.3 (1980): 180-187. pdf [Reproduced by permission of the current copyright holder]",200,https://biblicalstudies.org.uk/pdf/rcl/08-3_180.pdf,application/pdf,376626,True,a9efb45fd5aeca1b402d2afcdab2c3e796c7f10579cc0bbaf49d69ec4ebad57b
2,https://biblicalstudies.org.uk/articles_rcl_02.php,https://biblicalstudies.org.uk/pdf/rcl/08-3_188.pdf,"Michael Rowe, ""The 1979 Baptist Congress in Moscow: A Western Observer Reports,"" Religion in Communist Lands 8.3 (1980): 188-196. Appendix: Alexei Bychkov Reports to the Congress 196-199; Advice to Delegates, 199-200. pdf","Michael Rowe, ""The 1979 Baptist Congress in Moscow: A Western Observer Reports,"" Religion in Communist Lands 8.3 (1980): 188-196. Appendix: Alexei Bychkov Reports to the Congress 196-199; Advice to Delegates, 199-200. pdf [Reproduced by permission of the current copyright holder]",200,https://biblicalstudies.org.uk/pdf/rcl/08-3_188.pdf,application/pdf,1056476,True,f0049aaea506c441822223754cb517f11a3c49746546d7d5116d916ccef1dc25
2,https://biblicalstudies.org.uk/articles_rcl_02.php,https://biblicalstudies.org.uk/pdf/rcl/08-3_201.pdf,"Marite Sapiets, ""V.A. Shelkov and the True and Free Seventh-Day Adventists of the USSR,"" Religion in Communist Lands 8.3 (1980): 201-210. Appendix: Shelkov's Daughter Protests at His Arrest, 210-213; Lenin Cited in Support of True and Free Adventist View, 213-217. pdf","Marite Sapiets, ""V.A. Shelkov and the True and Free Seventh-Day Adventists of the USSR,"" Religion in Communist Lands 8.3 (1980): 201-210. Appendix: Shelkov's Daughter Protests at His Arrest, 210-213; Lenin Cited in Support of True and Free Adventist View, 213-217. pdf [Reproduced by permission of the current copyright holder]",200,https://biblicalstudies.org.uk/pdf/rcl/08-3_201.pdf,application/pdf,1234295,True,b7506010f224522ad279764ba52164bbac91787bacd9930babe0b8aff626f98e
2,https://biblicalstudies.org.uk/articles_rcl_02.php,https://biblicalstudies.org.uk/pdf/rcl/08-3_218.pdf,"Philip Walters, ""The Russian Orthodox Church 1945-1959,"" Religion in Communist Lands 8.3 (1980): 218-225. pdf","Philip Walters, ""The Russian Orthodox Church 1945-1959,"" Religion in Communist Lands 8.3 (1980): 218-225. pdf [Reproduced by permission of the current copyright holder]",200,https://biblicalstudies.org.uk/pdf/rcl/08-3_218.pdf,application/pdf,438186,True,a7bb69d2925dea4b7b849731fb166070111083e846f137103403b8801fddbecf
2,https://biblicalstudies.org.uk/articles_rcl_02.php,https://biblicalstudies.org.uk/pdf/rcl/08-3_226.pdf,"Ian B. Robertson, ""Father Gleb Yakunin and Lev Regelson: Lettersfrom Moscow: Religion and Human Rights in the USSR,"" Religion in Communist Lands 8.3 (1980): 226-227. pdf","Ian B. Robertson, ""Father Gleb Yakunin and Lev Regelson: Lettersfrom Moscow: Religion and Human Rights in the USSR,"" Religion in Communist Lands 8.3 (1980): 226-227. pdf [Reproduced by permission of the current copyright holder]",200,https://biblicalstudies.org.uk/pdf/rcl/08-3_226.pdf,application/pdf,81815,True,ee231be3dda0f6b4bbd6dc7240b53b11a9ca5af9b4fcf33a1ae6ab61eaab7604
2,https://biblicalstudies.org.uk/articles_rcl_02.php,https://biblicalstudies.org.uk/pdf/rcl/08-3_228.pdf,"Maciej Pomian-Srzednicki, ""Adam Boniecki et al.: Nous Chrétiens Depologne ,"" Religion in Communist Lands 8.3 (1980): 228-229. pdf","Maciej Pomian-Srzednicki, ""Adam Boniecki et al.: Nous Chrétiens Depologne ,"" Religion in Communist Lands 8.3 (1980): 228-229. pdf [Reproduced by permission of the current copyright holder]",200,https://biblicalstudies.org.uk/pdf/rcl/08-3_228.pdf,application/pdf,91239,True,12c36c0123bbbdc0a09532ad2b0dff77395bfa26cca076b8e942e2bf39298506
2,https://biblicalstudies.org.uk/articles_rcl_02.php,https://biblicalstudies.org.uk/pdf/rcl/08-3_230.pdf,"""The Religious Significance of Unofficial Soviet Culture,"" Religion in Communist Lands 8.3 (1980): 230-232. pdf","""The Religious Significance of Unofficial Soviet Culture,"" Religion in Communist Lands 8.3 (1980): 230-232. pdf [Reproduced by permission of the current copyright holder]",200,https://biblicalstudies.org.uk/pdf/rcl/08-3_230.pdf,application/pdf,171936,True,5bab1091a0dcc1b6411cd532a1b22cf766625901b4e7c1cfeccd53c81f2900c6
2,https://biblicalstudies.org.uk/articles_rcl_02.php,https://biblicalstudies.org.uk/pdf/rcl/08-3_233.pdf,"News from Keston College, 233-234. pdf","News from Keston College, 233-234. pdf [Reproduced by permission of the current copyright holder]",200,https://biblicalstudies.org.uk/pdf/rcl/08-3_233.pdf,application/pdf,79360,True,4ff31252d9d708c6d008fb6b10e729a586767c582d1cff9bb63f83aad55f93ae
2,https://biblicalstudies.org.uk/articles_rcl_02.php,https://biblicalstudies.org.uk/pdf/rcl/08-3_235.pdf,"News in Brief, 235-243. pdf","News in Brief, 235-243. pdf [Reproduced by permission of the current copyright holder]",200,https://biblicalstudies.org.uk/pdf/rcl/08-3_235.pdf,application/pdf,559215,True,2c53148f2dcddad67ca539f0b028096058ff5a955f2debbf903ab2fbe86178a1
2,https://biblicalstudies.org.uk/articles_rcl_02.php,https://biblicalstudies.org.uk/pdf/rcl/08-3_244.pdf,"Bibliography, 244-264. pdf","Bibliography, 244-264. pdf [Reproduced by permission of the current copyright holder]",200,https://biblicalstudies.org.uk/pdf/rcl/08-3_244.pdf,application/pdf,1230700,True,86036c261da54ce78682c6b2a5cc15f0c6b76fb79ac773f98718349e9fc49842
2,https://biblicalstudies.org.uk/articles_rcl_02.php,https://biblicalstudies.org.uk/pdf/rcl/08-4_266.pdf,"Editorial, 266-267. pdf","Editorial, 266-267. pdf [Reproduced by permission of the current copyright holder]",200,https://biblicalstudies.org.uk/pdf/rcl/08-4_266.pdf,application/pdf,58666,True,0c3de214e3337a03a9ba154c1ff96652f60c10f7500d8a6a26b3572bf26ebd47
2,https://biblicalstudies.org.uk/articles_rcl_02.php,https://biblicalstudies.org.uk/pdf/rcl/08-4_268.pdf,"Cardinal König, ""My Journey to China,"" Religion in Communist Lands 8.4 (1980): 268-273. pdf","Cardinal König, ""My Journey to China,"" Religion in Communist Lands 8.4 (1980): 268-273. pdf [Reproduced by permission of the current copyright holder]",200,https://biblicalstudies.org.uk/pdf/rcl/08-4_268.pdf,application/pdf,282401,True,2e4ca5a6c72034292e18fa9aa44ef3e982a0d687ac003af1c50413020dc57323
2,https://biblicalstudies.org.uk/articles_rcl_02.php,https://biblicalstudies.org.uk/pdf/rcl/08-4_274.pdf,"Peter Humphrey, ""Temples in the City of Xian: A Reflection of the Religious Situation in China,"" Religion in Communist Lands 8.4 (1980): 274-278. pdf","Peter Humphrey, ""Temples in the City of Xian: A Reflection of the Religious Situation in China,"" Religion in Communist Lands 8.4 (1980): 274-278. pdf [Reproduced by permission of the current copyright holder]",200,https://biblicalstudies.org.uk/pdf/rcl/08-4_274.pdf,application/pdf,213370,True,10e9613be0fce157f28ae79ceb4fe2adebd83df24d940198e51785c02f12b6df
2,https://biblicalstudies.org.uk/articles_rcl_02.php,https://biblicalstudies.org.uk/pdf/rcl/08-4_279.pdf,"Jane Ellis, ""The Christian Committee for the Defence of Believers' Rights in the USSR,"" Religion in Communist Lands 8.4 (1980): 279-291. Appendix: Appeals on Behalf of Father Yakunin, 291-295; Moldavian Catholics Appeal to the Christian Committee, 295-297; Biographical Sketch of Fr Nikolai Gainov, 297; Autobiography of Fr Vasili Fonchenkov, 297-298; The Christian Committee Continues its Activity, 298. pdf","Jane Ellis, ""The Christian Committee for the Defence of Believers' Rights in the USSR,"" Religion in Communist Lands 8.4 (1980): 279-291. Appendix: Appeals on Behalf of Father Yakunin, 291-295; Moldavian Catholics Appeal to the Christian Committee, 295-297; Biographical Sketch of Fr Nikolai Gainov, 297; Autobiography of Fr Vasili Fonchenkov, 297-298; The Christian Committee Continues its Activity, 298. pdf [Reproduced by permission of the current copyright holder]",200,https://biblicalstudies.org.uk/pdf/rcl/08-4_279.pdf,application/pdf,1781305,True,068c31fa1bc4cf3e29eddd864b2b1142d0c96d51c72d30d8f6b039bfeefcc4d5
2,https://biblicalstudies.org.uk/articles_rcl_02.php,https://biblicalstudies.org.uk/pdf/rcl/08-4_299.pdf,"Lindsey Davies, ""Pentecostals in Bulgaria,"" Religion in Communist Lands 8.4 (1980): 299-304. pdf","Lindsey Davies, ""Pentecostals in Bulgaria,"" Religion in Communist Lands 8.4 (1980): 299-304. pdf [Reproduced by permission of the current copyright holder]",200,https://biblicalstudies.org.uk/pdf/rcl/08-4_299.pdf,application/pdf,296300,True,188d0520d9d82cd382da31e7eff932b5198f35811043141b99014784b2934ee8
2,https://biblicalstudies.org.uk/articles_rcl_02.php,https://biblicalstudies.org.uk/pdf/rcl/08-4_305.pdf,"Victor Swoboda, ""George Liber and Anna Mostovych (Compilers): Nonconformity And Dissent in the Ukranian SSR, 1955-1975: An Annotated Bibliography,"" Religion in Communist Lands 8.4 (1980): 305-306. pdf","Victor Swoboda, ""George Liber and Anna Mostovych (Compilers): Nonconformity And Dissent in the Ukranian SSR, 1955-1975: An Annotated Bibliography,"" Religion in Communist Lands 8.4 (1980): 305-306. pdf [Reproduced by permission of the current copyright holder]",200,https://biblicalstudies.org.uk/pdf/rcl/08-4_305.pdf,application/pdf,91610,True,5d67aab55a6c72648059b99884a156869c3f996013e0f59fffc3da13d623882f
2,https://biblicalstudies.org.uk/articles_rcl_02.php,https://biblicalstudies.org.uk/pdf/rcl/08-4_306.pdf,"John Lawrence, ""Archbishop Luka: the Spirit, The Soul and the Body,"" Religion in Communist Lands 8.4 (1980): 306-307. pdf","John Lawrence, ""Archbishop Luka: the Spirit, The Soul and the Body,"" Religion in Communist Lands 8.4 (1980): 306-307. pdf [Reproduced by permission of the current copyright holder]",200,https://biblicalstudies.org.uk/pdf/rcl/08-4_306.pdf,application/pdf,91612,True,2c6b28707fccf8100923a05800179b041ca4432b8750cc44e7b009dcd9c5111d
2,https://biblicalstudies.org.uk/articles_rcl_02.php,https://biblicalstudies.org.uk/pdf/rcl/08-4_307.pdf,"""Robert M. Yule (Compiler): Religion in Communist Countries: A Bibliography of Books in English ,"" Religion in Communist Lands 8.4 (1980): 307-308. pdf","""Robert M. Yule (Compiler): Religion in Communist Countries: A Bibliography of Books in English ,"" Religion in Communist Lands 8.4 (1980): 307-308. pdf [Reproduced by permission of the current copyright holder]",200,https://biblicalstudies.org.uk/pdf/rcl/08-4_307.pdf,application/pdf,77177,True,07ee708de3fe6dfd75c57773fc570165790f39ca4eb3dafd2f4e574793cf723c
2,https://biblicalstudies.org.uk/articles_rcl_02.php,https://biblicalstudies.org.uk/pdf/rcl/08-4_309.pdf,"""Lithuania: Can A Priest Chair The Parish Council?"" Religion in Communist Lands 8.4 (1980): 309-313. pdf","""Lithuania: Can A Priest Chair The Parish Council?"" Religion in Communist Lands 8.4 (1980): 309-313. pdf [Reproduced by permission of the current copyright holder]",200,https://biblicalstudies.org.uk/pdf/rcl/08-4_309.pdf,application/pdf,286050,True,eee89dac6b23c49509c3d9fee326e38c43e3782e2e90968d7fb7540f83b8fca7
2,https://biblicalstudies.org.uk/articles_rcl_02.php,https://biblicalstudies.org.uk/pdf/rcl/08-4_314.pdf,"""The ""Lord's Army"" Movement in the Romanian Orthodox Church,"" Religion in Communist Lands 8.4 (1980): 314-317. pdf","""The ""Lord's Army"" Movement in the Romanian Orthodox Church,"" Religion in Communist Lands 8.4 (1980): 314-317. pdf [Reproduced by permission of the current copyright holder]",200,https://biblicalstudies.org.uk/pdf/rcl/08-4_314.pdf,application/pdf,252741,True,2a6286f0e54cd224e155bdfb4cda3d2285573bbe51f5b740e873464f6ae20367
2,https://biblicalstudies.org.uk/articles_rcl_02.php,https://biblicalstudies.org.uk/pdf/rcl/08-4_318.pdf,"News from Keston College, 318-319. pdf","News from Keston College, 318-319. pdf [Reproduced by permission of the current copyright holder]",200,https://biblicalstudies.org.uk/pdf/rcl/08-4_318.pdf,application/pdf,71821,True,7baf03742d1cf5ed03b14d5271cdccc09a64f51a136dac23dfe6004f5f2087f9
2,https://biblicalstudies.org.uk/articles_rcl_02.php,https://biblicalstudies.org.uk/pdf/rcl/08-4_320.pdf,"News in Brief, 320-332. pdf","News in Brief, 320-332. pdf [Reproduced by permission of the current copyright holder]",200,https://biblicalstudies.org.uk/pdf/rcl/08-4_320.pdf,application/pdf,797815,True,0235eacf61d8d9ad57525d096b94f7d98f0165c7d2add2933d6812874d14b42e
2,https://biblicalstudies.org.uk/articles_rcl_02.php,https://biblicalstudies.org.uk/pdf/rcl/08-4_333.pdf,"Bibliography, 333-352. pdf","Bibliography, 333-352. pdf [Reproduced by permission of the current copyright holder]",200,https://biblicalstudies.org.uk/pdf/rcl/08-4_333.pdf,application/pdf,900598,True,08ee99f589dc5f0f7532c33f49a07357a7ac9f9460f3800aef668da9d8be73dc
2,https://biblicalstudies.org.uk/articles_rcl_02.php,https://biblicalstudies.org.uk/pdf/rcl/09-1-2_002.pdf,"""Letter from the Director,"" Religion in Communist Lands 9.1-2 (1981): 2-3. pdf","""Letter from the Director,"" Religion in Communist Lands 9.1-2 (1981): 2-3. pdf [Reproduced by permission of the current copyright holder]",200,https://biblicalstudies.org.uk/pdf/rcl/09-1-2_002.pdf,application/pdf,85217,True,d46ecbc864c0edac04658d90fc2917a72f19308eace19979b5b9bbcc52c70f63
2,https://biblicalstudies.org.uk/articles_rcl_02.php,https://biblicalstudies.org.uk/pdf/rcl/09-1-2_004.pdf,"Editorial, 4-5. pdf","Editorial, 4-5. pdf [Reproduced by permission of the current copyright holder]",200,https://biblicalstudies.org.uk/pdf/rcl/09-1-2_004.pdf,application/pdf,93049,True,72552de4af6165a37411e190ce29d6da9d66d193a3260ec6786145eb09935ac8
2,https://biblicalstudies.org.uk/articles_rcl_02.php,https://biblicalstudies.org.uk/pdf/rcl/09-1-2_006.pdf,"Roger Williamson, ""East Germany: The Federation of Protestant Churches,"" Religion in Communist Lands 9.1-2 (1981): 6-17. pdf","Roger Williamson, ""East Germany: The Federation of Protestant Churches,"" Religion in Communist Lands 9.1-2 (1981): 6-17. pdf [Reproduced by permission of the current copyright holder]",200,https://biblicalstudies.org.uk/pdf/rcl/09-1-2_006.pdf,application/pdf,582864,True,a81ff4a5381da3af344a79afbdb14b55b92af5a40b4a9377fd235de24fcdf447
2,https://biblicalstudies.org.uk/articles_rcl_02.php,https://biblicalstudies.org.uk/pdf/rcl/09-1-2_018.pdf,"Michael Bourdeaux, ""The Black Quinquennium: The Russian Orthodox Church 1959-1964; Appendix: A Landmark in the History of the Russian Orthodox Church,"" Religion in Communist Lands 9.1-2 (1981): 18-27. pdf","Michael Bourdeaux, ""The Black Quinquennium: The Russian Orthodox Church 1959-1964; Appendix: A Landmark in the History of the Russian Orthodox Church,"" Religion in Communist Lands 9.1-2 (1981): 18-27. pdf [Reproduced by permission of the current copyright holder]",200,https://biblicalstudies.org.uk/pdf/rcl/09-1-2_018.pdf,application/pdf,500610,True,a3eed88ad8d53fa7343b7857b1b94f1ee6673eaa6180536de4f7ed3760fa9347
2,https://biblicalstudies.org.uk/articles_rcl_02.php,https://biblicalstudies.org.uk/pdf/rcl/09-1-2_028.pdf,"Alexander Tomsky,""Poland's Church on the Road to Gdansk,"" Religion in Communist Lands 9.1-2 (1981): 28-39. pdf","Alexander Tomsky,""Poland's Church on the Road to Gdansk,"" Religion in Communist Lands 9.1-2 (1981): 28-39. pdf [Reproduced by permission of the current copyright holder]",200,https://biblicalstudies.org.uk/pdf/rcl/09-1-2_028.pdf,application/pdf,998726,True,d8c73e300a70e433b5e43dd5f9e263048aa3c98a259c830582285577d73e2e35
2,https://biblicalstudies.org.uk/articles_rcl_02.php,https://biblicalstudies.org.uk/pdf/rcl/09-1-2_040.pdf,"Marie Broxup, ""Islam and Atheism in the North Caucasus,"" Religion in Communist Lands 9.1-2 (1981): 40-49. pdf","Marie Broxup, ""Islam and Atheism in the North Caucasus,"" Religion in Communist Lands 9.1-2 (1981): 40-49. pdf [Reproduced by permission of the current copyright holder]",200,https://biblicalstudies.org.uk/pdf/rcl/09-1-2_040.pdf,application/pdf,950292,True,460733fe3c195d3c38253e10522198bb16b5668359512d794611bab138bb09cf
2,https://biblicalstudies.org.uk/articles_rcl_02.php,https://biblicalstudies.org.uk/pdf/rcl/09-1-2_050.pdf,"John Brown, ""Religion and Revolution in Ethiopia,"" Religion in Communist Lands 9.1-2 (1981): 50-55. pdf","John Brown, ""Religion and Revolution in Ethiopia,"" Religion in Communist Lands 9.1-2 (1981): 50-55. pdf [Reproduced by permission of the current copyright holder]",200,https://biblicalstudies.org.uk/pdf/rcl/09-1-2_050.pdf,application/pdf,253913,True,40d6338e84991f0083ed9ab14e8f16cb1a8b09355ef9aac98220da6fb4855955
2,https://biblicalstudies.org.uk/articles_rcl_02.php,https://biblicalstudies.org.uk/pdf/rcl/09-1-2_056.pdf,"Dimitri Pospielovsky, ""Anatoli Levitin and Vadim Shavrov: Essays on the History of Russian Church Troubles,"" Religion in Communist Lands 9.1-2 (1981): 56-59. pdf","Dimitri Pospielovsky, ""Anatoli Levitin and Vadim Shavrov: Essays on the History of Russian Church Troubles,"" Religion in Communist Lands 9.1-2 (1981): 56-59. pdf [Reproduced by permission of the current copyright holder]",200,https://biblicalstudies.org.uk/pdf/rcl/09-1-2_056.pdf,application/pdf,189665,True,e1480e2494b56e7992f94f2ab4bc386826d3d6283d64541f0a4b57e435eb9f45
2,https://biblicalstudies.org.uk/articles_rcl_02.php,https://biblicalstudies.org.uk/pdf/rcl/09-1-2_060.pdf,"""Catholicism and Politics in Czechoslovakia,"" Religion in Communist Lands 9.1-2 (1981): 60-65. pdf","""Catholicism and Politics in Czechoslovakia,"" Religion in Communist Lands 9.1-2 (1981): 60-65. pdf [Reproduced by permission of the current copyright holder]",200,https://biblicalstudies.org.uk/pdf/rcl/09-1-2_060.pdf,application/pdf,337817,True,08481e2e14c33c87bc43c78cb1c306600a3d51956608af64ee1c4ad55fa7f4bb
2,https://biblicalstudies.org.uk/articles_rcl_02.php,https://biblicalstudies.org.uk/pdf/rcl/09-1-2_066.pdf,"News in Brief, 66-75. pdf","News in Brief, 66-75. pdf [Reproduced by permission of the current copyright holder]",200,https://biblicalstudies.org.uk/pdf/rcl/09-1-2_066.pdf,application/pdf,566798,True,ee17afcac1dd7f93b943ac4269f81c891df147611044a2d5fd566cff157a6835
2,https://biblicalstudies.org.uk/articles_rcl_02.php,https://biblicalstudies.org.uk/pdf/rcl/09-1-2_075.pdf,"Bibliography, 76-88. pdf","Bibliography, 76-88. pdf [Reproduced by permission of the current copyright holder]",200,https://biblicalstudies.org.uk/pdf/rcl/09-1-2_075.pdf,application/pdf,673336,True,95ed4559917ae159923846a9c55844148c037bf56b300930ca2beca5dd4fb268
2,https://biblicalstudies.org.uk/articles_rcl_02.php,https://biblicalstudies.org.uk/pdf/rcl/09-3-4_090.pdf,"Editorial, 90-91. pdf","Editorial, 90-91. pdf [Reproduced by permission of the current copyright holder]",200,https://biblicalstudies.org.uk/pdf/rcl/09-3-4_090.pdf,application/pdf,73649,True,af523832ae297be270feb97ae81cf1b0bb2fca6b2460ba0af019268c0ee40446
2,https://biblicalstudies.org.uk/articles_rcl_02.php,https://biblicalstudies.org.uk/pdf/rcl/09-3-4_092.pdf,"Grazyna Sikorska, ""Cardinal Wyszyilski: A Portrait,"" Religion in Communist Lands 9.3-4 (1981): 92-98. pdf","Grazyna Sikorska, ""Cardinal Wyszyilski: A Portrait,"" Religion in Communist Lands 9.3-4 (1981): 92-98. pdf [Reproduced by permission of the current copyright holder]",200,https://biblicalstudies.org.uk/pdf/rcl/09-3-4_092.pdf,application/pdf,669074,True,282f4eacf853a3573985f588adfcb1f106569c5b61325cfcf4d6449a6b41bcfd
2,https://biblicalstudies.org.uk/articles_rcl_02.php,https://biblicalstudies.org.uk/pdf/rcl/09-3-4_099.pdf,"Alexander Tomsky, ""A New Primate for Times of Upheaval in Poland,"" Religion in Communist Lands 9.3-4 (1981): 99-100. pdf","Alexander Tomsky, ""A New Primate for Times of Upheaval in Poland,"" Religion in Communist Lands 9.3-4 (1981): 99-100. pdf [Reproduced by permission of the current copyright holder]",200,https://biblicalstudies.org.uk/pdf/rcl/09-3-4_099.pdf,application/pdf,96951,True,e8d008241872d29adabdbb941ddc93c730b6cfdf8415339a418a59ae4a03026a
2,https://biblicalstudies.org.uk/articles_rcl_02.php,https://biblicalstudies.org.uk/pdf/rcl/09-3-4_101.pdf,"Michael Aksenov Meerson, ""The Russian Orthodox Church 1965-1980,"" Religion in Communist Lands 9.3-4 (1981): 101-110. pdf","Michael Aksenov Meerson, ""The Russian Orthodox Church 1965-1980,"" Religion in Communist Lands 9.3-4 (1981): 101-110. pdf [Reproduced by permission of the current copyright holder]",200,https://biblicalstudies.org.uk/pdf/rcl/09-3-4_101.pdf,application/pdf,448218,True,649c86b62d174b4d9888d57aab2e157e32c1beb0e047194a81603a1dcfeba8af
2,https://biblicalstudies.org.uk/articles_rcl_02.php,https://biblicalstudies.org.uk/pdf/rcl/09-3-4_111.pdf,"Philip Walters, ""The Ideas of the Christian Seminar; Appendix: 
              A Call For Christian Heroes in Russia Today Appeal to Young Italian Catholics,"" Religion in Communist Lands 9.3-4 (1981): 111-126. pdf","Philip Walters, ""The Ideas of the Christian Seminar; Appendix: 
              A Call For Christian Heroes in Russia Today Appeal to Young Italian Catholics,"" Religion in Communist Lands 9.3-4 (1981): 111-126. pdf [Reproduced by permission of the current copyright holder]",200,https://biblicalstudies.org.uk/pdf/rcl/09-3-4_111.pdf,application/pdf,1025169,True,55067dcae958851684d5c88f9f9f4263c87044bf967ed3633ba6dba12b2d8864
2,https://biblicalstudies.org.uk/articles_rcl_02.php,https://biblicalstudies.org.uk/pdf/rcl/09-3-4_127.pdf,"Philip L. Daniel, ""Michael Bourdeaux: Land of Crosses: The Struggle for Religious Freedom in Lithuania,"" Religion in Communist Lands 9.3-4 (1981): 127-128. pdf","Philip L. Daniel, ""Michael Bourdeaux: Land of Crosses: The Struggle for Religious Freedom in Lithuania,"" Religion in Communist Lands 9.3-4 (1981): 127-128. pdf [Reproduced by permission of the current copyright holder]",200,https://biblicalstudies.org.uk/pdf/rcl/09-3-4_127.pdf,application/pdf,57661,True,9cf8f487977900705506e56794c8fa95dcf2a2e0c66c1f5d3191706ddeeea597
2,https://biblicalstudies.org.uk/articles_rcl_02.php,https://biblicalstudies.org.uk/pdf/rcl/09-3-4_129.pdf,"Vasyl Markus, ""V. Stanley Vardys: The Catholic Church, Dissent and Nationality in Lithuania,"" Religion in Communist Lands 9.3-4 (1981): 129-131. pdf","Vasyl Markus, ""V. Stanley Vardys: The Catholic Church, Dissent and Nationality in Lithuania,"" Religion in Communist Lands 9.3-4 (1981): 129-131. pdf [Reproduced by permission of the current copyright holder]",200,https://biblicalstudies.org.uk/pdf/rcl/09-3-4_129.pdf,application/pdf,125538,True,bba9aa2d767a7870f1f951add19535526591734f6a0f795e67a9d2dffd214b50
2,https://biblicalstudies.org.uk/articles_rcl_02.php,https://biblicalstudies.org.uk/pdf/rcl/09-3-4_131.pdf,"Xenia Howard-Johnston, ""Alexandre A. Bennigsen & S. Enders Wimbush: Muslim National Communism in the Soviet Union: A Revolutionary Strategy for the Colonial World,"" Religion in Communist Lands 9.3-4 (1981): 131-133. pdf","Xenia Howard-Johnston, ""Alexandre A. Bennigsen & S. Enders Wimbush: Muslim National Communism in the Soviet Union: A Revolutionary Strategy for the Colonial World,"" Religion in Communist Lands 9.3-4 (1981): 131-133. pdf [Reproduced by permission of the current copyright holder]",200,https://biblicalstudies.org.uk/pdf/rcl/09-3-4_131.pdf,application/pdf,140392,True,ba48f676a8e2740df15192835e64bc86f90bd84f67e6899de94882f3527619d8
2,https://biblicalstudies.org.uk/articles_rcl_02.php,https://biblicalstudies.org.uk/pdf/rcl/09-3-4_133.pdf,"Xenia Howard-Johnston,""The Unknown Homeland,"" Religion in Communist Lands 9.3-4 (1981): 133-134. pdf","Xenia Howard-Johnston,""The Unknown Homeland,"" Religion in Communist Lands 9.3-4 (1981): 133-134. pdf [Reproduced by permission of the current copyright holder]",200,https://biblicalstudies.org.uk/pdf/rcl/09-3-4_133.pdf,application/pdf,90524,True,dd1614421efd09d9e814f59b7ece18f8146d9c5abc739b33ef37ebfa8026e383
2,https://biblicalstudies.org.uk/articles_rcl_02.php,https://biblicalstudies.org.uk/pdf/rcl/09-3-4_134.pdf,"Hansjakob Stehle, ""Dennis J. Dunn: Detente and Papal-Communist Relations, 1962-1978,"" Religion in Communist Lands 9.3-4 (1981): 134-136. pdf","Hansjakob Stehle, ""Dennis J. Dunn: Detente and Papal-Communist Relations, 1962-1978,"" Religion in Communist Lands 9.3-4 (1981): 134-136. pdf [Reproduced by permission of the current copyright holder]",200,https://biblicalstudies.org.uk/pdf/rcl/09-3-4_134.pdf,application/pdf,123824,True,0bb8f034ae57298cbf69d386c2147193330a9c0c2fa7d9fc075045254255eb66
2,https://biblicalstudies.org.uk/articles_rcl_02.php,https://biblicalstudies.org.uk/pdf/rcl/09-3-4_137.pdf,"""The Fight For The Church In Klaipeda, Lithuania,"" Religion in Communist Lands 9.3-4 (1981): 137-139. pdf","""The Fight For The Church In Klaipeda, Lithuania,"" Religion in Communist Lands 9.3-4 (1981): 137-139. pdf [Reproduced by permission of the current copyright holder]",200,https://biblicalstudies.org.uk/pdf/rcl/09-3-4_137.pdf,application/pdf,182043,True,30deddccd88cd6cb2f8d4c7b3988fc54a4160afe5b3285b58dca3516b293bbb8
2,https://biblicalstudies.org.uk/articles_rcl_02.php,https://biblicalstudies.org.uk/pdf/rcl/09-3-4_139.pdf,"""Poland: the Meaning of 'Dialogue' Between the Church and the 'Left',"" Religion in Communist Lands 9.3-4 (1981): 139-146. pdf","""Poland: the Meaning of 'Dialogue' Between the Church and the 'Left',"" Religion in Communist Lands 9.3-4 (1981): 139-146. pdf [Reproduced by permission of the current copyright holder]",200,https://biblicalstudies.org.uk/pdf/rcl/09-3-4_139.pdf,application/pdf,318427,True,394f169de3c4347eda5f17cb7b901d50961e05a25c3fbec459efff2ffb4a75c6
2,https://biblicalstudies.org.uk/articles_rcl_02.php,https://biblicalstudies.org.uk/pdf/rcl/09-3-4_147.pdf,"News from Keston College, 147-148. pdf","News from Keston College, 147-148. pdf [Reproduced by permission of the current copyright holder]",200,https://biblicalstudies.org.uk/pdf/rcl/09-3-4_147.pdf,application/pdf,86133,True,f77c509ef503c4ed3c6546f4cc0047382676bc878dc312f377227d08f28cac53
2,https://biblicalstudies.org.uk/articles_rcl_02.php,https://biblicalstudies.org.uk/pdf/rcl/09-3-4_149.pdf,"News in Brief, 149-161. pdf","News in Brief, 149-161. pdf [Reproduced by permission of the current copyright holder]",200,https://biblicalstudies.org.uk/pdf/rcl/09-3-4_149.pdf,application/pdf,765996,True,1249e0dee70713020c353957ac869af72d00525a4cedc7142c7ce7d39dfbaa1d
2,https://biblicalstudies.org.uk/articles_rcl_02.php,https://biblicalstudies.org.uk/pdf/rcl/09-3-4_162.pdf,Bibliography 162-176. pdf,Bibliography 162-176. pdf [Reproduced by permission of the current copyright holder],200,https://biblicalstudies.org.uk/pdf/rcl/09-3-4_162.pdf,application/pdf,582338,True,4e920232438572652052c0c5a3c6f2c44de5b45faf2ddacc2c2d4675ab421a0c
2,https://biblicalstudies.org.uk/articles_rcl_02.php,https://biblicalstudies.org.uk/pdf/rcl/10-1_002.pdf,"Editorial, 2-3. pdf","Editorial, 2-3. pdf [Reproduced by permission of the current copyright holder]",200,https://biblicalstudies.org.uk/pdf/rcl/10-1_002.pdf,application/pdf,58713,True,dd540b9ed1e54236bc1fea7a2135848a368e008cb0ab3f6d2d2d5658d030b82c
2,https://biblicalstudies.org.uk/articles_rcl_02.php,https://biblicalstudies.org.uk/pdf/rcl/10-1_004.pdf,"Christopher Cviic, ""A Fatima in a Communist Land?"" Religion in Communist Lands 10.1 (1982:): 4-9. pdf","Christopher Cviic, ""A Fatima in a Communist Land?"" Religion in Communist Lands 10.1 (1982:): 4-9. pdf [Reproduced by permission of the current copyright holder]",200,https://biblicalstudies.org.uk/pdf/rcl/10-1_004.pdf,application/pdf,183999,True,cde50e224c0f731636524183b778f961f8c178f540c0dcf6af291395689391c1
2,https://biblicalstudies.org.uk/articles_rcl_02.php,https://biblicalstudies.org.uk/pdf/rcl/10-1_010.pdf,"""'Creation Not Destruction': An Interview With The Russian Orthodox Artist Vitali Linitsky,"" Religion in Communist Lands 10.1 (1982:): 10-22. pdf","""'Creation Not Destruction': An Interview With The Russian Orthodox Artist Vitali Linitsky,"" Religion in Communist Lands 10.1 (1982:): 10-22. pdf [Reproduced by permission of the current copyright holder]",200,https://biblicalstudies.org.uk/pdf/rcl/10-1_010.pdf,application/pdf,2353935,True,fa128d02cc9d1280fa41802c5fcff1db02f7f3234ec1129fe913ca0860bfcf86
2,https://biblicalstudies.org.uk/articles_rcl_02.php,https://biblicalstudies.org.uk/pdf/rcl/10-1_023.pdf,"Alexander Tommy, ""Modus Moriendi of The Catholic Church in Czechoslovakia,"" Religion in Communist Lands 10.1 (1982:): 23-39. Documentary Appendices, 39-53. pdf","Alexander Tommy, ""Modus Moriendi of The Catholic Church in Czechoslovakia,"" Religion in Communist Lands 10.1 (1982:): 23-39. Documentary Appendices, 39-53. pdf [Reproduced by permission of the current copyright holder]",200,https://biblicalstudies.org.uk/pdf/rcl/10-1_023.pdf,application/pdf,46736,True,1830610851ef2c22b3dab7a5bd77756afd824ab8c7c382ad46d4ffb73592049c
2,https://biblicalstudies.org.uk/articles_rcl_02.php,https://biblicalstudies.org.uk/pdf/rcl/10-1_054.pdf,"Graeme Jackson, ""An Assessment of Church Life in Vietnam,"" Religion in Communist Lands 10.1 (1982:): 54-61. Documentary Appendices, 61-68. pdf","Graeme Jackson, ""An Assessment of Church Life in Vietnam,"" Religion in Communist Lands 10.1 (1982:): 54-61. Documentary Appendices, 61-68. pdf [Reproduced by permission of the current copyright holder]",200,https://biblicalstudies.org.uk/pdf/rcl/10-1_054.pdf,application/pdf,572788,True,d0a0cc87a9b152f012e724653c64e9b565b57a875fd4d3291a444819a0419916
2,https://biblicalstudies.org.uk/articles_rcl_02.php,https://biblicalstudies.org.uk/pdf/rcl/10-1_069.pdf,"""Sources,"" Religion in Communist Lands 10.1 (1982:): 69-80. pdf","""Sources,"" Religion in Communist Lands 10.1 (1982:): 69-80. pdf [Reproduced by permission of the current copyright holder]",200,https://biblicalstudies.org.uk/pdf/rcl/10-1_069.pdf,application/pdf,543827,True,cd54f1f45a7f7a38999a51679ebece3f2d2bbb7f2ce7bc86722a80422d1804ea
2,https://biblicalstudies.org.uk/articles_rcl_02.php,https://biblicalstudies.org.uk/pdf/rcl/10-1_081.pdf,"""Christian Prisoners in the USSR 1979-1982,"" Religion in Communist Lands 10.1 (1982:): 81-83. pdf","""Christian Prisoners in the USSR 1979-1982,"" Religion in Communist Lands 10.1 (1982:): 81-83. pdf [Reproduced by permission of the current copyright holder]",200,https://biblicalstudies.org.uk/pdf/rcl/10-1_081.pdf,application/pdf,148214,True,1bdf6a598e2f2cefb1edd666af1621d602dea3ecc61ba78822c28cf52d5e490f
2,https://biblicalstudies.org.uk/articles_rcl_02.php,https://biblicalstudies.org.uk/pdf/rcl/10-1_084.pdf,"""Developments in the Polish Churches During 1981,"" Religion in Communist Lands 10.1 (1982:): 84-88. pdf","""Developments in the Polish Churches During 1981,"" Religion in Communist Lands 10.1 (1982:): 84-88. pdf [Reproduced by permission of the current copyright holder]",200,https://biblicalstudies.org.uk/pdf/rcl/10-1_084.pdf,application/pdf,243619,True,99b7a8450596019b8a81b0df2502d99c850551c1f923c02e5d3e15c4c0ec5b11
2,https://biblicalstudies.org.uk/articles_rcl_02.php,https://biblicalstudies.org.uk/pdf/rcl/10-1_087.pdf,"""Croatian Controversy,"" Religion in Communist Lands 10.1 (1982:): 87-88. pdf","""Croatian Controversy,"" Religion in Communist Lands 10.1 (1982:): 87-88. pdf [Reproduced by permission of the current copyright holder]",200,https://biblicalstudies.org.uk/pdf/rcl/10-1_087.pdf,application/pdf,99641,True,2fc7f136ae4aa954e31a739504615f6ef704a97bc394b616af44a4aba711b4ed
2,https://biblicalstudies.org.uk/articles_rcl_02.php,https://biblicalstudies.org.uk/pdf/rcl/10-1_089.pdf,"""Vocations in the Ukrainian Church,"" Religion in Communist Lands 10.1 (1982:): 89-90. pdf","""Vocations in the Ukrainian Church,"" Religion in Communist Lands 10.1 (1982:): 89-90. pdf [Reproduced by permission of the current copyright holder]",200,https://biblicalstudies.org.uk/pdf/rcl/10-1_089.pdf,application/pdf,86018,True,062c58cd4cd69c44f1e02b0c321f44280ddfbec0a856fe6a41f849a8664082c0
2,https://biblicalstudies.org.uk/articles_rcl_02.php,https://biblicalstudies.org.uk/pdf/rcl/10-1_091.pdf,"""A Catholic -Pilgrimage in China,"" Religion in Communist Lands 10.1 (1982:): 91-96. pdf","""A Catholic -Pilgrimage in China,"" Religion in Communist Lands 10.1 (1982:): 91-96. pdf [Reproduced by permission of the current copyright holder]",200,https://biblicalstudies.org.uk/pdf/rcl/10-1_091.pdf,application/pdf,250464,True,91e317f9d49adccf05d20f63a64a35c4f258da330e0743f57aee5cfbc9d967b0
2,https://biblicalstudies.org.uk/articles_rcl_02.php,https://biblicalstudies.org.uk/pdf/rcl/10-1_096.pdf,"""Russia's Spiritual Traditions Live On ( Starets Tavrion ),"" Religion in Communist Lands 10.1 (1982:): 96-118. pdf","""Russia's Spiritual Traditions Live On ( Starets Tavrion ),"" Religion in Communist Lands 10.1 (1982:): 96-118. pdf [Reproduced by permission of the current copyright holder]",200,https://biblicalstudies.org.uk/pdf/rcl/10-1_096.pdf,application/pdf,1420976,True,1b13a21c4d8222d4513d0bb2da7cb968c9dba3282b68357b86093deedc503a1f
2,https://biblicalstudies.org.uk/articles_rcl_02.php,https://biblicalstudies.org.uk/pdf/rcl/10-1_119.pdf,"News from Keston College, 119-120. pdf","News from Keston College, 119-120. pdf [Reproduced by permission of the current copyright holder]",200,https://biblicalstudies.org.uk/pdf/rcl/10-1_119.pdf,application/pdf,65511,True,f6b610e3c0a37866b0e480acf21174df04531a67c7b3588ecd87605ed57ba6fa
2,https://biblicalstudies.org.uk/articles_rcl_02.php,https://biblicalstudies.org.uk/pdf/rcl/10-2_122.pdf,"Editorial, 122-123. pdf","Editorial, 122-123. pdf [Reproduced by permission of the current copyright holder]",200,https://biblicalstudies.org.uk/pdf/rcl/10-2_122.pdf,application/pdf,60941,True,c8a37a8c8bcba1f3d5bda118178f6af3887c935dc9dbb7ae394b8a998cfc32db
2,https://biblicalstudies.org.uk/articles_rcl_02.php,https://biblicalstudies.org.uk/pdf/rcl/10-2_124.pdf,"George Cushing, ""Protestantism in Hungary,"" Religion in Communist Lands 10.2 (1982:): 124-132. pdf","George Cushing, ""Protestantism in Hungary,"" Religion in Communist Lands 10.2 (1982:): 124-132. pdf [Reproduced by permission of the current copyright holder]",200,https://biblicalstudies.org.uk/pdf/rcl/10-2_124.pdf,application/pdf,389396,True,5d107ce16549e766386e819c6feb9fbe22f0a948562813d57a3483fa99feec0b
2,https://biblicalstudies.org.uk/articles_rcl_02.php,https://biblicalstudies.org.uk/pdf/rcl/10-2_133.pdf,"""A Russian Jew in Quest of God: Interview with Michael Zand,"" Religion in Communist Lands 10.2 (1982:): 133-144. pdf","""A Russian Jew in Quest of God: Interview with Michael Zand,"" Religion in Communist Lands 10.2 (1982:): 133-144. pdf [Reproduced by permission of the current copyright holder]",200,https://biblicalstudies.org.uk/pdf/rcl/10-2_133.pdf,application/pdf,503633,True,43e39e23531b56d7d5ed63a8787929bfb42b8442d951af6743908727139b66b8
2,https://biblicalstudies.org.uk/articles_rcl_02.php,https://biblicalstudies.org.uk/pdf/rcl/10-2_145.pdf,"Mikhail Agursky, ""The Attitude to Religion in the New Russian Literature,"" Religion in Communist Lands 10.2 (1982:): 145-155. pdf","Mikhail Agursky, ""The Attitude to Religion in the New Russian Literature,"" Religion in Communist Lands 10.2 (1982:): 145-155. pdf [Reproduced by permission of the current copyright holder]",200,https://biblicalstudies.org.uk/pdf/rcl/10-2_145.pdf,application/pdf,468632,True,110aef879abd1951d5bb38579ae1aeb867e6cc82628ced689defebe079c90651
2,https://biblicalstudies.org.uk/articles_rcl_02.php,https://biblicalstudies.org.uk/pdf/rcl/10-2_156.pdf,"Piero Gheddo, ""A New Church is Born Under Persecution,"" Religion in Communist Lands 10.2 (1982:): 156-167. pdf","Piero Gheddo, ""A New Church is Born Under Persecution,"" Religion in Communist Lands 10.2 (1982:): 156-167. pdf [Reproduced by permission of the current copyright holder]",200,https://biblicalstudies.org.uk/pdf/rcl/10-2_156.pdf,application/pdf,498349,True,5b2fac917eb88b89b877cd64a8682a17358822e720f19d9370e3b4723c74fae3
2,https://biblicalstudies.org.uk/articles_rcl_02.php,https://biblicalstudies.org.uk/pdf/rcl/10-2_168.pdf,"Peter Humphrey, ""Islam in China Today,"" Religion in Communist Lands 10.2 (1982:): 168-177. pdf","Peter Humphrey, ""Islam in China Today,"" Religion in Communist Lands 10.2 (1982:): 168-177. pdf [Reproduced by permission of the current copyright holder]",200,https://biblicalstudies.org.uk/pdf/rcl/10-2_168.pdf,application/pdf,808259,True,d397a6e74766596298c19e6a03a74778899ec9a2c9ad3a9df76cc8d3bc81f268
2,https://biblicalstudies.org.uk/articles_rcl_02.php,https://biblicalstudies.org.uk/pdf/rcl/10-2_178.pdf,"""Report on the Situation of The Roman Catholic Church in Belorussia,"" Religion in Communist Lands 10.2 (1982:): 178-187. pdf","""Report on the Situation of The Roman Catholic Church in Belorussia,"" Religion in Communist Lands 10.2 (1982:): 178-187. pdf [Reproduced by permission of the current copyright holder]",200,https://biblicalstudies.org.uk/pdf/rcl/10-2_178.pdf,application/pdf,741084,True,46fc785f37f1ba450392c9e8566c34b8bb07925123f58b6448a1a1f3dcbb77f0
2,https://biblicalstudies.org.uk/articles_rcl_02.php,https://biblicalstudies.org.uk/pdf/rcl/10-2_188.pdf,"Dennis Dunn, ""Debate on the Vatican's Ostpolitik ,"" Religion in Communist Lands 10.2 (1982:): 188-189. pdf","Dennis Dunn, ""Debate on the Vatican's Ostpolitik ,"" Religion in Communist Lands 10.2 (1982:): 188-189. pdf [Reproduced by permission of the current copyright holder]",200,https://biblicalstudies.org.uk/pdf/rcl/10-2_188.pdf,application/pdf,68111,True,5655c7173319689386f5d35aa37c2ba74acebb4aeaa549a125121b0c11c63ad4
2,https://biblicalstudies.org.uk/articles_rcl_02.php,https://biblicalstudies.org.uk/pdf/rcl/10-2_190.pdf,"""Sources,"" Religion in Communist Lands 10.2 (1982:): 190-201. pdf","""Sources,"" Religion in Communist Lands 10.2 (1982:): 190-201. pdf [Reproduced by permission of the current copyright holder]",200,https://biblicalstudies.org.uk/pdf/rcl/10-2_190.pdf,application/pdf,698983,True,5eeaaa93e170c91c5c807099554c01fc4e53a7a3a9e4ce63a3265481f8d821b0
2,https://biblicalstudies.org.uk/articles_rcl_02.php,https://biblicalstudies.org.uk/pdf/rcl/10-2_202.pdf,"""The Church's Peace Initiative in the GDR,"" Religion in Communist Lands 10.2 (1982:): 202-204. pdf","""The Church's Peace Initiative in the GDR,"" Religion in Communist Lands 10.2 (1982:): 202-204. pdf [Reproduced by permission of the current copyright holder]",200,https://biblicalstudies.org.uk/pdf/rcl/10-2_202.pdf,application/pdf,182286,True,544228cf5e63531b9db29a8ade0f944c0444e942113c01776d7b48de4a847bff
2,https://biblicalstudies.org.uk/articles_rcl_02.php,https://biblicalstudies.org.uk/pdf/rcl/10-2_204.pdf,"""Pressure on Czech Catholics Continues,"" Religion in Communist Lands 10.2 (1982:): 204-206. pdf","""Pressure on Czech Catholics Continues,"" Religion in Communist Lands 10.2 (1982:): 204-206. pdf [Reproduced by permission of the current copyright holder]",200,https://biblicalstudies.org.uk/pdf/rcl/10-2_204.pdf,application/pdf,193303,True,8fed40f6b73bf38b91b68e4190d54ff15e3866d14bd6d4a09ab5018c073b4826
2,https://biblicalstudies.org.uk/articles_rcl_02.php,https://biblicalstudies.org.uk/pdf/rcl/10-2_206.pdf,"""The Soviet Press on Religion and Youth,"" Religion in Communist Lands 10.2 (1982:): 206-209. pdf","""The Soviet Press on Religion and Youth,"" Religion in Communist Lands 10.2 (1982:): 206-209. pdf [Reproduced by permission of the current copyright holder]",200,https://biblicalstudies.org.uk/pdf/rcl/10-2_206.pdf,application/pdf,266278,True,8ad6532ea463b69676f1d1e7227cee63fb275c977e0baf9bdcaac03df85d3423
2,https://biblicalstudies.org.uk/articles_rcl_02.php,https://biblicalstudies.org.uk/pdf/rcl/10-2_209.pdf,"""The Church in Poland Under Martial Law,"" Religion in Communist Lands 10.2 (1982:): 209-215. pdf","""The Church in Poland Under Martial Law,"" Religion in Communist Lands 10.2 (1982:): 209-215. pdf [Reproduced by permission of the current copyright holder]",200,https://biblicalstudies.org.uk/pdf/rcl/10-2_209.pdf,application/pdf,428845,True,cdd7a777e67288f00f9c48fd46831d4f6c2d26e95192f531b4bc08c699c801ff
2,https://biblicalstudies.org.uk/articles_rcl_02.php,https://biblicalstudies.org.uk/pdf/rcl/10-2_215.pdf,"""The National and Religious Background of Yugoslavia,"" Religion in Communist Lands 10.2 (1982:): 215-217. pdf","""The National and Religious Background of Yugoslavia,"" Religion in Communist Lands 10.2 (1982:): 215-217. pdf [Reproduced by permission of the current copyright holder]",200,https://biblicalstudies.org.uk/pdf/rcl/10-2_215.pdf,application/pdf,168831,True,386e45a57cf1ece1ca364c918152b961ca8720e6ad73831f1de27a814af31967
2,https://biblicalstudies.org.uk/articles_rcl_02.php,https://biblicalstudies.org.uk/pdf/rcl/10-2_218.pdf,"""Truths Which Cannot be Hidden Persecution of Believers in Romania,"" Religion in Communist Lands 10.2 (1982:): 218-226. pdf","""Truths Which Cannot be Hidden Persecution of Believers in Romania,"" Religion in Communist Lands 10.2 (1982:): 218-226. pdf [Reproduced by permission of the current copyright holder]",200,https://biblicalstudies.org.uk/pdf/rcl/10-2_218.pdf,application/pdf,534854,True,a8c9ee051e9fde00aa90ba766cc2c943e8bbeb6e401b95b9b01d4760625812cb
2,https://biblicalstudies.org.uk/articles_rcl_02.php,https://biblicalstudies.org.uk/pdf/rcl/10-2_227.pdf,"""Reviews,"" Religion in Communist Lands 10.2 (1982:): 227-238. pdf","""Reviews,"" Religion in Communist Lands 10.2 (1982:): 227-238. pdf [Reproduced by permission of the current copyright holder]",200,https://biblicalstudies.org.uk/pdf/rcl/10-2_227.pdf,application/pdf,473032,True,adbb863a2c56a6d310d954204fe77426993c23fdc8f1e05c58202a0ec197bd70
2,https://biblicalstudies.org.uk/articles_rcl_02.php,https://biblicalstudies.org.uk/pdf/rcl/10-2_239.pdf,"News from Keston College, 239-240. pdf","News from Keston College, 239-240. pdf [Reproduced by permission of the current copyright holder]",200,https://biblicalstudies.org.uk/pdf/rcl/10-2_239.pdf,application/pdf,63929,True,eb584a91c368be7eaaef2ed3eab34ea035bee173be9cfacec48e541b05247b79
2,https://biblicalstudies.org.uk/articles_rcl_02.php,https://biblicalstudies.org.uk/pdf/rcl/10-3_242.pdf,"Bernhard Tônnes, ""Religious Persecution in Albania,"" Religion in Communist Lands 10.3 (1982:): 242-255. pdf","Bernhard Tônnes, ""Religious Persecution in Albania,"" Religion in Communist Lands 10.3 (1982:): 242-255. pdf [Reproduced by permission of the current copyright holder]",200,https://biblicalstudies.org.uk/pdf/rcl/10-3_242.pdf,application/pdf,648750,True,a2dcbde6c85e3e80669f84efe616306dca249a8cf6f67d2df3e5e4930f350acb
2,https://biblicalstudies.org.uk/articles_rcl_02.php,https://biblicalstudies.org.uk/pdf/rcl/10-3_256.pdf,"Pedro Ramet, ""Catholicism and Politics in Socialist Yugoslavia,"" Religion in Communist Lands 10.3 (1982:): 256-274. pdf","Pedro Ramet, ""Catholicism and Politics in Socialist Yugoslavia,"" Religion in Communist Lands 10.3 (1982:): 256-274. pdf [Reproduced by permission of the current copyright holder]",200,https://biblicalstudies.org.uk/pdf/rcl/10-3_256.pdf,application/pdf,992803,True,58013dc8b0c320ecb717ce43668f378081df2de9def439a8ee9cdb2de55d6a15
2,https://biblicalstudies.org.uk/articles_rcl_02.php,https://biblicalstudies.org.uk/pdf/rcl/10-3_275.pdf,"Alexander Tomsky, ""'Pacem in Terris' Between Church and State in Czechoslovakia,"" Religion in Communist Lands 10.3 (1982:): 275-282. pdf","Alexander Tomsky, ""'Pacem in Terris' Between Church and State in Czechoslovakia,"" Religion in Communist Lands 10.3 (1982:): 275-282. pdf [Reproduced by permission of the current copyright holder]",200,https://biblicalstudies.org.uk/pdf/rcl/10-3_275.pdf,application/pdf,399643,True,21e1cf49b41e7552f07e86cb11f5e8013d0f38b874be088dd98724b9114c4260
2,https://biblicalstudies.org.uk/articles_rcl_02.php,https://biblicalstudies.org.uk/pdf/rcl/10-3_283.pdf,"Arvan Gordon, ""Rural Christianity in China After the Cultural Revolution,"" Religion in Communist Lands 10.3 (1982:): 283-291. pdf","Arvan Gordon, ""Rural Christianity in China After the Cultural Revolution,"" Religion in Communist Lands 10.3 (1982:): 283-291. pdf [Reproduced by permission of the current copyright holder]",200,https://biblicalstudies.org.uk/pdf/rcl/10-3_283.pdf,application/pdf,714448,True,1f74949d8a4f3acf657df314cd0866e8f7ec7f3431a42f1a700c4e7994c5065f
2,https://biblicalstudies.org.uk/articles_rcl_02.php,https://biblicalstudies.org.uk/pdf/rcl/10-3_292.pdf,"Jerry G. Pankhurst, ""Soviet Sociology of Religion,"" Religion in Communist Lands 10.3 (1982:): 292-297. pdf","Jerry G. Pankhurst, ""Soviet Sociology of Religion,"" Religion in Communist Lands 10.3 (1982:): 292-297. pdf [Reproduced by permission of the current copyright holder]",200,https://biblicalstudies.org.uk/pdf/rcl/10-3_292.pdf,application/pdf,317435,True,6ae4a3619294b6694d78b1368c90a535d7cafe0168f67c8e806b59cad20dcb82
2,https://biblicalstudies.org.uk/articles_rcl_02.php,https://biblicalstudies.org.uk/pdf/rcl/10-3_298.pdf,"Christopher A.P. Binns, ""Soviet Secular Ritual: Atheist Propaganda or Spiritual Consumerism?"" Religion in Communist Lands 10.3 (1982:): 298-309. pdf","Christopher A.P. Binns, ""Soviet Secular Ritual: Atheist Propaganda or Spiritual Consumerism?"" Religion in Communist Lands 10.3 (1982:): 298-309. pdf [Reproduced by permission of the current copyright holder]",200,https://biblicalstudies.org.uk/pdf/rcl/10-3_298.pdf,application/pdf,582141,True,e3c09e1c126812ec6e4b794942dcb0979bfc012a56bd29c81749dea4c2f329d7
2,https://biblicalstudies.org.uk/articles_rcl_02.php,https://biblicalstudies.org.uk/pdf/rcl/10-3_310.pdf,"Darrell P. Hammer, ""Russian Nationalism and the 'Yanov Thesis',"" Religion in Communist Lands 10.3 (1982:): 310-316. pdf","Darrell P. Hammer, ""Russian Nationalism and the 'Yanov Thesis',"" Religion in Communist Lands 10.3 (1982:): 310-316. pdf [Reproduced by permission of the current copyright holder]",200,https://biblicalstudies.org.uk/pdf/rcl/10-3_310.pdf,application/pdf,332444,True,a0b028eb4e9ca9533c7d20add5c8cd79b5efec9ad76813b84d2302f436c436c2
2,https://biblicalstudies.org.uk/articles_rcl_02.php,https://biblicalstudies.org.uk/pdf/rcl/10-3_317.pdf,"""Sources,"" Religion in Communist Lands 10.3 (1982:): 317-328. pdf","""Sources,"" Religion in Communist Lands 10.3 (1982:): 317-328. pdf [Reproduced by permission of the current copyright holder]",200,https://biblicalstudies.org.uk/pdf/rcl/10-3_317.pdf,application/pdf,714100,True,5f7a6541eee48c83aeb4e7b21d125764c90bb37839f0f3597a953b78452ce717
2,https://biblicalstudies.org.uk/articles_rcl_02.php,https://biblicalstudies.org.uk/pdf/rcl/10-3_329.pdf,"""Jews in China,"" Religion in Communist Lands 10.3 (1982:): 329-330. pdf","""Jews in China,"" Religion in Communist Lands 10.3 (1982:): 329-330. pdf [Reproduced by permission of the current copyright holder]",200,https://biblicalstudies.org.uk/pdf/rcl/10-3_329.pdf,application/pdf,148526,True,64e0d45e83487452877827a8430639fae1d59eb8429bf2cc2c3cd03c080bc003
2,https://biblicalstudies.org.uk/articles_rcl_02.php,https://biblicalstudies.org.uk/pdf/rcl/10-3_333.pdf,"""The Serbian Orthodox Church Speaks Out,"" Religion in Communist Lands 10.3 (1982:): 331-333. pdf","""The Serbian Orthodox Church Speaks Out,"" Religion in Communist Lands 10.3 (1982:): 331-333. pdf [Reproduced by permission of the current copyright holder]",200,https://biblicalstudies.org.uk/pdf/rcl/10-3_333.pdf,application/pdf,649017,True,3a241361bac64ffac456af91f2a0b61dfbfad3dd998ee784951ecf2503c760b7
2,https://biblicalstudies.org.uk/articles_rcl_02.php,https://biblicalstudies.org.uk/pdf/rcl/10-3_337.pdf,"""The Moscow Peace Conference, May 1982,"" Religion in Communist Lands 10.3 (1982:): 337-339. pdf","""The Moscow Peace Conference, May 1982,"" Religion in Communist Lands 10.3 (1982:): 337-339. pdf [Reproduced by permission of the current copyright holder]",200,https://biblicalstudies.org.uk/pdf/rcl/10-3_337.pdf,application/pdf,200654,True,d6c59ae712578ae32258425b6455a65cf6ab1734d5913381d48dbc8c09969cc1
2,https://biblicalstudies.org.uk/articles_rcl_02.php,https://biblicalstudies.org.uk/pdf/rcl/10-3_339.pdf,"""The Church in Poland Under Martial Law,"" Religion in Communist Lands 10.3 (1982:): 339-343. pdf","""The Church in Poland Under Martial Law,"" Religion in Communist Lands 10.3 (1982:): 339-343. pdf [Reproduced by permission of the current copyright holder]",200,https://biblicalstudies.org.uk/pdf/rcl/10-3_339.pdf,application/pdf,346787,True,611586a997c8fa578bebf71a81d46a74fa42ef0f783fb14c557694dddedfff2d
2,https://biblicalstudies.org.uk/articles_rcl_02.php,https://biblicalstudies.org.uk/pdf/rcl/10-3_344.pdf,"""The Trial of Vladimir Poresh,"" Religion in Communist Lands 10.3 (1982:): 344-350. pdf","""The Trial of Vladimir Poresh,"" Religion in Communist Lands 10.3 (1982:): 344-350. pdf [Reproduced by permission of the current copyright holder]",200,https://biblicalstudies.org.uk/pdf/rcl/10-3_344.pdf,application/pdf,401617,True,2012fa80ff246b1f20a45c55594c74da45f8655503c554ca45815cf7ae8b76f2
2,https://biblicalstudies.org.uk/articles_rcl_02.php,https://biblicalstudies.org.uk/pdf/rcl/10-3_351.pdf,"Reviews, 351-358. pdf","Reviews, 351-358. pdf [Reproduced by permission of the current copyright holder]",200,https://biblicalstudies.org.uk/pdf/rcl/10-3_351.pdf,application/pdf,328702,True,37a8d8ebf9bfbc0388133b6bdd58f6dd2df20b4c17b8d3e7934192b2c706178b
2,https://biblicalstudies.org.uk/articles_rcl_02.php,https://biblicalstudies.org.uk/pdf/rcl/10-3_359.pdf,"News From Keston College, 359-360. pdf","News From Keston College, 359-360. pdf [Reproduced by permission of the current copyright holder]",200,https://biblicalstudies.org.uk/pdf/rcl/10-3_359.pdf,application/pdf,97987,True,62a2d5115c9cdceeb89d03f88e84d3957ea0bbe0d95fc0a4af3d7ff3ad3481e7
3,https://biblicalstudies.org.uk/articles_rcl_03.php,https://biblicalstudies.org.uk/pdf/rcl/11-1_002.pdf,"Editorial, 2-3. pdf","Editorial, 2-3. pdf [Reproduced by permission of the current copyright holder]",200,https://biblicalstudies.org.uk/pdf/rcl/11-1_002.pdf,application/pdf,65438,True,a817d3b0be3d1c5a0ddd2e261663d880c427383920bc0996a34385ddd669f8ed
3,https://biblicalstudies.org.uk/articles_rcl_03.php,https://biblicalstudies.org.uk/pdf/rcl/11-1_004.pdf,"Leonard Schapiro. ""Ten Years of Religion in Communist Lands,"" Religion in Communist Lands 11.1 (1983): 4-5. pdf","Leonard Schapiro. ""Ten Years of Religion in Communist Lands,"" Religion in Communist Lands 11.1 (1983): 4-5. pdf [Reproduced by permission of the current copyright holder]",200,https://biblicalstudies.org.uk/pdf/rcl/11-1_004.pdf,application/pdf,78859,True,39850c16649f7d1c81d3caf734c49b1a55143f7239e8a94353d25accf75b12fe
3,https://biblicalstudies.org.uk/articles_rcl_03.php,https://biblicalstudies.org.uk/pdf/rcl/11-1_006.pdf,"Philip Walters, ""Christians in Eastern Europe: a Decade of of Aspirations and Frustrations,"" Religion in Communist Lands 11.1 (1983): 6-24. pdf","Philip Walters, ""Christians in Eastern Europe: a Decade of of Aspirations and Frustrations,"" Religion in Communist Lands 11.1 (1983): 6-24. pdf [Reproduced by permission of the current copyright holder]",200,https://biblicalstudies.org.uk/pdf/rcl/11-1_006.pdf,application/pdf,723301,True,472ea166302b85ec0c9ba00c7003aafdf1459da420acb1838a0304fe7e8c2e46
3,https://biblicalstudies.org.uk/articles_rcl_03.php,https://biblicalstudies.org.uk/pdf/rcl/11-1_025.pdf,"John Anderson, ""Soviet Religious Policy under Brezhnev and After,"" Religion in Communist Lands 11.1 (1983): 25-30. pdf","John Anderson, ""Soviet Religious Policy under Brezhnev and After,"" Religion in Communist Lands 11.1 (1983): 25-30. pdf [Reproduced by permission of the current copyright holder]",200,https://biblicalstudies.org.uk/pdf/rcl/11-1_025.pdf,application/pdf,243497,True,586479d33b3d1b90ee019368ddcd6e1aa226a8f1be96f070d2ff33f88e715be3
3,https://biblicalstudies.org.uk/articles_rcl_03.php,https://biblicalstudies.org.uk/pdf/rcl/11-1_031.pdf,"Marie Broxup, ""Recent Developments in Soviet Islam,"" Religion in Communist Lands 11.1 (1983): 31-35. pdf","Marie Broxup, ""Recent Developments in Soviet Islam,"" Religion in Communist Lands 11.1 (1983): 31-35. pdf [Reproduced by permission of the current copyright holder]",200,https://biblicalstudies.org.uk/pdf/rcl/11-1_031.pdf,application/pdf,222044,True,9c91d9e01795ab7f5c5b648fe3843e7b75c3d9289d2eefe8cfaa69dcf3b97f88
3,https://biblicalstudies.org.uk/articles_rcl_03.php,https://biblicalstudies.org.uk/pdf/rcl/11-1_036.pdf,"Hans Bräker, ""Buddhism in the Soviet Union: Anihilation or Survival?"" Religion in Communist Lands 11.1 (1983): 36-48. pdf","Hans Bräker, ""Buddhism in the Soviet Union: Anihilation or Survival?"" Religion in Communist Lands 11.1 (1983): 36-48. pdf [Reproduced by permission of the current copyright holder]",200,https://biblicalstudies.org.uk/pdf/rcl/11-1_036.pdf,application/pdf,1081422,True,17aca127bcc031bf678df4a86082eaae6c814d29c05f4652b3f7488f49be233a
3,https://biblicalstudies.org.uk/articles_rcl_03.php,https://biblicalstudies.org.uk/pdf/rcl/11-1_049.pdf,"Grazyyna Sikorska, ""The Light-Life Movement in Poland,"" Religion in Communist Lands 11.1 (1983): 49-55. Documentary Appendices, 55-66. pdf","Grazyyna Sikorska, ""The Light-Life Movement in Poland,"" Religion in Communist Lands 11.1 (1983): 49-55. Documentary Appendices, 55-66. pdf [Reproduced by permission of the current copyright holder]",200,https://biblicalstudies.org.uk/pdf/rcl/11-1_049.pdf,application/pdf,1518958,True,d4f2b27120ed19e2fc985a3ebcbc6e531fe77567b86552465aeef41c18a035fb
3,https://biblicalstudies.org.uk/articles_rcl_03.php,https://biblicalstudies.org.uk/pdf/rcl/11-1_067.pdf,"David Kowalewski, ""The Catholic Church and the Cuban Regime,"" Religion in Communist Lands 11.1 (1983): 67-72. pdf","David Kowalewski, ""The Catholic Church and the Cuban Regime,"" Religion in Communist Lands 11.1 (1983): 67-72. pdf [Reproduced by permission of the current copyright holder]",200,https://biblicalstudies.org.uk/pdf/rcl/11-1_067.pdf,application/pdf,234040,True,6cfad9b21cff1b6176a8aff892f3a4715858501e2c851f011018c1ff1b501a75
3,https://biblicalstudies.org.uk/articles_rcl_03.php,https://biblicalstudies.org.uk/pdf/rcl/11-1_073.pdf,"Sources, 73-82. pdf","Sources, 73-82. pdf [Reproduced by permission of the current copyright holder]",200,https://biblicalstudies.org.uk/pdf/rcl/11-1_073.pdf,application/pdf,537588,True,10e7276057c2098b6e445eff72ed662787c2e1de8df6555db57e5bb29d2ac3bc
3,https://biblicalstudies.org.uk/articles_rcl_03.php,https://biblicalstudies.org.uk/pdf/rcl/11-1_083.pdf,"""Requiescant in Pace. Believers Who Have Died during the last decade,"" Religion in Communist Lands 11.1 (1983): 83-88. pdf","""Requiescant in Pace. Believers Who Have Died during the last decade,"" Religion in Communist Lands 11.1 (1983): 83-88. pdf [Reproduced by permission of the current copyright holder]",200,https://biblicalstudies.org.uk/pdf/rcl/11-1_083.pdf,application/pdf,309782,True,da2db07a013e3dcfbad2833637c410ca3e58d4f1f6f75b1974e3ca8ad1f2f48c
3,https://biblicalstudies.org.uk/articles_rcl_03.php,https://biblicalstudies.org.uk/pdf/rcl/11-1_088.pdf,"""A Catholic Gain in Lithuania,"" Religion in Communist Lands 11.1 (1983): 88-90. pdf","""A Catholic Gain in Lithuania,"" Religion in Communist Lands 11.1 (1983): 88-90. pdf [Reproduced by permission of the current copyright holder]",200,https://biblicalstudies.org.uk/pdf/rcl/11-1_088.pdf,application/pdf,158383,True,5e9890a282e74c9a3b0789f0f32df3d8dde678bd95ae5b4e0b624098c2dd7b57
3,https://biblicalstudies.org.uk/articles_rcl_03.php,https://biblicalstudies.org.uk/pdf/rcl/11-1_090.pdf,"""Jewish Religious Revival in Moscow,"" Religion in Communist Lands 11.1 (1983): 90-92. pdf","""Jewish Religious Revival in Moscow,"" Religion in Communist Lands 11.1 (1983): 90-92. pdf [Reproduced by permission of the current copyright holder]",200,https://biblicalstudies.org.uk/pdf/rcl/11-1_090.pdf,application/pdf,145894,True,7c259871e65b83b464620aa0e4c4b519984ac6e997eb0886376498b0dea32a1c
3,https://biblicalstudies.org.uk/articles_rcl_03.php,https://biblicalstudies.org.uk/pdf/rcl/11-1_093.pdf,"""Chinese Protestant Delegation to Britain 1982,"" Religion in Communist Lands 11.1 (1983): 93-94. pdf","""Chinese Protestant Delegation to Britain 1982,"" Religion in Communist Lands 11.1 (1983): 93-94. pdf [Reproduced by permission of the current copyright holder]",200,https://biblicalstudies.org.uk/pdf/rcl/11-1_093.pdf,application/pdf,94007,True,a32b7379999909b6bc96b34502eed2f30e169d66dbeb63300cd9e90b09945ce6
3,https://biblicalstudies.org.uk/articles_rcl_03.php,https://biblicalstudies.org.uk/pdf/rcl/11-1_095.pdf,"""Controversy in the Hungarian Catholic Church,"" Religion in Communist Lands 11.1 (1983): 95-108. pdf","""Controversy in the Hungarian Catholic Church,"" Religion in Communist Lands 11.1 (1983): 95-108. pdf [Reproduced by permission of the current copyright holder]",200,https://biblicalstudies.org.uk/pdf/rcl/11-1_095.pdf,application/pdf,755457,True,3cc6aef460bb521f41fadc5ac72a08486692f0553fa73bd675dba1bf34a2d667
3,https://biblicalstudies.org.uk/articles_rcl_03.php,https://biblicalstudies.org.uk/pdf/rcl/11-1_109.pdf,"""Reviews,"" Religion in Communist Lands 11.1 (1983): 109-120. pdf","""Reviews,"" Religion in Communist Lands 11.1 (1983): 109-120. pdf [Reproduced by permission of the current copyright holder]",200,https://biblicalstudies.org.uk/pdf/rcl/11-1_109.pdf,application/pdf,543932,True,5499e925f45329c519c65abf10e8681085c7c6c58819e9a3d3aa8d8aaeaf779c
3,https://biblicalstudies.org.uk/articles_rcl_03.php,https://biblicalstudies.org.uk/pdf/rcl/11-2_122.pdf,"Editorial, 122-123. pdf","Editorial, 122-123. pdf [Reproduced by permission of the current copyright holder]",200,https://biblicalstudies.org.uk/pdf/rcl/11-2_122.pdf,application/pdf,93987,True,998bc5721f4a22e52c62a1f7c05ce259fbe84d73e343342bcc9117f06e60cc8b
3,https://biblicalstudies.org.uk/articles_rcl_03.php,https://biblicalstudies.org.uk/pdf/rcl/11-2_124.pdf,"Mark Elliott, ""The Leningrad Museum of the History of	Religion and Atheism,"" Religion in Communist Lands 11.2 (1983): 124-129. pdf","Mark Elliott, ""The Leningrad Museum of the History of	Religion and Atheism,"" Religion in Communist Lands 11.2 (1983): 124-129. pdf [Reproduced by permission of the current copyright holder]",200,https://biblicalstudies.org.uk/pdf/rcl/11-2_124.pdf,application/pdf,214768,True,5b888ec1d35c401a3843e19c86357e1241b5913104b713e8c3f32d45fa09d9bc
3,https://biblicalstudies.org.uk/articles_rcl_03.php,https://biblicalstudies.org.uk/pdf/rcl/11-2_130.pdf,"Arvan Gordon, ""Religion and the New Chinese Constitution,"" Religion in Communist Lands 11.2 (1983): 130-134. pdf","Arvan Gordon, ""Religion and the New Chinese Constitution,"" Religion in Communist Lands 11.2 (1983): 130-134. pdf [Reproduced by permission of the current copyright holder]",200,https://biblicalstudies.org.uk/pdf/rcl/11-2_130.pdf,application/pdf,211363,True,b1eb87907e159258ad499ac7ccbc97276c56b3e23bf1b211107b1258fc959cca
3,https://biblicalstudies.org.uk/articles_rcl_03.php,https://biblicalstudies.org.uk/pdf/rcl/11-2_135.pdf,"Kenneth M. Wells, ""Protestantism in North Korea: An Exploration,"" Religion in Communist Lands 11.2 (1983): 135-145. pdf","Kenneth M. Wells, ""Protestantism in North Korea: An Exploration,"" Religion in Communist Lands 11.2 (1983): 135-145. pdf [Reproduced by permission of the current copyright holder]",200,https://biblicalstudies.org.uk/pdf/rcl/11-2_135.pdf,application/pdf,370009,True,38df6dade901ea1498793c598770a8cdabe6ec5e84b5b09883d89fa3df292c0f
3,https://biblicalstudies.org.uk/articles_rcl_03.php,https://biblicalstudies.org.uk/pdf/rcl/11-2_146.pdf,"John B. Dunlop, "" Mnogaya Leta : Advocate of a Russian Church —Soviet State Concordat,"" Religion in Communist Lands 11.2 (1983): 146-160. pdf","John B. Dunlop, "" Mnogaya Leta : Advocate of a Russian Church —Soviet State Concordat,"" Religion in Communist Lands 11.2 (1983): 146-160. pdf [Reproduced by permission of the current copyright holder]",200,https://biblicalstudies.org.uk/pdf/rcl/11-2_146.pdf,application/pdf,1001113,True,cdabc543bd0be2dfab193b37067ee04193dedf6bce808823add610810e36e33f
3,https://biblicalstudies.org.uk/articles_rcl_03.php,https://biblicalstudies.org.uk/pdf/rcl/11-2_161.pdf,"Paul Keim, ""A Polish Strategy For Non-Violent Change,"" Religion in Communist Lands 11.2 (1983): 161-169. pdf","Paul Keim, ""A Polish Strategy For Non-Violent Change,"" Religion in Communist Lands 11.2 (1983): 161-169. pdf [Reproduced by permission of the current copyright holder]",200,https://biblicalstudies.org.uk/pdf/rcl/11-2_161.pdf,application/pdf,292499,True,6a977d8c9d5294bccb59caa89a30e67b923e9faacef4f9a068bf2191bf560091
3,https://biblicalstudies.org.uk/articles_rcl_03.php,https://biblicalstudies.org.uk/pdf/rcl/11-2_170.pdf,"Arvan Gordon, ""Hitler's Rise to Power: Party and Church Reactions in the GDR,"" Religion in Communist Lands 11.2 (1983): 170-177. pdf","Arvan Gordon, ""Hitler's Rise to Power: Party and Church Reactions in the GDR,"" Religion in Communist Lands 11.2 (1983): 170-177. pdf [Reproduced by permission of the current copyright holder]",200,https://biblicalstudies.org.uk/pdf/rcl/11-2_170.pdf,application/pdf,252901,True,e90de40f9057c6195dfe89a7722a70436896eebb1f825a30169768967a32be10
3,https://biblicalstudies.org.uk/articles_rcl_03.php,https://biblicalstudies.org.uk/pdf/rcl/11-2_178.pdf,"John V. Eibner, ""Lajos Ordass: Prophet, Patriot or Reactionary,"" Religion in Communist Lands 11.2 (1983): 178-187. pdf","John V. Eibner, ""Lajos Ordass: Prophet, Patriot or Reactionary,"" Religion in Communist Lands 11.2 (1983): 178-187. pdf [Reproduced by permission of the current copyright holder]",200,https://biblicalstudies.org.uk/pdf/rcl/11-2_178.pdf,application/pdf,345748,True,ec4ce19cfcb4ed61bfccca430f24cf5c4efe1452aa95b4c4809892798fe70aca
3,https://biblicalstudies.org.uk/articles_rcl_03.php,https://biblicalstudies.org.uk/pdf/rcl/11-2_188.pdf,"Sources, 188-199. pdf","Sources, 188-199. pdf [Reproduced by permission of the current copyright holder]",200,https://biblicalstudies.org.uk/pdf/rcl/11-2_188.pdf,application/pdf,544647,True,26ca0bb95571ec1598cd6ac84d6951ce4c52d6201be24b45044c1fcd4cdb5af4
3,https://biblicalstudies.org.uk/articles_rcl_03.php,https://biblicalstudies.org.uk/pdf/rcl/11-2_200.pdf,"""Catholic Bishops Ban Controversial Body,"" Religion in Communist Lands 11.2 (1983): 200-202. pdf","""Catholic Bishops Ban Controversial Body,"" Religion in Communist Lands 11.2 (1983): 200-202. pdf [Reproduced by permission of the current copyright holder]",200,https://biblicalstudies.org.uk/pdf/rcl/11-2_200.pdf,application/pdf,619992,True,85be20a66a87dc98b7190c3129181cb44d90ae7c4da2a25b5b0b201773febfe6
3,https://biblicalstudies.org.uk/articles_rcl_03.php,https://biblicalstudies.org.uk/pdf/rcl/11-2_203.pdf,"""The Church in Poland Under Martial Law,"" Religion in Communist Lands 11.2 (1983): 203-204. pdf","""The Church in Poland Under Martial Law,"" Religion in Communist Lands 11.2 (1983): 203-204. pdf [Reproduced by permission of the current copyright holder]",200,https://biblicalstudies.org.uk/pdf/rcl/11-2_203.pdf,application/pdf,101239,True,c0285d91f0f724580c7c279950d2bc91ab2a87c7b7aaa79f6fadaf55dcdd9b1a
3,https://biblicalstudies.org.uk/articles_rcl_03.php,https://biblicalstudies.org.uk/pdf/rcl/11-2_204.pdf,"""New Cardinal's in Eastern Europe,"" Religion in Communist Lands 11.2 (1983): 204-207. pdf","""New Cardinal's in Eastern Europe,"" Religion in Communist Lands 11.2 (1983): 204-207. pdf [Reproduced by permission of the current copyright holder]",200,https://biblicalstudies.org.uk/pdf/rcl/11-2_204.pdf,application/pdf,188605,True,02e1e4cf38f51d0bb8f24fb6268c6484f4239b54b56caffed1377dcea293bf8f
3,https://biblicalstudies.org.uk/articles_rcl_03.php,https://biblicalstudies.org.uk/pdf/rcl/11-2_207.pdf,"""An Interview with the New Latvian Cardinal,"" Religion in Communist Lands 11.2 (1983): 207-209. pdf","""An Interview with the New Latvian Cardinal,"" Religion in Communist Lands 11.2 (1983): 207-209. pdf [Reproduced by permission of the current copyright holder]",200,https://biblicalstudies.org.uk/pdf/rcl/11-2_207.pdf,application/pdf,131922,True,56297ae98d30f7962ace53dde98f1027529883a11c835ee4ae56ee10ec8ebef3
3,https://biblicalstudies.org.uk/articles_rcl_03.php,https://biblicalstudies.org.uk/pdf/rcl/11-2_210.pdf,"""Open Letter in the Case of Zoya Krakhmalnikova,"" Religion in Communist Lands 11.2 (1983): 210-214. pdf","""Open Letter in the Case of Zoya Krakhmalnikova,"" Religion in Communist Lands 11.2 (1983): 210-214. pdf [Reproduced by permission of the current copyright holder]",200,https://biblicalstudies.org.uk/pdf/rcl/11-2_210.pdf,application/pdf,177705,True,cd89d54b375c9fe0b05ffa8214886d3eccc6f71bdc812bb4b2966ec9ee135f5a
3,https://biblicalstudies.org.uk/articles_rcl_03.php,https://biblicalstudies.org.uk/pdf/rcl/11-2_214.pdf,"""Pastoral Letter of GDR Catholic Bishops on Peace,"" Religion in Communist Lands 11.2 (1983): 214-217. pdf","""Pastoral Letter of GDR Catholic Bishops on Peace,"" Religion in Communist Lands 11.2 (1983): 214-217. pdf [Reproduced by permission of the current copyright holder]",200,https://biblicalstudies.org.uk/pdf/rcl/11-2_214.pdf,application/pdf,186556,True,34c5b5ec56d0fe28b00a461a3a7590844856b41aa2b62a3d11c32e0cb0866c77
3,https://biblicalstudies.org.uk/articles_rcl_03.php,https://biblicalstudies.org.uk/pdf/rcl/11-2_217.pdf,"""'Our True Christianity — Today And Tomorrow' (Slovenia),"" Religion in Communist Lands 11.2 (1983): 217-221. pdf","""'Our True Christianity — Today And Tomorrow' (Slovenia),"" Religion in Communist Lands 11.2 (1983): 217-221. pdf [Reproduced by permission of the current copyright holder]",200,https://biblicalstudies.org.uk/pdf/rcl/11-2_217.pdf,application/pdf,225541,True,20676d84b548e618d5c5775f06c9adc26f7243227de6e32aa2c08b95df575d05
3,https://biblicalstudies.org.uk/articles_rcl_03.php,https://biblicalstudies.org.uk/pdf/rcl/11-2_222.pdf,"Reviews, 222-239. pdf","Reviews, 222-239. pdf [Reproduced by permission of the current copyright holder]",200,https://biblicalstudies.org.uk/pdf/rcl/11-2_222.pdf,application/pdf,719124,True,b9e70611087ec0f1b64aef800c5387a6c8704e224ea4a560631f53c453e41f70
3,https://biblicalstudies.org.uk/articles_rcl_03.php,https://biblicalstudies.org.uk/pdf/rcl/11-3_242.pdf,"Editorial, 242-243. pdf","Editorial, 242-243. pdf [Reproduced by permission of the current copyright holder]",200,https://biblicalstudies.org.uk/pdf/rcl/11-3_242.pdf,application/pdf,54982,True,7e2e2fc522de2bf4d9425215c7a97737536fbfadddc87e3fd06c6f7b1324f1e1
3,https://biblicalstudies.org.uk/articles_rcl_03.php,https://biblicalstudies.org.uk/pdf/rcl/11-3_244.pdf,"Timothy Garton Ash, ""Swords into Ploughshares: The Unofficial ""Peace Movement"" and the Churches in East Germany,"" Religion in Communist Lands 11.3 (1983): 244-250. pdf","Timothy Garton Ash, ""Swords into Ploughshares: The Unofficial ""Peace Movement"" and the Churches in East Germany,"" Religion in Communist Lands 11.3 (1983): 244-250. pdf [Reproduced by permission of the current copyright holder]",200,https://biblicalstudies.org.uk/pdf/rcl/11-3_244.pdf,application/pdf,245565,True,ddfaa2ddfef11e9819f39a94bf1ea0f43a7cbef6acd2dcd05e3d216283e367e0
3,https://biblicalstudies.org.uk/articles_rcl_03.php,https://biblicalstudies.org.uk/pdf/rcl/11-3_251.pdf,"Frank E. Sysyn, ""The Ukrainian Orthodox Question in the USSR,"" Religion in Communist Lands 11.3 (1983): 251-263. pdf","Frank E. Sysyn, ""The Ukrainian Orthodox Question in the USSR,"" Religion in Communist Lands 11.3 (1983): 251-263. pdf [Reproduced by permission of the current copyright holder]",200,https://biblicalstudies.org.uk/pdf/rcl/11-3_251.pdf,application/pdf,482933,True,15aeeebde0074f2d8a0b6204ffa956ac99e9052d16d2cf2447526dc09a616658
3,https://biblicalstudies.org.uk/articles_rcl_03.php,https://biblicalstudies.org.uk/pdf/rcl/11-3_264.pdf,"Ivan Hvat', ""The Ukrainian Catholic Church, The Vatican and the Soviet Union During the Pontificate of Pope John Paul II,"" Religion in Communist Lands 11.3 (1983): 264-280. Documentary Appendices, 280-294. pdf","Ivan Hvat', ""The Ukrainian Catholic Church, The Vatican and the Soviet Union During the Pontificate of Pope John Paul II,"" Religion in Communist Lands 11.3 (1983): 264-280. Documentary Appendices, 280-294. pdf [Reproduced by permission of the current copyright holder]",200,https://biblicalstudies.org.uk/pdf/rcl/11-3_264.pdf,application/pdf,1744855,True,bf617e0c2a5968ffeed0e5f28fbd84ee4e04e6eeaf6a3c3038b36698f9cf8f02
3,https://biblicalstudies.org.uk/articles_rcl_03.php,https://biblicalstudies.org.uk/pdf/rcl/11-3_295.pdf,"Paul Keim, ""Polish Protestants: Ecumenism in a Dual Diaspora,"" Religion in Communist Lands 11.3 (1983): 295-309. pdf","Paul Keim, ""Polish Protestants: Ecumenism in a Dual Diaspora,"" Religion in Communist Lands 11.3 (1983): 295-309. pdf [Reproduced by permission of the current copyright holder]",200,https://biblicalstudies.org.uk/pdf/rcl/11-3_295.pdf,application/pdf,1000961,True,a1a9fba7d74ae58e10bd89af76425b3ff868b157a2bd6e1c8bc4dc5034a79312
3,https://biblicalstudies.org.uk/articles_rcl_03.php,https://biblicalstudies.org.uk/pdf/rcl/11-3_310.pdf,"Janice Broun, ""Catholics in Bulgaria,"" Religion in Communist Lands 11.3 (1983): 310-320. pdf","Janice Broun, ""Catholics in Bulgaria,"" Religion in Communist Lands 11.3 (1983): 310-320. pdf [Reproduced by permission of the current copyright holder]",200,https://biblicalstudies.org.uk/pdf/rcl/11-3_310.pdf,application/pdf,374497,True,1cf967c708f15e3f76130a42939e93bc31f1c63064747db386f011f343dd73cd
3,https://biblicalstudies.org.uk/articles_rcl_03.php,https://biblicalstudies.org.uk/pdf/rcl/11-3_321.pdf,"Sources, 321-331. pdf","Sources, 321-331. pdf [Reproduced by permission of the current copyright holder]",200,https://biblicalstudies.org.uk/pdf/rcl/11-3_321.pdf,application/pdf,514004,True,35e2313d2709ac1677c3d34aee98a3e669f00c9a4c3e737dcabce788685c97ca
3,https://biblicalstudies.org.uk/articles_rcl_03.php,https://biblicalstudies.org.uk/pdf/rcl/11-3_332.pdf,"""The Christian Committee for the Defence Of Believers' Rights in the USSR Lives On,"" Religion in Communist Lands 11.3 (1983): 332-334. pdf","""The Christian Committee for the Defence Of Believers' Rights in the USSR Lives On,"" Religion in Communist Lands 11.3 (1983): 332-334. pdf [Reproduced by permission of the current copyright holder]",200,https://biblicalstudies.org.uk/pdf/rcl/11-3_332.pdf,application/pdf,131506,True,807a495912ec1133b4f8c9ff5d7933e7e46f4c91c7477e2de5c0f11f267f3749
3,https://biblicalstudies.org.uk/articles_rcl_03.php,https://biblicalstudies.org.uk/pdf/rcl/11-3_334.pdf,"""New Hard-Line Policy Towards Catholic Clergy in Lithuania,"" Religion in Communist Lands 11.3 (1983): 334-336. pdf","""New Hard-Line Policy Towards Catholic Clergy in Lithuania,"" Religion in Communist Lands 11.3 (1983): 334-336. pdf [Reproduced by permission of the current copyright holder]",200,https://biblicalstudies.org.uk/pdf/rcl/11-3_334.pdf,application/pdf,138347,True,54500edfb1b5934bbdefe171de15038f12f35e4767feb298149befe3f37fcaaa
3,https://biblicalstudies.org.uk/articles_rcl_03.php,https://biblicalstudies.org.uk/pdf/rcl/11-3_337.pdf,"""The Soviet Pentecostal Emigration Movement,"" Religion in Communist Lands 11.3 (1983): 337-339. pdf","""The Soviet Pentecostal Emigration Movement,"" Religion in Communist Lands 11.3 (1983): 337-339. pdf [Reproduced by permission of the current copyright holder]",200,https://biblicalstudies.org.uk/pdf/rcl/11-3_337.pdf,application/pdf,142825,True,02a0cee7ef7859eb0d1e552c7b152c4c6095c5c21a0d7c9b59d7e4605b192d13
3,https://biblicalstudies.org.uk/articles_rcl_03.php,https://biblicalstudies.org.uk/pdf/rcl/11-3_339.pdf,"""Developments in the Catholic Church in Poland Before the Second Papal Visit,"" Religion in Communist Lands 11.3 (1983): 339-340. pdf","""Developments in the Catholic Church in Poland Before the Second Papal Visit,"" Religion in Communist Lands 11.3 (1983): 339-340. pdf [Reproduced by permission of the current copyright holder]",200,https://biblicalstudies.org.uk/pdf/rcl/11-3_339.pdf,application/pdf,94321,True,d4fb5cdf62e1587c8f360dad31fe06691578b5fe706c249d6d32d622d4c0fb9f
3,https://biblicalstudies.org.uk/articles_rcl_03.php,https://biblicalstudies.org.uk/pdf/rcl/11-3_340.pdf,"""Jesus Christ the Life of the World: The						    World Council of Churches in Vancouver 24 July'—10 August 1983,"" Religion in Communist Lands 11.3 (1983): 340-343. pdf","""Jesus Christ the Life of the World: The						    World Council of Churches in Vancouver 24 July'—10 August 1983,"" Religion in Communist Lands 11.3 (1983): 340-343. pdf [Reproduced by permission of the current copyright holder]",200,https://biblicalstudies.org.uk/pdf/rcl/11-3_340.pdf,application/pdf,185511,True,04d0b9342f2f9001f8c21767606cdb4dff4959eb74f16da80674beca1a553fe2
3,https://biblicalstudies.org.uk/articles_rcl_03.php,https://biblicalstudies.org.uk/pdf/rcl/11-3_343.pdf,"""The Yakunin Hearing: A Call for Solidarity,"" Religion in Communist Lands 11.3 (1983): 343-345. pdf","""The Yakunin Hearing: A Call for Solidarity,"" Religion in Communist Lands 11.3 (1983): 343-345. pdf [Reproduced by permission of the current copyright holder]",200,https://biblicalstudies.org.uk/pdf/rcl/11-3_343.pdf,application/pdf,112480,True,851f263396b706cc8fe81840e058eb3873dbb55f5cdf8984ba9392648a9f2a4e
3,https://biblicalstudies.org.uk/articles_rcl_03.php,https://biblicalstudies.org.uk/pdf/rcl/11-3_346.pdf,"Reviews, 346-357. pdf","Reviews, 346-357. pdf [Reproduced by permission of the current copyright holder]",200,https://biblicalstudies.org.uk/pdf/rcl/11-3_346.pdf,application/pdf,388966,True,1a2571539d20022bc3b7ec5dac7142f468f523dcb5424289d1113edbafbcf443
3,https://biblicalstudies.org.uk/articles_rcl_03.php,https://biblicalstudies.org.uk/pdf/rcl/11-3_358.pdf,"Mr Janis Sapiets, ""Obituary,"" Religion in Communist Lands 11.3 (1983): 358-359. pdf","Mr Janis Sapiets, ""Obituary,"" Religion in Communist Lands 11.3 (1983): 358-359. pdf [Reproduced by permission of the current copyright holder]",200,https://biblicalstudies.org.uk/pdf/rcl/11-3_358.pdf,application/pdf,87626,True,1b4372e3718dd69cb2e7e7576007c96565faecb0695e23d5d09f3d3b80473d9b
3,https://biblicalstudies.org.uk/articles_rcl_03.php,https://biblicalstudies.org.uk/pdf/rcl/12-1_002.pdf,"Editorial, 2-3. pdf","Editorial, 2-3. pdf [Reproduced by permission of the current copyright holder]",200,https://biblicalstudies.org.uk/pdf/rcl/12-1_002.pdf,application/pdf,51396,True,caa4bacc171aad6dc100f573d548c53ce3e834ab5f2469ed5658c4cc54cc1605
3,https://biblicalstudies.org.uk/articles_rcl_03.php,https://biblicalstudies.org.uk/pdf/rcl/12-1_004.pdf,"Susan Horvath, ""Sects in Hungary: The Free Christian Congregations,"" Religion in Communist Lands 12.1 (1984): 4-10. pdf","Susan Horvath, ""Sects in Hungary: The Free Christian Congregations,"" Religion in Communist Lands 12.1 (1984): 4-10. pdf [Reproduced by permission of the current copyright holder]",200,https://biblicalstudies.org.uk/pdf/rcl/12-1_004.pdf,application/pdf,236973,True,80954bb2f7dfa33d2bc752abfa352eab37fecd633d694e9b3def730c5ecc71af
3,https://biblicalstudies.org.uk/articles_rcl_03.php,https://biblicalstudies.org.uk/pdf/rcl/12-1_011.pdf,"Steven Polgar, ""A Summary of the Situation of                  the Hungarian Catholic Church,"" Religion in Communist Lands 12.1 (1984): 11-38. Documentary Appendix, 38-41. pdf","Steven Polgar, ""A Summary of the Situation of                  the Hungarian Catholic Church,"" Religion in Communist Lands 12.1 (1984): 11-38. Documentary Appendix, 38-41. pdf [Reproduced by permission of the current copyright holder]",200,https://biblicalstudies.org.uk/pdf/rcl/12-1_011.pdf,application/pdf,1609250,True,4c62beebf62f4915dccd5c759dbd77a41155184c82682e96c097886e12f31712
3,https://biblicalstudies.org.uk/articles_rcl_03.php,https://biblicalstudies.org.uk/pdf/rcl/12-1_042.pdf,"Humberto Belli, ""The Church in Nicaragua! Under Attack From Within and Without,"" Religion in Communist Lands 12.1 (1984): 42-54. pdf","Humberto Belli, ""The Church in Nicaragua! Under Attack From Within and Without,"" Religion in Communist Lands 12.1 (1984): 42-54. pdf [Reproduced by permission of the current copyright holder]",200,https://biblicalstudies.org.uk/pdf/rcl/12-1_042.pdf,application/pdf,468122,True,506a783f86a4ffba3b29a5f59010f2fe817158655a5e04b192c7d6d85534fb2f
3,https://biblicalstudies.org.uk/articles_rcl_03.php,https://biblicalstudies.org.uk/pdf/rcl/12-1_055.pdf,"Olivier Roy, ""Islam in the Afghan Resistance,"" Religion in Communist Lands 12.1 (1984): 55-68. pdf","Olivier Roy, ""Islam in the Afghan Resistance,"" Religion in Communist Lands 12.1 (1984): 55-68. pdf [Reproduced by permission of the current copyright holder]",200,https://biblicalstudies.org.uk/pdf/rcl/12-1_055.pdf,application/pdf,474112,True,d8a93d83659fb182016c461e53bc3d833f7f7b009c39a93622d12e218b88bed1
3,https://biblicalstudies.org.uk/articles_rcl_03.php,https://biblicalstudies.org.uk/pdf/rcl/12-1_069.pdf,"J.B. De Weydenthal, ""The Pope's Pilgrimage to Poland,"" Religion in Communist Lands 12.1 (1984): 69-76. pdf","J.B. De Weydenthal, ""The Pope's Pilgrimage to Poland,"" Religion in Communist Lands 12.1 (1984): 69-76. pdf [Reproduced by permission of the current copyright holder]",200,https://biblicalstudies.org.uk/pdf/rcl/12-1_069.pdf,application/pdf,262766,True,daae5ecb77b3c3aa6eaca3981460a4071b9898217390c1373a320c36f58ec292
3,https://biblicalstudies.org.uk/articles_rcl_03.php,https://biblicalstudies.org.uk/pdf/rcl/12-1_077.pdf,"Arvan Gordon, ""The Luther Quincentenary in the GDR,"" Religion in Communist Lands 12.1 (1984): 77-85. pdf","Arvan Gordon, ""The Luther Quincentenary in the GDR,"" Religion in Communist Lands 12.1 (1984): 77-85. pdf [Reproduced by permission of the current copyright holder]",200,https://biblicalstudies.org.uk/pdf/rcl/12-1_077.pdf,application/pdf,280572,True,017c068939f8fbc66102f79eae4adacd5a11e0203fbbdb4cc94da23076dbb4ef
3,https://biblicalstudies.org.uk/articles_rcl_03.php,https://biblicalstudies.org.uk/pdf/rcl/12-1_086.pdf,"Sources, 86-97. pdf","Sources, 86-97. pdf [Reproduced by permission of the current copyright holder]",200,https://biblicalstudies.org.uk/pdf/rcl/12-1_086.pdf,application/pdf,559724,True,8ed33c90365de58ed926cb5542614120d6991f8e752e32bd12103e76950bf641
3,https://biblicalstudies.org.uk/articles_rcl_03.php,https://biblicalstudies.org.uk/pdf/rcl/12-1_098.pdf,"""The Life of a Polish Priest in Kazakhstan,"" Religion in Communist Lands 12.1 (1984): 98-103. pdf","""The Life of a Polish Priest in Kazakhstan,"" Religion in Communist Lands 12.1 (1984): 98-103. pdf [Reproduced by permission of the current copyright holder]",200,https://biblicalstudies.org.uk/pdf/rcl/12-1_098.pdf,application/pdf,279858,True,94213f4152c3c626fa05889bf67f32b2c1381451b0006f2759bc8a1c30bb9900
3,https://biblicalstudies.org.uk/articles_rcl_03.php,https://biblicalstudies.org.uk/pdf/rcl/12-1_104.pdf,"""Funeral of a Priest in Poland,"" Religion in Communist Lands 12.1 (1984): 104-106. pdf","""Funeral of a Priest in Poland,"" Religion in Communist Lands 12.1 (1984): 104-106. pdf [Reproduced by permission of the current copyright holder]",200,https://biblicalstudies.org.uk/pdf/rcl/12-1_104.pdf,application/pdf,742019,True,681ac08e0c22d2655378d63726c254e0287fc8c6b90d61afc2a38e82b4ff8a4f
3,https://biblicalstudies.org.uk/articles_rcl_03.php,https://biblicalstudies.org.uk/pdf/rcl/12-1_107.pdf,"Reviews, 107-117. pdf","Reviews, 107-117. pdf [Reproduced by permission of the current copyright holder]",200,https://biblicalstudies.org.uk/pdf/rcl/12-1_107.pdf,application/pdf,400139,True,037ead727639242bb53a2f4c3eb62f465f1153d0c11cfeefd28c70e9af3d64aa
3,https://biblicalstudies.org.uk/articles_rcl_03.php,https://biblicalstudies.org.uk/pdf/rcl/12-1_118.pdf,"""Obituary: 
              Professor Leonard Schapiro,"" Religion in Communist Lands 12.1 (1984): 118-119. pdf","""Obituary: 
              Professor Leonard Schapiro,"" Religion in Communist Lands 12.1 (1984): 118-119. pdf [Reproduced by permission of the current copyright holder]",200,https://biblicalstudies.org.uk/pdf/rcl/12-1_118.pdf,application/pdf,59809,True,650ffd275dd3e7959f60fe65e4bd31b659422a540bc0fcfeeffb579b7d38dcef
3,https://biblicalstudies.org.uk/articles_rcl_03.php,https://biblicalstudies.org.uk/pdf/rcl/12-2_122.pdf,"Editorial, 122-123. pdf","Editorial, 122-123. pdf [Reproduced by permission of the current copyright holder]",200,https://biblicalstudies.org.uk/pdf/rcl/12-2_122.pdf,application/pdf,71862,True,981d83ce0bcf5f6d49f59bbdba9747c9a242dd3a4968caa81672fd032c6f3a8f
3,https://biblicalstudies.org.uk/articles_rcl_03.php,https://biblicalstudies.org.uk/pdf/rcl/12-2_124.pdf,"Christine Cullingford, ""Church Life and Christianity in China as Seen through the Eyes of one Teacher in Chengdu,"" Religion in Communist Lands 12.2 (1984): 124-129. pdf","Christine Cullingford, ""Church Life and Christianity in China as Seen through the Eyes of one Teacher in Chengdu,"" Religion in Communist Lands 12.2 (1984): 124-129. pdf [Reproduced by permission of the current copyright holder]",200,https://biblicalstudies.org.uk/pdf/rcl/12-2_124.pdf,application/pdf,188685,True,398b9cc17183258e2d2b5089078f95143ccb5c275c3514218875b24464481c32
3,https://biblicalstudies.org.uk/articles_rcl_03.php,https://biblicalstudies.org.uk/pdf/rcl/12-2_130.pdf,"Robert J. Patkai, ""Dispute over the ""Theology of Diaconia"" - the Hungarian version of ""the Church in Socialist Society"","" Religion in Communist Lands 12.2 (1984): 130-142. pdf","Robert J. Patkai, ""Dispute over the ""Theology of Diaconia"" - the Hungarian version of ""the Church in Socialist Society"","" Religion in Communist Lands 12.2 (1984): 130-142. pdf [Reproduced by permission of the current copyright holder]",200,https://biblicalstudies.org.uk/pdf/rcl/12-2_130.pdf,application/pdf,423749,True,33dd8aed1f1803bf278c5e6dc9d73f45afd1ca68a32368f1f3db5a62a29b7dd7
3,https://biblicalstudies.org.uk/articles_rcl_03.php,https://biblicalstudies.org.uk/pdf/rcl/12-2_142.pdf,"Robert J. Patkai, ""Slanders Rejected: Declaration by Leading Officials of the Evangelical Lutheran Church in Hungary,"" Religion in Communist Lands 12.2 (1984): 142-143. pdf","Robert J. Patkai, ""Slanders Rejected: Declaration by Leading Officials of the Evangelical Lutheran Church in Hungary,"" Religion in Communist Lands 12.2 (1984): 142-143. pdf [Reproduced by permission of the current copyright holder]",200,https://biblicalstudies.org.uk/pdf/rcl/12-2_142.pdf,application/pdf,73872,True,a138eb62a863d25a8eef2a2aad079216d9d2c955283e9dd47d583860dc2d7534
3,https://biblicalstudies.org.uk/articles_rcl_03.php,https://biblicalstudies.org.uk/pdf/rcl/12-2_144.pdf,"Robert J. Patkai, ""Analysis or Slander?"" Religion in Communist Lands 12.2 (1984): 144-148. pdf","Robert J. Patkai, ""Analysis or Slander?"" Religion in Communist Lands 12.2 (1984): 144-148. pdf [Reproduced by permission of the current copyright holder]",200,https://biblicalstudies.org.uk/pdf/rcl/12-2_144.pdf,application/pdf,167032,True,a8d0eda2468b7e21b6e4f4e6141c757cde4f1439f75b661749ba56ed70a32ca0
3,https://biblicalstudies.org.uk/articles_rcl_03.php,https://biblicalstudies.org.uk/pdf/rcl/12-2_149.pdf,"Grazyna Sikorska, ""'To Kneel Only Before God': Father Jerzy Popieluszko,"" Religion in Communist Lands 12.2 (1984): 149-156. pdf","Grazyna Sikorska, ""'To Kneel Only Before God': Father Jerzy Popieluszko,"" Religion in Communist Lands 12.2 (1984): 149-156. pdf [Reproduced by permission of the current copyright holder]",200,https://biblicalstudies.org.uk/pdf/rcl/12-2_149.pdf,application/pdf,750996,True,473bd66c1b737ce93af7a52da8840c2d803d705fc7f2fb44bf657e916a20e7d6
3,https://biblicalstudies.org.uk/articles_rcl_03.php,https://biblicalstudies.org.uk/pdf/rcl/12-2_157.pdf,"Fr. Franciszek Blachnicki, ""A Theology of Liberation - In the Spirit,"" Religion in Communist Lands 12.2 (1984): 157-167. pdf","Fr. Franciszek Blachnicki, ""A Theology of Liberation - In the Spirit,"" Religion in Communist Lands 12.2 (1984): 157-167. pdf [Reproduced by permission of the current copyright holder]",200,https://biblicalstudies.org.uk/pdf/rcl/12-2_157.pdf,application/pdf,330301,True,cff7e157c80c874426fb8bd64ecc05f5b864fdc7a2eae2b90de99a2eaa096369
3,https://biblicalstudies.org.uk/articles_rcl_03.php,https://biblicalstudies.org.uk/pdf/rcl/12-2_168.pdf,"Janice Broun, ""The Latin-Rite Roman Catholic Church of Romania,"" Religion in Communist Lands 12.2 (1984): 168-184. pdf","Janice Broun, ""The Latin-Rite Roman Catholic Church of Romania,"" Religion in Communist Lands 12.2 (1984): 168-184. pdf [Reproduced by permission of the current copyright holder]",200,https://biblicalstudies.org.uk/pdf/rcl/12-2_168.pdf,application/pdf,601068,True,a0aca97bc3591d2bd252319517918083a748e1ad63bdb3b7fb0c3e61f24ca446
3,https://biblicalstudies.org.uk/articles_rcl_03.php,https://biblicalstudies.org.uk/pdf/rcl/12-2_185.pdf,"Sources, 185-197. pdf","Sources, 185-197. pdf [Reproduced by permission of the current copyright holder]",200,https://biblicalstudies.org.uk/pdf/rcl/12-2_185.pdf,application/pdf,601032,True,3f087e4c946813d77838f5cb54ff355b9ed201323e884ee5fcaa6b0458372cdf
3,https://biblicalstudies.org.uk/articles_rcl_03.php,https://biblicalstudies.org.uk/pdf/rcl/12-2_198.pdf,"""Religious Policy under Andropov and Chernenko,"" Religion in Communist Lands 12.2 (1984): 198-201. pdf","""Religious Policy under Andropov and Chernenko,"" Religion in Communist Lands 12.2 (1984): 198-201. pdf [Reproduced by permission of the current copyright holder]",200,https://biblicalstudies.org.uk/pdf/rcl/12-2_198.pdf,application/pdf,627880,True,cad743fd97f68ded5cdf31b4d09101d68e5b6a74285f426262d24eaf71ce8bb2
3,https://biblicalstudies.org.uk/articles_rcl_03.php,https://biblicalstudies.org.uk/pdf/rcl/12-2_202.pdf,"""Lithuanian Catholic Appeal to the Kremlin,"" Religion in Communist Lands 12.2 (1984): 202-203. pdf","""Lithuanian Catholic Appeal to the Kremlin,"" Religion in Communist Lands 12.2 (1984): 202-203. pdf [Reproduced by permission of the current copyright holder]",200,https://biblicalstudies.org.uk/pdf/rcl/12-2_202.pdf,application/pdf,114557,True,16ac533dc7d330325162de465bcbd495df5e64b2133f3853758db3460c437394
3,https://biblicalstudies.org.uk/articles_rcl_03.php,https://biblicalstudies.org.uk/pdf/rcl/12-2_204.pdf,"""Romanian State Fears Too Much Believers' Independence,"" Religion in Communist Lands 12.2 (1984): 204-205. pdf","""Romanian State Fears Too Much Believers' Independence,"" Religion in Communist Lands 12.2 (1984): 204-205. pdf [Reproduced by permission of the current copyright holder]",200,https://biblicalstudies.org.uk/pdf/rcl/12-2_204.pdf,application/pdf,90230,True,32c651fb96be54524964453cbb586d12e171ef8b9984b9f1165b777f2ce6b0c3
3,https://biblicalstudies.org.uk/articles_rcl_03.php,https://biblicalstudies.org.uk/pdf/rcl/12-2_206.pdf,"""Events in Poland since the Pope's Visit (Summer 1983),"" Religion in Communist Lands 12.2 (1984): 206-208. pdf","""Events in Poland since the Pope's Visit (Summer 1983),"" Religion in Communist Lands 12.2 (1984): 206-208. pdf [Reproduced by permission of the current copyright holder]",200,https://biblicalstudies.org.uk/pdf/rcl/12-2_206.pdf,application/pdf,164406,True,0a39b9be4c32152e1ef02f30bb1d2876a85bece27b5df3b73212b8853a1c26cf
3,https://biblicalstudies.org.uk/articles_rcl_03.php,https://biblicalstudies.org.uk/pdf/rcl/12-2_208.pdf,"""Leaders of Church and State in Hungary speak on Church-State Relations in their Country,"" Religion in Communist Lands 12.2 (1984): 208-211. pdf","""Leaders of Church and State in Hungary speak on Church-State Relations in their Country,"" Religion in Communist Lands 12.2 (1984): 208-211. pdf [Reproduced by permission of the current copyright holder]",200,https://biblicalstudies.org.uk/pdf/rcl/12-2_208.pdf,application/pdf,199092,True,f20928c3ec8bce728fdd9fe6b46bf2fcf08a6128dcc619300320c0719aa2efcd
3,https://biblicalstudies.org.uk/articles_rcl_03.php,https://biblicalstudies.org.uk/pdf/rcl/12-2_211.pdf,"""Church Peace Committee Founded in Hungary,"" Religion in Communist Lands 12.2 (1984): 211-212. pdf","""Church Peace Committee Founded in Hungary,"" Religion in Communist Lands 12.2 (1984): 211-212. pdf [Reproduced by permission of the current copyright holder]",200,https://biblicalstudies.org.uk/pdf/rcl/12-2_211.pdf,application/pdf,93363,True,0198f52cf2e2c72c6064ca420db55006d30ba7dbeebc0b9bcd4190d16695135c
3,https://biblicalstudies.org.uk/articles_rcl_03.php,https://biblicalstudies.org.uk/pdf/rcl/12-2_212.pdf,"""Hungarian Protestant Churches tackle Social Evils,"" Religion in Communist Lands 12.2 (1984): 212-214. pdf","""Hungarian Protestant Churches tackle Social Evils,"" Religion in Communist Lands 12.2 (1984): 212-214. pdf [Reproduced by permission of the current copyright holder]",200,https://biblicalstudies.org.uk/pdf/rcl/12-2_212.pdf,application/pdf,148530,True,6629d7a3fad75b70361126d01c9e4f30c22b898d673039a3d4a0c76340b52792
3,https://biblicalstudies.org.uk/articles_rcl_03.php,https://biblicalstudies.org.uk/pdf/rcl/12-2_215.pdf,"""The Vicissitudes of the Hungarian Catholic Church,"" Religion in Communist Lands 12.2 (1984): 215-226. pdf","""The Vicissitudes of the Hungarian Catholic Church,"" Religion in Communist Lands 12.2 (1984): 215-226. pdf [Reproduced by permission of the current copyright holder]",200,https://biblicalstudies.org.uk/pdf/rcl/12-2_215.pdf,application/pdf,619519,True,c3b6465eae05660cde64fdd8ca248ba60d2314223e550a6e2d086ab3c20266d3
3,https://biblicalstudies.org.uk/articles_rcl_03.php,https://biblicalstudies.org.uk/pdf/rcl/12-2_227.pdf,"Reviews, 227-238. pdf","Reviews, 227-238. pdf [Reproduced by permission of the current copyright holder]",200,https://biblicalstudies.org.uk/pdf/rcl/12-2_227.pdf,application/pdf,463235,True,8f202758af523a259dfd8d0f348fc98a4a4714c84f7a45c5a09046bafcdb0ff7
3,https://biblicalstudies.org.uk/articles_rcl_03.php,https://biblicalstudies.org.uk/pdf/rcl/12-3_242.pdf,"Editorial, 242-243. pdf","Editorial, 242-243. pdf [Reproduced by permission of the current copyright holder]",200,https://biblicalstudies.org.uk/pdf/rcl/12-3_242.pdf,application/pdf,60325,True,ef014ec2f850d93a44f1e39cf4aefeb9f7e44e863f9beba335dab1f471d9f90f
3,https://biblicalstudies.org.uk/articles_rcl_03.php,https://biblicalstudies.org.uk/pdf/rcl/12-3_246.pdf,"Peter Morrison, ""Religious Policy in China and its Implementation in the Light of Document No. 19,"" Religion in Communist Lands 12.3 (1984): 244-255. pdf","Peter Morrison, ""Religious Policy in China and its Implementation in the Light of Document No. 19,"" Religion in Communist Lands 12.3 (1984): 244-255. pdf [Reproduced by permission of the current copyright holder]",200,https://biblicalstudies.org.uk/pdf/rcl/12-3_246.pdf,application/pdf,402767,True,d2dce8e0ee14bb0b8a9a7efe08e776c5b68a0cb6777ef013ffa4c33944dc635b
3,https://biblicalstudies.org.uk/articles_rcl_03.php,https://biblicalstudies.org.uk/pdf/rcl/12-3_256.pdf,"Marite Spaiets, ""One HUndred Years of Adventism in Russia and the Societ Union,"" Religion in Communist Lands 12.3 (1984): 256-273. pdf","Marite Spaiets, ""One HUndred Years of Adventism in Russia and the Societ Union,"" Religion in Communist Lands 12.3 (1984): 256-273. pdf [Reproduced by permission of the current copyright holder]",200,https://biblicalstudies.org.uk/pdf/rcl/12-3_256.pdf,application/pdf,1722287,True,7d7ee6d6ad2ced43fd68c47bf62d4159524f23911051b239fdb97ccdebb1f037
3,https://biblicalstudies.org.uk/articles_rcl_03.php,https://biblicalstudies.org.uk/pdf/rcl/12-3_274.pdf,"Charlesb Antione, ""Nicaragua: In the Footsteps of the Polish Church?"" Religion in Communist Lands 12.3 (1984): 274-280. pdf","Charlesb Antione, ""Nicaragua: In the Footsteps of the Polish Church?"" Religion in Communist Lands 12.3 (1984): 274-280. pdf [Reproduced by permission of the current copyright holder]",200,https://biblicalstudies.org.uk/pdf/rcl/12-3_274.pdf,application/pdf,262205,True,5a5b850624e2083d29d319048c0eb746c1cb53b149de750cb665d057dd751e49
3,https://biblicalstudies.org.uk/articles_rcl_03.php,https://biblicalstudies.org.uk/pdf/rcl/12-3_281.pdf,"Spas T. Raikin, ""The Communists and the Bulgarian Orthodox Church, 1944-48: The Rise and Fall of Exarch Stefan,"" Religion in Communist Lands 12.3 (1984): 281-292. pdf","Spas T. Raikin, ""The Communists and the Bulgarian Orthodox Church, 1944-48: The Rise and Fall of Exarch Stefan,"" Religion in Communist Lands 12.3 (1984): 281-292. pdf [Reproduced by permission of the current copyright holder]",200,https://biblicalstudies.org.uk/pdf/rcl/12-3_281.pdf,application/pdf,399237,True,bdc8b690c5d340438859b55c38bdba794c607876c2de80f7409ca554c1803e81
3,https://biblicalstudies.org.uk/articles_rcl_03.php,https://biblicalstudies.org.uk/pdf/rcl/12-3_293.pdf,"Gerd Stricker with Walter Sawatsky, ""Mennonites in Russia and the Soviet Union: An Aspect of the History of the Germans in Russia,"" Religion in Communist Lands 12.3 (1984): 293-314. pdf","Gerd Stricker with Walter Sawatsky, ""Mennonites in Russia and the Soviet Union: An Aspect of the History of the Germans in Russia,"" Religion in Communist Lands 12.3 (1984): 293-314. pdf [Reproduced by permission of the current copyright holder]",200,https://biblicalstudies.org.uk/pdf/rcl/12-3_293.pdf,application/pdf,1618584,True,f455c5137d6dda45b0b8a992d610a1de9499a99284815b2077aebd7f87a1d688
3,https://biblicalstudies.org.uk/articles_rcl_03.php,https://biblicalstudies.org.uk/pdf/rcl/12-3_315.pdf,"Comment, 315-317. pdf","Comment, 315-317. pdf [Reproduced by permission of the current copyright holder]",200,https://biblicalstudies.org.uk/pdf/rcl/12-3_315.pdf,application/pdf,89649,True,6a52ed3fba399dfeb5b227a94fbb93342f888f84550299870e6ebb086eff86a2
3,https://biblicalstudies.org.uk/articles_rcl_03.php,https://biblicalstudies.org.uk/pdf/rcl/12-3_318.pdf,"Sources, 318-331. pdf","Sources, 318-331. pdf [Reproduced by permission of the current copyright holder]",200,https://biblicalstudies.org.uk/pdf/rcl/12-3_318.pdf,application/pdf,649415,True,d905a0c1c4e3d4fbe270b4b73d067ae912bbd0b6a410e111b2fb1218971db273
3,https://biblicalstudies.org.uk/articles_rcl_03.php,https://biblicalstudies.org.uk/pdf/rcl/12-3_332.pdf,"""Paranoia Religiosa Adventistica,"" Religion in Communist Lands 12.3 (1984): 332-333. pdf","""Paranoia Religiosa Adventistica,"" Religion in Communist Lands 12.3 (1984): 332-333. pdf [Reproduced by permission of the current copyright holder]",200,https://biblicalstudies.org.uk/pdf/rcl/12-3_332.pdf,application/pdf,84142,True,0b7cff9f35964f2db84e5dd6bdc99fb49b0079ac58aeb054af5899126510374c
3,https://biblicalstudies.org.uk/articles_rcl_03.php,https://biblicalstudies.org.uk/pdf/rcl/12-3_333.pdf,"""Review of Lutheran World Federation Meetings,"" Religion in Communist Lands 12.3 (1984): 333-335. pdf","""Review of Lutheran World Federation Meetings,"" Religion in Communist Lands 12.3 (1984): 333-335. pdf [Reproduced by permission of the current copyright holder]",200,https://biblicalstudies.org.uk/pdf/rcl/12-3_333.pdf,application/pdf,138912,True,9c400c20c49f41cb9d8bde9bc395391bd6687bd1f1276e21b708238056309288
3,https://biblicalstudies.org.uk/articles_rcl_03.php,https://biblicalstudies.org.uk/pdf/rcl/12-3_335.pdf,"""Debate on the Historical Role of Christianity in the Hungarian Media,"" Religion in Communist Lands 12.3 (1984): 335-336. pdf","""Debate on the Historical Role of Christianity in the Hungarian Media,"" Religion in Communist Lands 12.3 (1984): 335-336. pdf [Reproduced by permission of the current copyright holder]",200,https://biblicalstudies.org.uk/pdf/rcl/12-3_335.pdf,application/pdf,89096,True,44f4a853b55e7327eccaf68638809b1dd117f0e71e5d29dd9bd4910b5aaea9f1
3,https://biblicalstudies.org.uk/articles_rcl_03.php,https://biblicalstudies.org.uk/pdf/rcl/12-3_336.pdf,"""Measures Against Catholics in Southern Vietnam,"" Religion in Communist Lands 12.3 (1984): 336-339. pdf","""Measures Against Catholics in Southern Vietnam,"" Religion in Communist Lands 12.3 (1984): 336-339. pdf [Reproduced by permission of the current copyright holder]",200,https://biblicalstudies.org.uk/pdf/rcl/12-3_336.pdf,application/pdf,190434,True,8343c5fd9e223f4417e752a091484965ff419a3a16436a0cbee100211019233d
3,https://biblicalstudies.org.uk/articles_rcl_03.php,https://biblicalstudies.org.uk/pdf/rcl/12-3_340.pdf,"""Recent Events in Poland,"" Religion in Communist Lands 12.3 (1984): 340. pdf","""Recent Events in Poland,"" Religion in Communist Lands 12.3 (1984): 340. pdf [Reproduced by permission of the current copyright holder]",200,https://biblicalstudies.org.uk/pdf/rcl/12-3_340.pdf,application/pdf,49698,True,db40a34dabbd6eff8e6699bd8d4c2062a3845a4f70c1a9972f33f0e1c937792e
3,https://biblicalstudies.org.uk/articles_rcl_03.php,https://biblicalstudies.org.uk/pdf/rcl/12-3_341.pdf,"""Update on Events and Reactions in Medjugorje,"" Religion in Communist Lands 12.3 (1984): 341-342. pdf","""Update on Events and Reactions in Medjugorje,"" Religion in Communist Lands 12.3 (1984): 341-342. pdf [Reproduced by permission of the current copyright holder]",200,https://biblicalstudies.org.uk/pdf/rcl/12-3_341.pdf,application/pdf,96337,True,9bd5db8be36a5874ad3b3a3f9546fc70e4b02bfd6a10feb9d54f2d63e835435d
3,https://biblicalstudies.org.uk/articles_rcl_03.php,https://biblicalstudies.org.uk/pdf/rcl/12-3_343.pdf,"""Lutheran Pastor from the GDR speaks on Peace and Justice in the East-West Perspective,"" Religion in Communist Lands 12.3 (1984): 343-348. pdf","""Lutheran Pastor from the GDR speaks on Peace and Justice in the East-West Perspective,"" Religion in Communist Lands 12.3 (1984): 343-348. pdf [Reproduced by permission of the current copyright holder]",200,https://biblicalstudies.org.uk/pdf/rcl/12-3_343.pdf,application/pdf,214883,True,456f85e73ae517a7295f462c04bf6d711f1420ab564695d4255d4cfbac8a6b87
3,https://biblicalstudies.org.uk/articles_rcl_03.php,https://biblicalstudies.org.uk/pdf/rcl/12-3_349.pdf,"Reviews, 349-359. pdf","Reviews, 349-359. pdf [Reproduced by permission of the current copyright holder]",200,https://biblicalstudies.org.uk/pdf/rcl/12-3_349.pdf,application/pdf,405131,True,22de333b5b008fdc0d83b00e0ac062bfb5f55eceb13649ffc1d609b2cefb582d
3,https://biblicalstudies.org.uk/articles_rcl_03.php,https://biblicalstudies.org.uk/pdf/rcl/13-1_002.pdf,"Editorial, 2-3. pdf","Editorial, 2-3. pdf [Reproduced by permission of the current copyright holder]",200,https://biblicalstudies.org.uk/pdf/rcl/13-1_002.pdf,application/pdf,92656,True,8e2020bd38fb6807e6671c663fe94f0fadb888ad175b400f3d9198930cec97f0
3,https://biblicalstudies.org.uk/articles_rcl_03.php,https://biblicalstudies.org.uk/pdf/rcl/13-1_004.pdf,"Michael Bourdeaux, ""The Russian Church, Religious Liberty and the World Council of Churches,"" Religion in Communist Lands 13.1 (1985): 4-27. pdf","Michael Bourdeaux, ""The Russian Church, Religious Liberty and the World Council of Churches,"" Religion in Communist Lands 13.1 (1985): 4-27. pdf [Reproduced by permission of the current copyright holder]",200,https://biblicalstudies.org.uk/pdf/rcl/13-1_004.pdf,application/pdf,1077334,True,601670216a342a96b45b68accb5075ff552ebf645caa0b6ca87e190444f4eaad
3,https://biblicalstudies.org.uk/articles_rcl_03.php,https://biblicalstudies.org.uk/pdf/rcl/13-1_028.pdf,"John Anderson, ""Twenty-Five Years of Science and Religion,"" Religion in Communist Lands 13.1 (1985): 28-32. pdf","John Anderson, ""Twenty-Five Years of Science and Religion,"" Religion in Communist Lands 13.1 (1985): 28-32. pdf [Reproduced by permission of the current copyright holder]",200,https://biblicalstudies.org.uk/pdf/rcl/13-1_028.pdf,application/pdf,234714,True,a321e517478f7b3beaae9d7a95dd80aab3eb639781962b2a49ff918d54595371
3,https://biblicalstudies.org.uk/articles_rcl_03.php,https://biblicalstudies.org.uk/pdf/rcl/13-1_033.pdf,"John V. Eibner, ""Zoltán Káldy: A New Way for the Church in Socialism?"" Religion in Communist Lands 13.1 (1985): 33-47. pdf","John V. Eibner, ""Zoltán Káldy: A New Way for the Church in Socialism?"" Religion in Communist Lands 13.1 (1985): 33-47. pdf [Reproduced by permission of the current copyright holder]",200,https://biblicalstudies.org.uk/pdf/rcl/13-1_033.pdf,application/pdf,710500,True,5e8310bf7af3eab2780c224860876741001a39e6629efbbddb020482945b6a7a
3,https://biblicalstudies.org.uk/articles_rcl_03.php,https://biblicalstudies.org.uk/pdf/rcl/13-1_048.pdf,"Peter Boner, ""Ethical Deténte: Marxist-Christian Dialogue in Hungary,"" Religion in Communist Lands 13.1 (1985): 48-53. pdf","Peter Boner, ""Ethical Deténte: Marxist-Christian Dialogue in Hungary,"" Religion in Communist Lands 13.1 (1985): 48-53. pdf [Reproduced by permission of the current copyright holder]",200,https://biblicalstudies.org.uk/pdf/rcl/13-1_048.pdf,application/pdf,609798,True,ef53d9b92aa84aeaec52097d6df959502097d54108937b98da7ce8f1d0d549f5
3,https://biblicalstudies.org.uk/articles_rcl_03.php,https://biblicalstudies.org.uk/pdf/rcl/13-1_054.pdf,"Otto Luchterhandt, ""State Authorities for Religious Affairs in Soviet-Bloc Countries,"" Religion in Communist Lands 13.1 (1985): 54-62. pdf","Otto Luchterhandt, ""State Authorities for Religious Affairs in Soviet-Bloc Countries,"" Religion in Communist Lands 13.1 (1985): 54-62. pdf [Reproduced by permission of the current copyright holder]",200,https://biblicalstudies.org.uk/pdf/rcl/13-1_054.pdf,application/pdf,268125,True,a7a5dd8be738133393aebaf3cdecdbccb52bba48cdfb1d2dd14d75887f584d43
3,https://biblicalstudies.org.uk/articles_rcl_03.php,https://biblicalstudies.org.uk/pdf/rcl/13-1_063.pdf,"Comment, 63-68. pdf","Comment, 63-68. pdf [Reproduced by permission of the current copyright holder]",200,https://biblicalstudies.org.uk/pdf/rcl/13-1_063.pdf,application/pdf,319587,True,31f94be9bf49a30bbb9e5f4762e084cef8f273738095f17c9e57b7b6a1ad7e70
3,https://biblicalstudies.org.uk/articles_rcl_03.php,https://biblicalstudies.org.uk/pdf/rcl/13-1_069.pdf,"Sources, 69-81. pdf","Sources, 69-81. pdf [Reproduced by permission of the current copyright holder]",200,https://biblicalstudies.org.uk/pdf/rcl/13-1_069.pdf,application/pdf,1083755,True,fbfdc86aa96f8e4c9110516ac1b417532ccbe271bb1fb8392d40ea3c475aa77f
3,https://biblicalstudies.org.uk/articles_rcl_03.php,https://biblicalstudies.org.uk/pdf/rcl/13-1_082.pdf,"Theses, 82-88. pdf","Theses, 82-88. pdf [Reproduced by permission of the current copyright holder]",200,https://biblicalstudies.org.uk/pdf/rcl/13-1_082.pdf,application/pdf,209756,True,e86977f1ced96bd9dbc1c310dcb0bce2e234bedb259945fae77437a3b5777878
3,https://biblicalstudies.org.uk/articles_rcl_03.php,https://biblicalstudies.org.uk/pdf/rcl/13-1_089.pdf,"""Father Jerzy Popieluszko,"" Religion in Communist Lands 13.1 (1985): 89-90. pdf","""Father Jerzy Popieluszko,"" Religion in Communist Lands 13.1 (1985): 89-90. pdf [Reproduced by permission of the current copyright holder]",200,https://biblicalstudies.org.uk/pdf/rcl/13-1_089.pdf,application/pdf,109011,True,c1e114e81951ecafe811598a338492dd63e3c6346bfcc429fc68ee6eaac93de1
3,https://biblicalstudies.org.uk/articles_rcl_03.php,https://biblicalstudies.org.uk/pdf/rcl/13-1_090.pdf,"""Renewed Campaign Against Hebrew in The Soviet Union,"" Religion in Communist Lands 13.1 (1985): 90-91. pdf","""Renewed Campaign Against Hebrew in The Soviet Union,"" Religion in Communist Lands 13.1 (1985): 90-91. pdf [Reproduced by permission of the current copyright holder]",200,https://biblicalstudies.org.uk/pdf/rcl/13-1_090.pdf,application/pdf,117096,True,19bdda51ee794995e834bf3edb621b36f3df868f0c8317dd8416c0ab300cc105
3,https://biblicalstudies.org.uk/articles_rcl_03.php,https://biblicalstudies.org.uk/pdf/rcl/13-1_091.pdf,"""Cardinal Slipyj; The Man and His Church,"" Religion in Communist Lands 13.1 (1985): 91-93. pdf","""Cardinal Slipyj; The Man and His Church,"" Religion in Communist Lands 13.1 (1985): 91-93. pdf [Reproduced by permission of the current copyright holder]",200,https://biblicalstudies.org.uk/pdf/rcl/13-1_091.pdf,application/pdf,172693,True,fc00a305a8b2b5403e471e6593a12db971ddcd34a94a1c899646c9dfff84ee11
3,https://biblicalstudies.org.uk/articles_rcl_03.php,https://biblicalstudies.org.uk/pdf/rcl/13-1_093.pdf,"""Catholic Poetry in Czechoslovakia,"" Religion in Communist Lands 13.1 (1985): 93. pdf","""Catholic Poetry in Czechoslovakia,"" Religion in Communist Lands 13.1 (1985): 93. pdf [Reproduced by permission of the current copyright holder]",200,https://biblicalstudies.org.uk/pdf/rcl/13-1_093.pdf,application/pdf,52126,True,30a0ea248a22f1b92099acb4726f7a4a94af8fa56ab701a117bb79378f608fc3
3,https://biblicalstudies.org.uk/articles_rcl_03.php,https://biblicalstudies.org.uk/pdf/rcl/13-1_094.pdf,"""Levoca — The Slovak National Shrine,"" Religion in Communist Lands 13.1 (1985): 94. pdf","""Levoca — The Slovak National Shrine,"" Religion in Communist Lands 13.1 (1985): 94. pdf [Reproduced by permission of the current copyright holder]",200,https://biblicalstudies.org.uk/pdf/rcl/13-1_094.pdf,application/pdf,62279,True,f03a5099e6db480362ba8b3f6a56282c5a1ce2c83706527e0d95c35f17ff0732
3,https://biblicalstudies.org.uk/articles_rcl_03.php,https://biblicalstudies.org.uk/pdf/rcl/13-1_094a.pdf,"""Romanian Baptists Under New Leadership,"" Religion in Communist Lands 13.1 (1985): 94-97. pdf","""Romanian Baptists Under New Leadership,"" Religion in Communist Lands 13.1 (1985): 94-97. pdf [Reproduced by permission of the current copyright holder]",200,https://biblicalstudies.org.uk/pdf/rcl/13-1_094a.pdf,application/pdf,185978,True,9140a772d2eafd79fd5ea8e716027a7cf57c1108728640432ad2bcec7ccdf890
3,https://biblicalstudies.org.uk/articles_rcl_03.php,https://biblicalstudies.org.uk/pdf/rcl/13-1_097.pdf,"""Yugoslav Catholics on Keston College,"" Religion in Communist Lands 13.1 (1985): 97. pdf","""Yugoslav Catholics on Keston College,"" Religion in Communist Lands 13.1 (1985): 97. pdf [Reproduced by permission of the current copyright holder]",200,https://biblicalstudies.org.uk/pdf/rcl/13-1_097.pdf,application/pdf,59994,True,eb3ac51f1a7582ffc7980697f8508fcf22854acc23a0e1c30ace35a3423d1ef3
3,https://biblicalstudies.org.uk/articles_rcl_03.php,https://biblicalstudies.org.uk/pdf/rcl/13-1_098.pdf,"""Hungarian Controversy,"" Religion in Communist Lands 13.1 (1985): 98-106. pdf","""Hungarian Controversy,"" Religion in Communist Lands 13.1 (1985): 98-106. pdf [Reproduced by permission of the current copyright holder]",200,https://biblicalstudies.org.uk/pdf/rcl/13-1_098.pdf,application/pdf,496974,True,d709fa23e03e905f63efb043722c1d712feea2da5922c55ed98026521fa54cc4
3,https://biblicalstudies.org.uk/articles_rcl_03.php,https://biblicalstudies.org.uk/pdf/rcl/13-1_107.pdf,"Reviews, 107-119. pdf","Reviews, 107-119. pdf [Reproduced by permission of the current copyright holder]",200,https://biblicalstudies.org.uk/pdf/rcl/13-1_107.pdf,application/pdf,606231,True,ce95525a0503b499e9f66ebf3c9b28b5697b75a87331b3c0c44ad2196fbdf041
3,https://biblicalstudies.org.uk/articles_rcl_03.php,https://biblicalstudies.org.uk/pdf/rcl/13-2_122.pdf,"Editorial, 122-123. pdf","Editorial, 122-123. pdf [Reproduced by permission of the current copyright holder]",200,https://biblicalstudies.org.uk/pdf/rcl/13-2_122.pdf,application/pdf,65431,True,074686ed8265bc3befde4869fe69c46ca3e680d7d39b22cdada2cdcd5125b4ec
3,https://biblicalstudies.org.uk/articles_rcl_03.php,https://biblicalstudies.org.uk/pdf/rcl/13-2_124.pdf,"Grazyna Sikorska, ""'Justice Seen To Be Done' — The Trial of Father Jerzy Popieyuszko,"" Religion in Communist Lands 13.2 (1985): 124-130. pdf","Grazyna Sikorska, ""'Justice Seen To Be Done' — The Trial of Father Jerzy Popieyuszko,"" Religion in Communist Lands 13.2 (1985): 124-130. pdf [Reproduced by permission of the current copyright holder]",200,https://biblicalstudies.org.uk/pdf/rcl/13-2_124.pdf,application/pdf,251279,True,25982758f64e572e41ed91b01df3cdcdd5dc5730ec55c5ff2c7ec1b81c69e532
3,https://biblicalstudies.org.uk/articles_rcl_03.php,https://biblicalstudies.org.uk/pdf/rcl/13-2_131.pdf,"Hans Hebly, ""Liberty or Liberation — The Dilemma of the WCC,"" Religion in Communist Lands 13.2 (1985): 131-151. pdf","Hans Hebly, ""Liberty or Liberation — The Dilemma of the WCC,"" Religion in Communist Lands 13.2 (1985): 131-151. pdf [Reproduced by permission of the current copyright holder]",200,https://biblicalstudies.org.uk/pdf/rcl/13-2_131.pdf,application/pdf,698365,True,3cf2d7e836ff362906f6321b1696bb2c57021a9ef0e547910bff8e52dd429e29
3,https://biblicalstudies.org.uk/articles_rcl_03.php,https://biblicalstudies.org.uk/pdf/rcl/13-2_152.pdf,"Peter Morrison, ""Islam in China: An Update,"" Religion in Communist Lands 13.2 (1985): 152-156. pdf","Peter Morrison, ""Islam in China: An Update,"" Religion in Communist Lands 13.2 (1985): 152-156. pdf [Reproduced by permission of the current copyright holder]",200,https://biblicalstudies.org.uk/pdf/rcl/13-2_152.pdf,application/pdf,192301,True,d3c5e17e032808705aaf8847ef2cdb59f3003f81c39d05ebfaa62893883bed99
3,https://biblicalstudies.org.uk/articles_rcl_03.php,https://biblicalstudies.org.uk/pdf/rcl/13-2_157.pdf,"Arvan Gordon, ""Recent Trends in the GDR Jugendweihe: State and Church Attitudes,"" Religion in Communist Lands 13.2 (1985): 157-165. pdf","Arvan Gordon, ""Recent Trends in the GDR Jugendweihe: State and Church Attitudes,"" Religion in Communist Lands 13.2 (1985): 157-165. pdf [Reproduced by permission of the current copyright holder]",200,https://biblicalstudies.org.uk/pdf/rcl/13-2_157.pdf,application/pdf,298207,True,861bce202d69268e7c151d016e65bc7ca8cfe6026758f0996dbe21cad9916afd
3,https://biblicalstudies.org.uk/articles_rcl_03.php,https://biblicalstudies.org.uk/pdf/rcl/13-2_166.pdf,"Boris Chichlo, ""The Cult of the Bear and Soviet Ideology in Siberia,"" Religion in Communist Lands 13.2 (1985): 166-181. pdf","Boris Chichlo, ""The Cult of the Bear and Soviet Ideology in Siberia,"" Religion in Communist Lands 13.2 (1985): 166-181. pdf [Reproduced by permission of the current copyright holder]",200,https://biblicalstudies.org.uk/pdf/rcl/13-2_166.pdf,application/pdf,925446,True,48bcd627d671d5bcb6796d3fc39c0f8a3b2651d62f0152b44a5efd4abac68516
3,https://biblicalstudies.org.uk/articles_rcl_03.php,https://biblicalstudies.org.uk/pdf/rcl/13-2_182.pdf,"Ivan Hvat, ""The Moscow Patriarchate and the Liquidation of the Eastern-Rite Catholic Church in Ukraine,"" Religion in Communist Lands 13.2 (1985): 182-188. pdf","Ivan Hvat, ""The Moscow Patriarchate and the Liquidation of the Eastern-Rite Catholic Church in Ukraine,"" Religion in Communist Lands 13.2 (1985): 182-188. pdf [Reproduced by permission of the current copyright holder]",200,https://biblicalstudies.org.uk/pdf/rcl/13-2_182.pdf,application/pdf,670841,True,b75d957b532e24fd8b5170209504d5af8c5106e31195f56ad5700c13f4e210b7
3,https://biblicalstudies.org.uk/articles_rcl_03.php,https://biblicalstudies.org.uk/pdf/rcl/13-2_189.pdf,"Comment, 189-190. pdf","Comment, 189-190. pdf [Reproduced by permission of the current copyright holder]",200,https://biblicalstudies.org.uk/pdf/rcl/13-2_189.pdf,application/pdf,78590,True,f7af51e4233c3f6772e60abcb8775ecc4962a1881d22883112d078ed8800edad
3,https://biblicalstudies.org.uk/articles_rcl_03.php,https://biblicalstudies.org.uk/pdf/rcl/13-2_191.pdf,"Sources, 191-202. pdf","Sources, 191-202. pdf [Reproduced by permission of the current copyright holder]",200,https://biblicalstudies.org.uk/pdf/rcl/13-2_191.pdf,application/pdf,604026,True,3f29ad8e8b44d8043ee664872beef4eb39d2b3681fb91fd062cf75a8db414102
3,https://biblicalstudies.org.uk/articles_rcl_03.php,https://biblicalstudies.org.uk/pdf/rcl/13-2_203.pdf,"Theses, 203-209. pdf","Theses, 203-209. pdf [Reproduced by permission of the current copyright holder]",200,https://biblicalstudies.org.uk/pdf/rcl/13-2_203.pdf,application/pdf,102001,True,6bce6f24fc85803ec4f2fcba555349305d6717a50ad91e9b5d4515a139317d25
3,https://biblicalstudies.org.uk/articles_rcl_03.php,https://biblicalstudies.org.uk/pdf/rcl/13-2_210.pdf,"""Charter 77 On Religious Orders In Czechoslovakia,"" Religion in Communist Lands 13.2 (1985): 210-213. pdf","""Charter 77 On Religious Orders In Czechoslovakia,"" Religion in Communist Lands 13.2 (1985): 210-213. pdf [Reproduced by permission of the current copyright holder]",200,https://biblicalstudies.org.uk/pdf/rcl/13-2_210.pdf,application/pdf,204075,True,2ef4f9d0fe838356ce116b5124aca371976e5c4450b09bca7508411028896ac4
3,https://biblicalstudies.org.uk/articles_rcl_03.php,https://biblicalstudies.org.uk/pdf/rcl/13-2_213.pdf,"""The Five Hundredth Anniversary of St. Casimir's Death in Lithuania,"" Religion in Communist Lands 13.2 (1985): 213-215. pdf","""The Five Hundredth Anniversary of St. Casimir's Death in Lithuania,"" Religion in Communist Lands 13.2 (1985): 213-215. pdf [Reproduced by permission of the current copyright holder]",200,https://biblicalstudies.org.uk/pdf/rcl/13-2_213.pdf,application/pdf,155151,True,f9e8fdcf10e133d88b69ce5d8df8d106ba201493cc306eb64a209df529941e41
3,https://biblicalstudies.org.uk/articles_rcl_03.php,https://biblicalstudies.org.uk/pdf/rcl/13-2_216.pdf,"""Plain Speaking at GDR Protestant Synods,"" Religion in Communist Lands 13.2 (1985): 216. pdf","""Plain Speaking at GDR Protestant Synods,"" Religion in Communist Lands 13.2 (1985): 216. pdf [Reproduced by permission of the current copyright holder]",200,https://biblicalstudies.org.uk/pdf/rcl/13-2_216.pdf,application/pdf,58757,True,50ae1a193189d01bc6a56029c4456e29c4f3a9e4b423f3fe5c84c8f42e67431e
3,https://biblicalstudies.org.uk/articles_rcl_03.php,https://biblicalstudies.org.uk/pdf/rcl/13-2_217.pdf,"""Church and State Heads Meet in the GDR,"" Religion in Communist Lands 13.2 (1985): 217. pdf","""Church and State Heads Meet in the GDR,"" Religion in Communist Lands 13.2 (1985): 217. pdf [Reproduced by permission of the current copyright holder]",200,https://biblicalstudies.org.uk/pdf/rcl/13-2_217.pdf,application/pdf,52031,True,0a658acdf80924bce943047f45010115937e470f91a94020be550f60bf3de577
3,https://biblicalstudies.org.uk/articles_rcl_03.php,https://biblicalstudies.org.uk/pdf/rcl/13-2_218.pdf,"""The Celebrations of the Methodian Anniversary in Central and Eastern Europe,"" Religion in Communist Lands 13.2 (1985): 218-220. pdf","""The Celebrations of the Methodian Anniversary in Central and Eastern Europe,"" Religion in Communist Lands 13.2 (1985): 218-220. pdf [Reproduced by permission of the current copyright holder]",200,https://biblicalstudies.org.uk/pdf/rcl/13-2_218.pdf,application/pdf,138977,True,6f79c66677ca468c59f7d68233d7c96b43e2cbe48fc46a1c87e585bdece1a67b
3,https://biblicalstudies.org.uk/articles_rcl_03.php,https://biblicalstudies.org.uk/pdf/rcl/13-2_221.pdf,"""Starers Sevastian of Karaganda,"" Religion in Communist Lands 13.2 (1985): 221-227. pdf","""Starers Sevastian of Karaganda,"" Religion in Communist Lands 13.2 (1985): 221-227. pdf [Reproduced by permission of the current copyright holder]",200,https://biblicalstudies.org.uk/pdf/rcl/13-2_221.pdf,application/pdf,311294,True,33dd68f039325c47c176fcbf232b5f47e106db1bd80e86ebf6f766669fea9b40
3,https://biblicalstudies.org.uk/articles_rcl_03.php,https://biblicalstudies.org.uk/pdf/rcl/13-2_228.pdf,"Reviews, 228-239. pdf","Reviews, 228-239. pdf [Reproduced by permission of the current copyright holder]",200,https://biblicalstudies.org.uk/pdf/rcl/13-2_228.pdf,application/pdf,435626,True,a0a4d2c4e192483ff969a058e9ab6b84750254c5d88409492d79d41e5cf93be8
3,https://biblicalstudies.org.uk/articles_rcl_03.php,https://biblicalstudies.org.uk/pdf/rcl/13-3_242.pdf,"Editorial, 242-243. pdf","Editorial, 242-243. pdf [Reproduced by permission of the current copyright holder]",200,https://biblicalstudies.org.uk/pdf/rcl/13-3_242.pdf,application/pdf,96443,True,2f1c4ac000b4dd024254f0c91dd05961369bf9b71613810d181c636bc7fcb884
3,https://biblicalstudies.org.uk/articles_rcl_03.php,https://biblicalstudies.org.uk/pdf/rcl/13-3_244.pdf,"Peter Morrison, ""Islam in Xinjiang,"" Religion in Communist Lands 13.3 (1985): 244-249. pdf","Peter Morrison, ""Islam in Xinjiang,"" Religion in Communist Lands 13.3 (1985): 244-249. pdf [Reproduced by permission of the current copyright holder]",200,https://biblicalstudies.org.uk/pdf/rcl/13-3_244.pdf,application/pdf,257183,True,d51357bf55e8d11cb770b5bbf0c3bb9887b86995b9fcc49d3dd3cf7dd3cc8e07
3,https://biblicalstudies.org.uk/articles_rcl_03.php,https://biblicalstudies.org.uk/pdf/rcl/13-3_250.pdf,"""Czechoslovakia: The Church at the Crossroads,"" Religion in Communist Lands 13.3 (1985): 250-260. pdf","""Czechoslovakia: The Church at the Crossroads,"" Religion in Communist Lands 13.3 (1985): 250-260. pdf [Reproduced by permission of the current copyright holder]",200,https://biblicalstudies.org.uk/pdf/rcl/13-3_250.pdf,application/pdf,337773,True,ae285b0ec78d24384898c06a4278d92ae49965304f1a0d3713df009d476a2ecf
3,https://biblicalstudies.org.uk/articles_rcl_03.php,https://biblicalstudies.org.uk/pdf/rcl/13-3_261.pdf,"""The Methodian Anniversary in Eastern Europe,"" Religion in Communist Lands 13.3 (1985): 261-268. pdf","""The Methodian Anniversary in Eastern Europe,"" Religion in Communist Lands 13.3 (1985): 261-268. pdf [Reproduced by permission of the current copyright holder]",200,https://biblicalstudies.org.uk/pdf/rcl/13-3_261.pdf,application/pdf,250270,True,a1fc947ed0abedaecaaef9d85bd2a940b1c1070f3c71e4981e95206a878ea6fc
3,https://biblicalstudies.org.uk/articles_rcl_03.php,https://biblicalstudies.org.uk/pdf/rcl/13-3_269.pdf,"William Van Den Bercken, ""Ideology and Atheism in the Soviet Union,"" Religion in Communist Lands 13.3 (1985): 269-281. pdf","William Van Den Bercken, ""Ideology and Atheism in the Soviet Union,"" Religion in Communist Lands 13.3 (1985): 269-281. pdf [Reproduced by permission of the current copyright holder]",200,https://biblicalstudies.org.uk/pdf/rcl/13-3_269.pdf,application/pdf,977259,True,52e07d9ae2018c1511f418c8703300e6c7fb748ba661583cdd4a00dc81cdfa55
3,https://biblicalstudies.org.uk/articles_rcl_03.php,https://biblicalstudies.org.uk/pdf/rcl/13-3_282.pdf,"Lawrence Klippenstein, ""Exercising a Free Conscience: The Conscientious Objectors of the Soviet Union and the German Democratic Republic,"" Religion in Communist Lands 13.3 (1985): 282-291. pdf","Lawrence Klippenstein, ""Exercising a Free Conscience: The Conscientious Objectors of the Soviet Union and the German Democratic Republic,"" Religion in Communist Lands 13.3 (1985): 282-291. pdf [Reproduced by permission of the current copyright holder]",200,https://biblicalstudies.org.uk/pdf/rcl/13-3_282.pdf,application/pdf,374313,True,58e91b044caaceb343a7af19d194708df6eca4d56f05260659cc3bfefdb59add
3,https://biblicalstudies.org.uk/articles_rcl_03.php,https://biblicalstudies.org.uk/pdf/rcl/13-3_292.pdf,"Andrew Sorokowski, ""The Chronicle of the Catholic Church in Ukraine,"" Religion in Communist Lands 13.3 (1985): 292-297. pdf","Andrew Sorokowski, ""The Chronicle of the Catholic Church in Ukraine,"" Religion in Communist Lands 13.3 (1985): 292-297. pdf [Reproduced by permission of the current copyright holder]",200,https://biblicalstudies.org.uk/pdf/rcl/13-3_292.pdf,application/pdf,197087,True,3b46e235d09d272878ed76ff126f1816f7cbbd65c7b4dd2470125c5fa64d07e6
3,https://biblicalstudies.org.uk/articles_rcl_03.php,https://biblicalstudies.org.uk/pdf/rcl/13-3_298.pdf,"Tadeusz Poleski, ""Pastoral Work by the Catholic Church in Belorussia (1917-84),"" Religion in Communist Lands 13.3 (1985): 298-313. pdf","Tadeusz Poleski, ""Pastoral Work by the Catholic Church in Belorussia (1917-84),"" Religion in Communist Lands 13.3 (1985): 298-313. pdf [Reproduced by permission of the current copyright holder]",200,https://biblicalstudies.org.uk/pdf/rcl/13-3_298.pdf,application/pdf,1045681,True,4ebe7c0a15991f5d5a0de569e75cebcff99031db639fd539b5290547ca276321
3,https://biblicalstudies.org.uk/articles_rcl_03.php,https://biblicalstudies.org.uk/pdf/rcl/13-3_314.pdf,"Sources, 314-329. pdf","Sources, 314-329. pdf [Reproduced by permission of the current copyright holder]",200,https://biblicalstudies.org.uk/pdf/rcl/13-3_314.pdf,application/pdf,478645,True,44db6974f3884bc6081a3ac49697f1515c204535d94d3c7c593c9f61df5a0d0e
3,https://biblicalstudies.org.uk/articles_rcl_03.php,https://biblicalstudies.org.uk/pdf/rcl/13-3_330.pdf,"""Father Calciu's First Year of 'Freedom',"" Religion in Communist Lands 13.3 (1985): 330-331. pdf","""Father Calciu's First Year of 'Freedom',"" Religion in Communist Lands 13.3 (1985): 330-331. pdf [Reproduced by permission of the current copyright holder]",200,https://biblicalstudies.org.uk/pdf/rcl/13-3_330.pdf,application/pdf,85883,True,99f66bb7a27949fd391760044573b477c0d301347d9b2787ccae451e86b596f8
3,https://biblicalstudies.org.uk/articles_rcl_03.php,https://biblicalstudies.org.uk/pdf/rcl/13-3_332.pdf,"""China and the Catholic Church in Mid-1985,"" Religion in Communist Lands 13.3 (1985): 332-333. pdf","""China and the Catholic Church in Mid-1985,"" Religion in Communist Lands 13.3 (1985): 332-333. pdf [Reproduced by permission of the current copyright holder]",200,https://biblicalstudies.org.uk/pdf/rcl/13-3_332.pdf,application/pdf,102713,True,0391837f7588e32ac0d8d6823e0c2bf3704bef4eeb41b1eab454ad7e3b0132cb
3,https://biblicalstudies.org.uk/articles_rcl_03.php,https://biblicalstudies.org.uk/pdf/rcl/13-3_333.pdf,"""USSR Baptist Congress,"" Religion in Communist Lands 13.3 (1985): 333-334. pdf","""USSR Baptist Congress,"" Religion in Communist Lands 13.3 (1985): 333-334. pdf [Reproduced by permission of the current copyright holder]",200,https://biblicalstudies.org.uk/pdf/rcl/13-3_333.pdf,application/pdf,101896,True,67f2889c0cbc6ec05837380e2574fc08abda70baf61306e4ef8709630742f434
3,https://biblicalstudies.org.uk/articles_rcl_03.php,https://biblicalstudies.org.uk/pdf/rcl/13-3_335.pdf,"""Observer's Report on the Prague Christian Peace Conference,"" Religion in Communist Lands 13.3 (1985): 335-336. pdf","""Observer's Report on the Prague Christian Peace Conference,"" Religion in Communist Lands 13.3 (1985): 335-336. pdf [Reproduced by permission of the current copyright holder]",200,https://biblicalstudies.org.uk/pdf/rcl/13-3_335.pdf,application/pdf,98924,True,376eaf67ccaa26a4aaaa0bb2435b4661116d2e5744312f76aa6e59c25a2504e1
3,https://biblicalstudies.org.uk/articles_rcl_03.php,https://biblicalstudies.org.uk/pdf/rcl/13-3_336.pdf,"""Four New Cardinals for Eastern Europe,"" Religion in Communist Lands 13.3 (1985): 336-337. pdf","""Four New Cardinals for Eastern Europe,"" Religion in Communist Lands 13.3 (1985): 336-337. pdf [Reproduced by permission of the current copyright holder]",200,https://biblicalstudies.org.uk/pdf/rcl/13-3_336.pdf,application/pdf,81929,True,e01d8f2ed8dcbacf922f434683e11709c81cc27fff2cc5e8397bef1e6a2d3e15
3,https://biblicalstudies.org.uk/articles_rcl_03.php,https://biblicalstudies.org.uk/pdf/rcl/13-3_338.pdf,"""'The Curse of Social Equality',"" Religion in Communist Lands 13.3 (1985): 338-340. pdf","""'The Curse of Social Equality',"" Religion in Communist Lands 13.3 (1985): 338-340. pdf [Reproduced by permission of the current copyright holder]",200,https://biblicalstudies.org.uk/pdf/rcl/13-3_338.pdf,application/pdf,131694,True,b99c47689c61fdfab060cabb39e53e266402c4923fc2ce56ce8b8edb829a71bc
3,https://biblicalstudies.org.uk/articles_rcl_03.php,https://biblicalstudies.org.uk/pdf/rcl/13-3_340.pdf,"""'Deep Calleth Unto Deep' — A Dialogue About Faith,"" Religion in Communist Lands 13.3 (1985): 340-345. pdf","""'Deep Calleth Unto Deep' — A Dialogue About Faith,"" Religion in Communist Lands 13.3 (1985): 340-345. pdf [Reproduced by permission of the current copyright holder]",200,https://biblicalstudies.org.uk/pdf/rcl/13-3_340.pdf,application/pdf,253843,True,52a026641c008f315b3c8a9daecb524145fb78d2a94d0435ac0605572f7009f3
3,https://biblicalstudies.org.uk/articles_rcl_03.php,https://biblicalstudies.org.uk/pdf/rcl/13-3_345.pdf,"""Father Zerina Writes to New Slovak Cardinal,"" Religion in Communist Lands 13.3 (1985): 345-346. pdf","""Father Zerina Writes to New Slovak Cardinal,"" Religion in Communist Lands 13.3 (1985): 345-346. pdf [Reproduced by permission of the current copyright holder]",200,https://biblicalstudies.org.uk/pdf/rcl/13-3_345.pdf,application/pdf,76547,True,6ddf3aa4884f6a855b80a0192eea84de673155596e25474a0a73056cdd9a8c48
3,https://biblicalstudies.org.uk/articles_rcl_03.php,https://biblicalstudies.org.uk/pdf/rcl/13-3_347.pdf,"Reviews, 347-359. pdf","Reviews, 347-359. pdf [Reproduced by permission of the current copyright holder]",200,https://biblicalstudies.org.uk/pdf/rcl/13-3_347.pdf,application/pdf,434886,True,84739273f9dd0d586290d37a54fc3abf9717c8603bbca5347922d8bb73f7b336
3,https://biblicalstudies.org.uk/articles_rcl_03.php,https://biblicalstudies.org.uk/pdf/rcl/14-1_002.pdf,"Editorial, 2-3. pdf","Editorial, 2-3. pdf [Reproduced by permission of the current copyright holder]",200,https://biblicalstudies.org.uk/pdf/rcl/14-1_002.pdf,application/pdf,57794,True,94bdb7dc1c50ccd90ce5cc3425f2a22f3ecbc816f4c0867cc182144b92fbad13
3,https://biblicalstudies.org.uk/articles_rcl_03.php,https://biblicalstudies.org.uk/pdf/rcl/14-1_004.pdf,"Ireneusz Krzeminski, ""Solidarity — The Meaning of the Experience. A Sociological Survey,"" Religion in Communist Lands 14.1 (1986): 4-16. pdf","Ireneusz Krzeminski, ""Solidarity — The Meaning of the Experience. A Sociological Survey,"" Religion in Communist Lands 14.1 (1986): 4-16. pdf [Reproduced by permission of the current copyright holder]",200,https://biblicalstudies.org.uk/pdf/rcl/14-1_004.pdf,application/pdf,430709,True,354a2fc676e94dddff9e617c09bbb803185747c832e2f9cea5c23de8fa260ea4
3,https://biblicalstudies.org.uk/articles_rcl_03.php,https://biblicalstudies.org.uk/pdf/rcl/14-1_017.pdf,"Lawrence Klippenstein, ""An Unforgotten Past: Recent Writings By Soviet 
              Emigre Baptists In West Germany,"" Religion in Communist Lands 14.1 (1986): 17-32. pdf","Lawrence Klippenstein, ""An Unforgotten Past: Recent Writings By Soviet 
              Emigre Baptists In West Germany,"" Religion in Communist Lands 14.1 (1986): 17-32. pdf [Reproduced by permission of the current copyright holder]",200,https://biblicalstudies.org.uk/pdf/rcl/14-1_017.pdf,application/pdf,577744,True,32a5f215415c7dddca581c0d6352f2d8ff4129731fe3b6aa065afc111184a6b9
3,https://biblicalstudies.org.uk/articles_rcl_03.php,https://biblicalstudies.org.uk/pdf/rcl/14-1_033.pdf,"Eli Goldin, ""Karaites in the Soviet Union. A Historical Review and the Current Situation,"" Religion in Communist Lands 14.1 (1986): 33-42. pdf","Eli Goldin, ""Karaites in the Soviet Union. A Historical Review and the Current Situation,"" Religion in Communist Lands 14.1 (1986): 33-42. pdf [Reproduced by permission of the current copyright holder]",200,https://biblicalstudies.org.uk/pdf/rcl/14-1_033.pdf,application/pdf,367081,True,da05eb552c112199190c4fcbe4433765f1c0ec1150ff2c333edf672d2df08d79
3,https://biblicalstudies.org.uk/articles_rcl_03.php,https://biblicalstudies.org.uk/pdf/rcl/14-1_043.pdf,"A.A. Emerson Vermaat, ""Church and State in Grenada During The Bishop 
              Regime, 1979-1983,"" Religion in Communist Lands 14.1 (1986): 43-55. Documentary Appendix, 56-58. pdf","A.A. Emerson Vermaat, ""Church and State in Grenada During The Bishop 
              Regime, 1979-1983,"" Religion in Communist Lands 14.1 (1986): 43-55. Documentary Appendix, 56-58. pdf [Reproduced by permission of the current copyright holder]",200,https://biblicalstudies.org.uk/pdf/rcl/14-1_043.pdf,application/pdf,889152,True,8dd4f1633282b823ceabd66e8d94de2b4f00d9adfa9a90d6704b690b6cde49ac
3,https://biblicalstudies.org.uk/articles_rcl_03.php,https://biblicalstudies.org.uk/pdf/rcl/14-1_059.pdf,"Karel Kaplan, ""Church and State in Czechoslovakia from 
              
              1948 to 1956. Part I,"" Religion in Communist Lands 14.1 (1986): 59-72. pdf","Karel Kaplan, ""Church and State in Czechoslovakia from 
              
              1948 to 1956. Part I,"" Religion in Communist Lands 14.1 (1986): 59-72. pdf [Reproduced by permission of the current copyright holder]",200,https://biblicalstudies.org.uk/pdf/rcl/14-1_059.pdf,application/pdf,471478,True,b6dfb3337d17511035b9a12cc9cbd58fcf78cca767997a9ad6e44f3067a5c8d2
3,https://biblicalstudies.org.uk/articles_rcl_03.php,https://biblicalstudies.org.uk/pdf/rcl/14-1_073.pdf,"Frank Sysyn, ""Review Article: 
              The Eastern Orthodox Church in the Ukraine,"" Religion in Communist Lands 14.1 (1986): 73-76. pdf","Frank Sysyn, ""Review Article: 
              The Eastern Orthodox Church in the Ukraine,"" Religion in Communist Lands 14.1 (1986): 73-76. pdf [Reproduced by permission of the current copyright holder]",200,https://biblicalstudies.org.uk/pdf/rcl/14-1_073.pdf,application/pdf,141514,True,1c770c6d3c24a665305b89e09f165c58d6f27d6ccd7bec998d7eec9401f3a5ea
3,https://biblicalstudies.org.uk/articles_rcl_03.php,https://biblicalstudies.org.uk/pdf/rcl/14-1_077.pdf,"Comment, 77-80. pdf","Comment, 77-80. pdf [Reproduced by permission of the current copyright holder]",200,https://biblicalstudies.org.uk/pdf/rcl/14-1_077.pdf,application/pdf,729705,True,c408196321fda9dafb6761f0a8fa07b0cca05877bbed506f0343289712c4e418
3,https://biblicalstudies.org.uk/articles_rcl_03.php,https://biblicalstudies.org.uk/pdf/rcl/14-1_081.pdf,"Sources, 81-90. pdf","Sources, 81-90. pdf [Reproduced by permission of the current copyright holder]",200,https://biblicalstudies.org.uk/pdf/rcl/14-1_081.pdf,application/pdf,456339,True,8df737d05f505e3995633681a05f915ce29b2f083e40b06bc2740dd6ccf03617
3,https://biblicalstudies.org.uk/articles_rcl_03.php,https://biblicalstudies.org.uk/pdf/rcl/14-1_091.pdf,"Theses, 91-94. pdf","Theses, 91-94. pdf [Reproduced by permission of the current copyright holder]",200,https://biblicalstudies.org.uk/pdf/rcl/14-1_091.pdf,application/pdf,62730,True,cca5cd82c64a2909bf2c163da4dc8243cfb634cbc08ee0d1f863e8da53ee0d3e
3,https://biblicalstudies.org.uk/articles_rcl_03.php,https://biblicalstudies.org.uk/pdf/rcl/14-1_095.pdf,"""Campaign Against Georgian Musical Refuseniks ,"" Religion in Communist Lands 14.1 (1986):  95-97. pdf","""Campaign Against Georgian Musical Refuseniks ,"" Religion in Communist Lands 14.1 (1986):  95-97. pdf [Reproduced by permission of the current copyright holder]",200,https://biblicalstudies.org.uk/pdf/rcl/14-1_095.pdf,application/pdf,128273,True,784c5f4e5bd663d08c5780d1927d30f70ffea18b09eb8d9c86409c54f69ee175
3,https://biblicalstudies.org.uk/articles_rcl_03.php,https://biblicalstudies.org.uk/pdf/rcl/14-1_097.pdf,"""Russian Orthodox'scholar Criticises Soviet 
              Anti-Semitism,"" Religion in Communist Lands 14.1 (1986): 97-99. pdf","""Russian Orthodox'scholar Criticises Soviet 
              Anti-Semitism,"" Religion in Communist Lands 14.1 (1986): 97-99. pdf [Reproduced by permission of the current copyright holder]",200,https://biblicalstudies.org.uk/pdf/rcl/14-1_097.pdf,application/pdf,137242,True,57791670acc88f02b01f6c23effddb8261b2cf03f9eac1188c24f30c0b671d92
3,https://biblicalstudies.org.uk/articles_rcl_03.php,https://biblicalstudies.org.uk/pdf/rcl/14-1_099.pdf,"""Renewed Harassment of the Council of Baptist 
              Prisoners' Relatives,"" Religion in Communist Lands 14.1 (1986): 99-100. pdf","""Renewed Harassment of the Council of Baptist 
              Prisoners' Relatives,"" Religion in Communist Lands 14.1 (1986): 99-100. pdf [Reproduced by permission of the current copyright holder]",200,https://biblicalstudies.org.uk/pdf/rcl/14-1_099.pdf,application/pdf,91273,True,3c713acc880de0614c1ebee54fded8cffd989670211eef5d3c2193e8cabe96dd
3,https://biblicalstudies.org.uk/articles_rcl_03.php,https://biblicalstudies.org.uk/pdf/rcl/14-1_100.pdf,"""The Beijing-Rome Dialogue,"" Religion in Communist Lands 14.1 (1986): 100-102. pdf","""The Beijing-Rome Dialogue,"" Religion in Communist Lands 14.1 (1986): 100-102. pdf [Reproduced by permission of the current copyright holder]",200,https://biblicalstudies.org.uk/pdf/rcl/14-1_100.pdf,application/pdf,135870,True,244036fcbe8bd7cbecb5979c0f9aeac31bc8b9783d3ac7fea49854fb4533264c
3,https://biblicalstudies.org.uk/articles_rcl_03.php,https://biblicalstudies.org.uk/pdf/rcl/14-1_102.pdf,"""Jehovah's Witnesses in Czechoslovakia,"" Religion in Communist Lands 14.1 (1986): 102-103. pdf","""Jehovah's Witnesses in Czechoslovakia,"" Religion in Communist Lands 14.1 (1986): 102-103. pdf [Reproduced by permission of the current copyright holder]",200,https://biblicalstudies.org.uk/pdf/rcl/14-1_102.pdf,application/pdf,94189,True,c71f20b37bbf1012badd7509fc3d1c730d535d4a1df5828777533ce0099a4b0b
3,https://biblicalstudies.org.uk/articles_rcl_03.php,https://biblicalstudies.org.uk/pdf/rcl/14-1_103.pdf,"""Obituary: Archbishop Vasih of Brussels,"" Religion in Communist Lands 14.1 (1986): 103-104. pdf","""Obituary: Archbishop Vasih of Brussels,"" Religion in Communist Lands 14.1 (1986): 103-104. pdf [Reproduced by permission of the current copyright holder]",200,https://biblicalstudies.org.uk/pdf/rcl/14-1_103.pdf,application/pdf,94615,True,308f8f8ed7a18384757d8a7f76bba62b6595009e4448ffbe560014fbedaff397
3,https://biblicalstudies.org.uk/articles_rcl_03.php,https://biblicalstudies.org.uk/pdf/rcl/14-1_104.pdf,"""The Orthodox Theological Seminary in Pregov, Czechoslovakia,"" Religion in Communist Lands 14.1 (1986): 104. pdf","""The Orthodox Theological Seminary in Pregov, Czechoslovakia,"" Religion in Communist Lands 14.1 (1986): 104. pdf [Reproduced by permission of the current copyright holder]",200,https://biblicalstudies.org.uk/pdf/rcl/14-1_104.pdf,application/pdf,49289,True,850d0c1b9ceac3b06f4495be13f33760fb211e2b05cac050b5ec7e8e80f1782b
3,https://biblicalstudies.org.uk/articles_rcl_03.php,https://biblicalstudies.org.uk/pdf/rcl/14-1_105.pdf,"""Hungarian Marxist Theologian Writes on 
              Diakonia Theology,"" Religion in Communist Lands 14.1 (1986): 105-111. pdf","""Hungarian Marxist Theologian Writes on 
              Diakonia Theology,"" Religion in Communist Lands 14.1 (1986): 105-111. pdf [Reproduced by permission of the current copyright holder]",200,https://biblicalstudies.org.uk/pdf/rcl/14-1_105.pdf,application/pdf,313049,True,9442f7cfa8d9608faa5f7f472da84aa7eecc9476b9609ea5f73f03ae7c07d283
3,https://biblicalstudies.org.uk/articles_rcl_03.php,https://biblicalstudies.org.uk/pdf/rcl/14-1_112.pdf,"Reviews, 112-119. pdf","Reviews, 112-119. pdf [Reproduced by permission of the current copyright holder]",200,https://biblicalstudies.org.uk/pdf/rcl/14-1_112.pdf,application/pdf,295113,True,658a48c99f9f7f8d56be35d454f64682a2f74a0fa444b00746bb2617086c0aef
3,https://biblicalstudies.org.uk/articles_rcl_03.php,https://biblicalstudies.org.uk/pdf/rcl/14-2_122.pdf,"Editorial, 122-123. pdf","Editorial, 122-123. pdf [Reproduced by permission of the current copyright holder]",200,https://biblicalstudies.org.uk/pdf/rcl/14-2_122.pdf,application/pdf,67182,True,3cbcd80cfda5547a63f0151f69aa53d64394039213aa191739f5a3a6f01bc772
3,https://biblicalstudies.org.uk/articles_rcl_03.php,https://biblicalstudies.org.uk/pdf/rcl/14-2_124.pdf,"Peter Fleming, SJ with Ismael Zuloaga, SJ, ""The Catholic Church in China: A New Chapter,"" Religion in Communist Lands 14.2 (1986): 124-133. pdf","Peter Fleming, SJ with Ismael Zuloaga, SJ, ""The Catholic Church in China: A New Chapter,"" Religion in Communist Lands 14.2 (1986): 124-133. pdf [Reproduced by permission of the current copyright holder]",200,https://biblicalstudies.org.uk/pdf/rcl/14-2_124.pdf,application/pdf,373589,True,047482f193b00859e7c83e0e437d835889577448c034a9b51672c9a761e912b5
3,https://biblicalstudies.org.uk/articles_rcl_03.php,https://biblicalstudies.org.uk/pdf/rcl/14-2_134.pdf,"Mikael Doulos, ""Christians in Marxist Ethiopia,"" Religion in Communist Lands 14.2 (1986): 134-147. pdf","Mikael Doulos, ""Christians in Marxist Ethiopia,"" Religion in Communist Lands 14.2 (1986): 134-147. pdf [Reproduced by permission of the current copyright holder]",200,https://biblicalstudies.org.uk/pdf/rcl/14-2_134.pdf,application/pdf,449493,True,d855c836c2bbd0a09294ae022f8f7011deeec3e2b0ad3837f32dbe69c2dbd8dd
3,https://biblicalstudies.org.uk/articles_rcl_03.php,https://biblicalstudies.org.uk/pdf/rcl/14-2_148.pdf,"Haile Larebo, ""The Orthodox Church and the State in the                  Ethiopian Revolution, 1974-84,"" Religion in Communist Lands 14.2 (1986): 148-159. pdf","Haile Larebo, ""The Orthodox Church and the State in the                  Ethiopian Revolution, 1974-84,"" Religion in Communist Lands 14.2 (1986): 148-159. pdf [Reproduced by permission of the current copyright holder]",200,https://biblicalstudies.org.uk/pdf/rcl/14-2_148.pdf,application/pdf,887136,True,6bf9893e71567e89c91c4c3f3c216960927cfb9c97e5474e27331a98c23956e1
3,https://biblicalstudies.org.uk/articles_rcl_03.php,https://biblicalstudies.org.uk/pdf/rcl/14-2_160.pdf,"Janos Wildmann, ""Hungary: from the Ruling Church to the ""Church of the People"" Religion in Communist Lands 14.2 (1986): 160-171. pdf","Janos Wildmann, ""Hungary: from the Ruling Church to the ""Church of the People"" Religion in Communist Lands 14.2 (1986): 160-171. pdf [Reproduced by permission of the current copyright holder]",200,https://biblicalstudies.org.uk/pdf/rcl/14-2_160.pdf,application/pdf,391202,True,b77b5623c092ba73bcefe5a64a06e1031f57acc1f77fe28d7b9d62f58278f18b
3,https://biblicalstudies.org.uk/articles_rcl_03.php,https://biblicalstudies.org.uk/pdf/rcl/14-2_172.pdf,"John Anderson, ""Islam and the Afghan Regime,"" Religion in Communist Lands 14.2 (1986): 172-179. pdf","John Anderson, ""Islam and the Afghan Regime,"" Religion in Communist Lands 14.2 (1986): 172-179. pdf [Reproduced by permission of the current copyright holder]",200,https://biblicalstudies.org.uk/pdf/rcl/14-2_172.pdf,application/pdf,272303,True,89fa040cb9054dce04226d5fc67d9a3d8a83d5e5621d3c7b3f6969cf416249b9
3,https://biblicalstudies.org.uk/articles_rcl_03.php,https://biblicalstudies.org.uk/pdf/rcl/14-2_180.pdf,"Karel Kaplan, ""Church and State in Czechoslovakia from 1948 to 1956. Part II,"" Religion in Communist Lands 14.2 (1986): 180-193. pdf","Karel Kaplan, ""Church and State in Czechoslovakia from 1948 to 1956. Part II,"" Religion in Communist Lands 14.2 (1986): 180-193. pdf [Reproduced by permission of the current copyright holder]",200,https://biblicalstudies.org.uk/pdf/rcl/14-2_180.pdf,application/pdf,487759,True,08c55d9ef38badd8db0bf1f28c9eccb00095c0a02ca11c05d17fb407e9e7a6ae
3,https://biblicalstudies.org.uk/articles_rcl_03.php,https://biblicalstudies.org.uk/pdf/rcl/14-2_194.pdf,"Sources, 194-205. pdf","Sources, 194-205. pdf [Reproduced by permission of the current copyright holder]",200,https://biblicalstudies.org.uk/pdf/rcl/14-2_194.pdf,application/pdf,574398,True,3738c1aa3445f3d345a05d63c9a839cee9465edba0f42882644f4ef908559378
3,https://biblicalstudies.org.uk/articles_rcl_03.php,https://biblicalstudies.org.uk/pdf/rcl/14-2_206.pdf,"Theses, 206-209. pdf","Theses, 206-209. pdf [Reproduced by permission of the current copyright holder]",200,https://biblicalstudies.org.uk/pdf/rcl/14-2_206.pdf,application/pdf,61898,True,e7bb35a1360649d6678b1f01e4441239343906f3e965cfa6675de0f3f032432b
3,https://biblicalstudies.org.uk/articles_rcl_03.php,https://biblicalstudies.org.uk/pdf/rcl/14-2_210.pdf,"""A Change in the Chinese Understanding of ""Religion""?"" Religion in Communist Lands 14.2 (1986): 210-211. pdf","""A Change in the Chinese Understanding of ""Religion""?"" Religion in Communist Lands 14.2 (1986): 210-211. pdf [Reproduced by permission of the current copyright holder]",200,https://biblicalstudies.org.uk/pdf/rcl/14-2_210.pdf,application/pdf,87440,True,0b60be66567cda06807b53329a3979d5f65bf095147f5f904aa7ad5dafa07192
3,https://biblicalstudies.org.uk/articles_rcl_03.php,https://biblicalstudies.org.uk/pdf/rcl/14-2_211.pdf,"""Bibles and New Testaments Printed in China,"" Religion in Communist Lands 14.2 (1986): 211. pdf","""Bibles and New Testaments Printed in China,"" Religion in Communist Lands 14.2 (1986): 211. pdf [Reproduced by permission of the current copyright holder]",200,https://biblicalstudies.org.uk/pdf/rcl/14-2_211.pdf,application/pdf,47330,True,651e19aa17e8674537100e0547b9827396cbc7dfccae1bae202705a190580bc3
3,https://biblicalstudies.org.uk/articles_rcl_03.php,https://biblicalstudies.org.uk/pdf/rcl/14-2_211a.pdf,"""New Leaders for the Protestant Church in the GDR,"" Religion in Communist Lands 14.2 (1986): 211-212. pdf","""New Leaders for the Protestant Church in the GDR,"" Religion in Communist Lands 14.2 (1986): 211-212. pdf [Reproduced by permission of the current copyright holder]",200,https://biblicalstudies.org.uk/pdf/rcl/14-2_211a.pdf,application/pdf,96192,True,22bce6f568f2e866538ab9e48d4430a426eadbe43702ebfca77ba61b88901f35
3,https://biblicalstudies.org.uk/articles_rcl_03.php,https://biblicalstudies.org.uk/pdf/rcl/14-2_212.pdf,"""The ""Islamic Factor"" in the Soviet Union,"" Religion in Communist Lands 14.2 (1986): 212-214. pdf","""The ""Islamic Factor"" in the Soviet Union,"" Religion in Communist Lands 14.2 (1986): 212-214. pdf [Reproduced by permission of the current copyright holder]",200,https://biblicalstudies.org.uk/pdf/rcl/14-2_212.pdf,application/pdf,157165,True,685182e7892710b659b2a0c09b3a181c1a59ecece0572fea0e52c411d8cf140f
3,https://biblicalstudies.org.uk/articles_rcl_03.php,https://biblicalstudies.org.uk/pdf/rcl/14-2_214.pdf,"""Recantations by Religious Prisoners in the Soviet Union,"" Religion in Communist Lands 14.2 (1986): 214-216. pdf","""Recantations by Religious Prisoners in the Soviet Union,"" Religion in Communist Lands 14.2 (1986): 214-216. pdf [Reproduced by permission of the current copyright holder]",200,https://biblicalstudies.org.uk/pdf/rcl/14-2_214.pdf,application/pdf,152928,True,ae1e10f5b0edab31d0592f7ca7a294005ac0d5fcd29d335ea58207435c363e23
3,https://biblicalstudies.org.uk/articles_rcl_03.php,https://biblicalstudies.org.uk/pdf/rcl/14-2_216.pdf,"""Return of the Danilov Monastery to the Russian Orthodox Church,"" Religion in Communist Lands 14.2 (1986): 216-218. pdf","""Return of the Danilov Monastery to the Russian Orthodox Church,"" Religion in Communist Lands 14.2 (1986): 216-218. pdf [Reproduced by permission of the current copyright holder]",200,https://biblicalstudies.org.uk/pdf/rcl/14-2_216.pdf,application/pdf,641402,True,8cd2398ea9968f85354cd46d2e93d7a9f93be69b99ada91e1c5e36e114dcffa1
3,https://biblicalstudies.org.uk/articles_rcl_03.php,https://biblicalstudies.org.uk/pdf/rcl/14-2_218.pdf,"""The British. Council of Churches Delegation to                  the Churches of the USSR, 17-28 May 1986,"" Religion in Communist Lands 14.2 (1986): 218-220. pdf","""The British. Council of Churches Delegation to                  the Churches of the USSR, 17-28 May 1986,"" Religion in Communist Lands 14.2 (1986): 218-220. pdf [Reproduced by permission of the current copyright holder]",200,https://biblicalstudies.org.uk/pdf/rcl/14-2_218.pdf,application/pdf,118186,True,c23cbcc8cc9004a03c7b619fd5908ef7aa88dad5f664b352baf9d099d5775ad3
3,https://biblicalstudies.org.uk/articles_rcl_03.php,https://biblicalstudies.org.uk/pdf/rcl/14-2_221.pdf,"""Should a Christian Teach in Atheistic Schools?,"" Religion in Communist Lands 14.2 (1986): 221-224. pdf","""Should a Christian Teach in Atheistic Schools?,"" Religion in Communist Lands 14.2 (1986): 221-224. pdf [Reproduced by permission of the current copyright holder]",200,https://biblicalstudies.org.uk/pdf/rcl/14-2_221.pdf,application/pdf,180556,True,952b0997033dd962812ff2596820db2fab2cf100c7ba13361d0cefc606a6095a
3,https://biblicalstudies.org.uk/articles_rcl_03.php,https://biblicalstudies.org.uk/pdf/rcl/14-2_224.pdf,"""Reflections on Billy Graham's Trip to Romania,"" Religion in Communist Lands 14.2 (1986): 224-227. pdf","""Reflections on Billy Graham's Trip to Romania,"" Religion in Communist Lands 14.2 (1986): 224-227. pdf [Reproduced by permission of the current copyright holder]",200,https://biblicalstudies.org.uk/pdf/rcl/14-2_224.pdf,application/pdf,185405,True,b0aea80c15cda9862dfbc7e9d968e188ede06e89d7a166801343d88d30f032dd
3,https://biblicalstudies.org.uk/articles_rcl_03.php,https://biblicalstudies.org.uk/pdf/rcl/14-2_228.pdf,"Reviews, 228-239. pdf","Reviews, 228-239. pdf [Reproduced by permission of the current copyright holder]",200,https://biblicalstudies.org.uk/pdf/rcl/14-2_228.pdf,application/pdf,454350,True,fe81ef02e143cd95ef5ae8990f4c7a4caf01ded44c3c2a2f16aa330a5ca7852a
3,https://biblicalstudies.org.uk/articles_rcl_03.php,https://biblicalstudies.org.uk/pdf/rcl/14-3_242.pdf,"Editorial, 242-243. pdf","Editorial, 242-243. pdf [Reproduced by permission of the current copyright holder]",200,https://biblicalstudies.org.uk/pdf/rcl/14-3_242.pdf,application/pdf,55460,True,f8e038259e96502064f1f2f2ccd360b3602b0d859b5f6cde5f1cb31a8443f344
3,https://biblicalstudies.org.uk/articles_rcl_03.php,https://biblicalstudies.org.uk/pdf/rcl/14-3_244.pdf,"Andrew Sorokowski, ""Ukrainian Catholics and Orthodox in Poland,"" Religion in Communist Lands 14.3 (1986): 244-261. pdf","Andrew Sorokowski, ""Ukrainian Catholics and Orthodox in Poland,"" Religion in Communist Lands 14.3 (1986): 244-261. pdf [Reproduced by permission of the current copyright holder]",200,https://biblicalstudies.org.uk/pdf/rcl/14-3_244.pdf,application/pdf,546132,True,e803536baf1614dba95e990ed168f1b346d9450b48fe87cc18ef395445c3eb9e
3,https://biblicalstudies.org.uk/articles_rcl_03.php,https://biblicalstudies.org.uk/pdf/rcl/14-3_262.pdf,"Algirdas Landsbergis, ""God's Whispers in a ""Godless"" Literature,"" Religion in Communist Lands 14.3 (1986): 262-267. pdf","Algirdas Landsbergis, ""God's Whispers in a ""Godless"" Literature,"" Religion in Communist Lands 14.3 (1986): 262-267. pdf [Reproduced by permission of the current copyright holder]",200,https://biblicalstudies.org.uk/pdf/rcl/14-3_262.pdf,application/pdf,178292,True,575991a546da4219dd460209a7206fda84d0fb07b012ef8ab13ce03a13af4bfb
3,https://biblicalstudies.org.uk/articles_rcl_03.php,https://biblicalstudies.org.uk/pdf/rcl/14-3_268.pdf,"Pauline Hodges, ""Albania After Hoxha's Death,"" Religion in Communist Lands 14.3 (1986): 268-272. pdf","Pauline Hodges, ""Albania After Hoxha's Death,"" Religion in Communist Lands 14.3 (1986): 268-272. pdf [Reproduced by permission of the current copyright holder]",200,https://biblicalstudies.org.uk/pdf/rcl/14-3_268.pdf,application/pdf,840049,True,08d9eb1203a3228f0fffea4d821d23c0d5df5cad1ac822529ba4eb984dc16f29
3,https://biblicalstudies.org.uk/articles_rcl_03.php,https://biblicalstudies.org.uk/pdf/rcl/14-3_273.pdf,"Karel Kaplan, ""Church and State in Czechoslovakia from                  1948 to 1956. Part III,"" 273-282. pdf","Karel Kaplan, ""Church and State in Czechoslovakia from                  1948 to 1956. Part III,"" 273-282. pdf [Reproduced by permission of the current copyright holder]",200,https://biblicalstudies.org.uk/pdf/rcl/14-3_273.pdf,application/pdf,263938,True,d4b69886097cec90343293128857a5fdb0957ac15b760e63952bdd44bb8195ab
3,https://biblicalstudies.org.uk/articles_rcl_03.php,https://biblicalstudies.org.uk/pdf/rcl/14-3_283.pdf,"Interviews, 283-295. pdf","Interviews, 283-295. pdf [Reproduced by permission of the current copyright holder]",200,https://biblicalstudies.org.uk/pdf/rcl/14-3_283.pdf,application/pdf,888478,True,e19d404f2054ffcbb5e956c8f8c8f52cc5ef350efa59a4d8dbf2cea007b30918
3,https://biblicalstudies.org.uk/articles_rcl_03.php,https://biblicalstudies.org.uk/pdf/rcl/14-3_296.pdf,"Sources, 296-308. pdf","Sources, 296-308. pdf [Reproduced by permission of the current copyright holder]",200,https://biblicalstudies.org.uk/pdf/rcl/14-3_296.pdf,application/pdf,441675,True,ade5734f1e898f7cd9a684fd30543c34df6b0894a3103e845235398eb2772eae
3,https://biblicalstudies.org.uk/articles_rcl_03.php,https://biblicalstudies.org.uk/pdf/rcl/14-3_309.pdf,"Theses, 309-311. pdf","Theses, 309-311. pdf [Reproduced by permission of the current copyright holder]",200,https://biblicalstudies.org.uk/pdf/rcl/14-3_309.pdf,application/pdf,50635,True,23cb2f181b9fdd75d296aba78a4bc6629cccb2181304adadd10278691f399b3d
3,https://biblicalstudies.org.uk/articles_rcl_03.php,https://biblicalstudies.org.uk/pdf/rcl/14-3_312.pdf,"""Speculation on Changes in Soviet Legislation on Religion,"" Religion in Communist Lands 14.3 (1986): 312-314. pdf","""Speculation on Changes in Soviet Legislation on Religion,"" Religion in Communist Lands 14.3 (1986): 312-314. pdf [Reproduced by permission of the current copyright holder]",200,https://biblicalstudies.org.uk/pdf/rcl/14-3_312.pdf,application/pdf,109578,True,5b30308bf3044f7a11e8fb779e9be38ff90924f18401901576d6f40c1c7b2289
3,https://biblicalstudies.org.uk/articles_rcl_03.php,https://biblicalstudies.org.uk/pdf/rcl/14-3_314.pdf,"""Irina Ratushinskaya,"" Religion in Communist Lands 14.3 (1986): 314-316. pdf","""Irina Ratushinskaya,"" Religion in Communist Lands 14.3 (1986): 314-316. pdf [Reproduced by permission of the current copyright holder]",200,https://biblicalstudies.org.uk/pdf/rcl/14-3_314.pdf,application/pdf,110136,True,3813de0282d7c1082e5895c350841962ef34e946cacbeef64f3b2172d007e4af
3,https://biblicalstudies.org.uk/articles_rcl_03.php,https://biblicalstudies.org.uk/pdf/rcl/14-3_316.pdf,"""The Hare Krishna Movement in the USSR,"" Religion in Communist Lands 14.3 (1986): 316-317. pdf","""The Hare Krishna Movement in the USSR,"" Religion in Communist Lands 14.3 (1986): 316-317. pdf [Reproduced by permission of the current copyright holder]",200,https://biblicalstudies.org.uk/pdf/rcl/14-3_316.pdf,application/pdf,76120,True,0e17cabfb7ef71dff53a36e6a6189122cb4fd6083d34be7b8c9d1fab88108bd9
3,https://biblicalstudies.org.uk/articles_rcl_03.php,https://biblicalstudies.org.uk/pdf/rcl/14-3_318.pdf,"""Official Soviet Documents on Religion Appear in Lithuanian Samizdat ,"" Religion in Communist Lands 14.3 (1986): 318-319. pdf","""Official Soviet Documents on Religion Appear in Lithuanian Samizdat ,"" Religion in Communist Lands 14.3 (1986): 318-319. pdf [Reproduced by permission of the current copyright holder]",200,https://biblicalstudies.org.uk/pdf/rcl/14-3_318.pdf,application/pdf,78352,True,7fe323942a55fe4a67e1db3220ac2291cd1e0dc4d9fc4a5a7bf7427acc87f394
3,https://biblicalstudies.org.uk/articles_rcl_03.php,https://biblicalstudies.org.uk/pdf/rcl/14-3_319.pdf,"""Russian Orthodox Archbishop Denounces Ukrainian Catholic Church,"" Religion in Communist Lands 14.3 (1986): 319-320. pdf","""Russian Orthodox Archbishop Denounces Ukrainian Catholic Church,"" Religion in Communist Lands 14.3 (1986): 319-320. pdf [Reproduced by permission of the current copyright holder]",200,https://biblicalstudies.org.uk/pdf/rcl/14-3_319.pdf,application/pdf,76451,True,d33b99adc5dbb382b62ae932189717955b6b20278f3a496193f6106375865977
3,https://biblicalstudies.org.uk/articles_rcl_03.php,https://biblicalstudies.org.uk/pdf/rcl/14-3_320.pdf,"""'Freedom and Peace' Conscientious Objectors in Poland,"" Religion in Communist Lands 14.3 (1986): 320-323. pdf","""'Freedom and Peace' Conscientious Objectors in Poland,"" Religion in Communist Lands 14.3 (1986): 320-323. pdf [Reproduced by permission of the current copyright holder]",200,https://biblicalstudies.org.uk/pdf/rcl/14-3_320.pdf,application/pdf,149676,True,57ffdc6497f54929c2dfc16642cd9372f717126903bccde4c9f04a2885754ccf
3,https://biblicalstudies.org.uk/articles_rcl_03.php,https://biblicalstudies.org.uk/pdf/rcl/14-3_323.pdf,"""Pressure for Reform in the Hungarian Lutheran Church,"" Religion in Communist Lands 14.3 (1986): 323-326. pdf","""Pressure for Reform in the Hungarian Lutheran Church,"" Religion in Communist Lands 14.3 (1986): 323-326. pdf [Reproduced by permission of the current copyright holder]",200,https://biblicalstudies.org.uk/pdf/rcl/14-3_323.pdf,application/pdf,150211,True,77725204e3b04d0f3c8e40a0b9ccae0ae25b8e94367dcbf46f8a1acc41d3be19
3,https://biblicalstudies.org.uk/articles_rcl_03.php,https://biblicalstudies.org.uk/pdf/rcl/14-3_326.pdf,"""Augustin Navritil,"" Religion in Communist Lands 14.3 (1986): 326-328. pdf","""Augustin Navritil,"" Religion in Communist Lands 14.3 (1986): 326-328. pdf [Reproduced by permission of the current copyright holder]",200,https://biblicalstudies.org.uk/pdf/rcl/14-3_326.pdf,application/pdf,117748,True,3ae15563a59f4bb7dcfca91c15513f880035ad14e1319d36177552a654b030a7
3,https://biblicalstudies.org.uk/articles_rcl_03.php,https://biblicalstudies.org.uk/pdf/rcl/14-3_328.pdf,"""Improvements in the Church Situation in Ethiopia?"" Religion in Communist Lands 14.3 (1986): 328-329. pdf","""Improvements in the Church Situation in Ethiopia?"" Religion in Communist Lands 14.3 (1986): 328-329. pdf [Reproduced by permission of the current copyright holder]",200,https://biblicalstudies.org.uk/pdf/rcl/14-3_328.pdf,application/pdf,38494,True,18de3a2aef503e831cc698cd19886eae303ba9873589f78802d9fe9e0bf60153
3,https://biblicalstudies.org.uk/articles_rcl_03.php,https://biblicalstudies.org.uk/pdf/rcl/14-3_330.pdf,"Documents, 330-346. pdf","Documents, 330-346. pdf [Reproduced by permission of the current copyright holder]",200,https://biblicalstudies.org.uk/pdf/rcl/14-3_330.pdf,application/pdf,677315,True,634ca9965aa1ea68156dda821f662512897c6d47402ca8dbdebb28d05535308f
3,https://biblicalstudies.org.uk/articles_rcl_03.php,https://biblicalstudies.org.uk/pdf/rcl/14-3_347.pdf,"Reviews, 347-358. pdf","Reviews, 347-358. pdf [Reproduced by permission of the current copyright holder]",200,https://biblicalstudies.org.uk/pdf/rcl/14-3_347.pdf,application/pdf,312940,True,75271898e6a45e9bfd206f15358a7ada295947a6c797714caddc77c50d0c0406
3,https://biblicalstudies.org.uk/articles_rcl_03.php,https://biblicalstudies.org.uk/pdf/rcl/15-1_002.pdf,"Editorial, 2-3. pdf","Editorial, 2-3. pdf [Reproduced by permission of the current copyright holder]",200,https://biblicalstudies.org.uk/pdf/rcl/15-1_002.pdf,application/pdf,91083,True,cafa9e84bafa657fe08b72edb3308517daed5bac5184b0b274740d8644d9fe45
3,https://biblicalstudies.org.uk/articles_rcl_03.php,https://biblicalstudies.org.uk/pdf/rcl/15-1_004.pdf,"Joseph J. Spae, ""The Catholic Church in China,"" Religion in Communist Lands 15.1 (1987): 4-21. pdf","Joseph J. Spae, ""The Catholic Church in China,"" Religion in Communist Lands 15.1 (1987): 4-21. pdf [Reproduced by permission of the current copyright holder]",200,https://biblicalstudies.org.uk/pdf/rcl/15-1_004.pdf,application/pdf,442226,True,f61cb22c280ddb4f2dd1f885778f9299632fc191080f6735b97b67dcb97da697
3,https://biblicalstudies.org.uk/articles_rcl_03.php,https://biblicalstudies.org.uk/pdf/rcl/15-1_022.pdf,"Lukasz Hirszowicz, ""Judaism in Poland,"" Religion in Communist Lands 15.1 (1987): 22-31. pdf","Lukasz Hirszowicz, ""Judaism in Poland,"" Religion in Communist Lands 15.1 (1987): 22-31. pdf [Reproduced by permission of the current copyright holder]",200,https://biblicalstudies.org.uk/pdf/rcl/15-1_022.pdf,application/pdf,243651,True,a1f12f4e9f0546cc16078d6c294ce3f632cc1eac350defeacc80d548f4161922
3,https://biblicalstudies.org.uk/articles_rcl_03.php,https://biblicalstudies.org.uk/pdf/rcl/15-1_032.pdf,"Gerd Stricker, ""German Protestants in Tsarist Russia and the Soviet Union,"" Religion in Communist Lands 15.1 (1987): 32-53. pdf","Gerd Stricker, ""German Protestants in Tsarist Russia and the Soviet Union,"" Religion in Communist Lands 15.1 (1987): 32-53. pdf [Reproduced by permission of the current copyright holder]",200,https://biblicalstudies.org.uk/pdf/rcl/15-1_032.pdf,application/pdf,1388961,True,d7615ffbe51ddbcd3ac2d25f32c54cba144f86977cd32f2e8a2d67ab9effde87
3,https://biblicalstudies.org.uk/articles_rcl_03.php,https://biblicalstudies.org.uk/pdf/rcl/15-1_054.pdf,"Andrew Sorokowski, ""Ukrainian Catholics and Orthodox in Czechoslovakia,"" Religion in Communist Lands 15.1 (1987): 54-68. pdf","Andrew Sorokowski, ""Ukrainian Catholics and Orthodox in Czechoslovakia,"" Religion in Communist Lands 15.1 (1987): 54-68. pdf [Reproduced by permission of the current copyright holder]",200,https://biblicalstudies.org.uk/pdf/rcl/15-1_054.pdf,application/pdf,475442,True,f5468222a16223f6cbff51ea9577f5901569d958aa4dad064369994c01a46ee6
3,https://biblicalstudies.org.uk/articles_rcl_03.php,https://biblicalstudies.org.uk/pdf/rcl/15-1_069.pdf,"""Feature: 
              Alexander Ogorodnikov,"" Religion in Communist Lands 15.1 (1987): 69-78. pdf","""Feature: 
              Alexander Ogorodnikov,"" Religion in Communist Lands 15.1 (1987): 69-78. pdf [Reproduced by permission of the current copyright holder]",200,https://biblicalstudies.org.uk/pdf/rcl/15-1_069.pdf,application/pdf,252391,True,8ff5c99ed46d55883ba4a5294aa3001fad1496877af392a5acdbfced5ecd05c7
3,https://biblicalstudies.org.uk/articles_rcl_03.php,https://biblicalstudies.org.uk/pdf/rcl/15-1_079.pdf,"""Father Bulanyi's Church Order,"" Religion in Communist Lands 15.1 (1987): 79-82. pdf","""Father Bulanyi's Church Order,"" Religion in Communist Lands 15.1 (1987): 79-82. pdf [Reproduced by permission of the current copyright holder]",200,https://biblicalstudies.org.uk/pdf/rcl/15-1_079.pdf,application/pdf,790330,True,10e7061d0897f9322b54ec5cca48eca4b863b15466a430cf825cf5c62c6784e7
3,https://biblicalstudies.org.uk/articles_rcl_03.php,https://biblicalstudies.org.uk/pdf/rcl/15-1_082.pdf,"""Most Favoured Nation?"" Religion in Communist Lands 15.1 (1987): 82-84. pdf","""Most Favoured Nation?"" Religion in Communist Lands 15.1 (1987): 82-84. pdf [Reproduced by permission of the current copyright holder]",200,https://biblicalstudies.org.uk/pdf/rcl/15-1_082.pdf,application/pdf,100866,True,65f61b59be45440b4343e9944862f6b0c793401bc39a74549b18bbe13ab37d79
3,https://biblicalstudies.org.uk/articles_rcl_03.php,https://biblicalstudies.org.uk/pdf/rcl/15-1_085.pdf,"""Implementing Human Rights:	The Churches' Programme,"" Religion in Communist Lands 15.1 (1987): 85-87. pdf","""Implementing Human Rights:	The Churches' Programme,"" Religion in Communist Lands 15.1 (1987): 85-87. pdf [Reproduced by permission of the current copyright holder]",200,https://biblicalstudies.org.uk/pdf/rcl/15-1_085.pdf,application/pdf,95548,True,9f38c7bed822811c9658b5e75d3a3ce6f0250c7ba782888e04eb536f3b628650
3,https://biblicalstudies.org.uk/articles_rcl_03.php,https://biblicalstudies.org.uk/pdf/rcl/15-1_087.pdf,"""Christians and the Wall,"" Religion in Communist Lands 15.1 (1987): 87-90. pdf","""Christians and the Wall,"" Religion in Communist Lands 15.1 (1987): 87-90. pdf [Reproduced by permission of the current copyright holder]",200,https://biblicalstudies.org.uk/pdf/rcl/15-1_087.pdf,application/pdf,126716,True,6a2ddf2cbd67e6819ba149daf292a27f3a7bc90b58dbfe628a4d47cd66f71579
3,https://biblicalstudies.org.uk/articles_rcl_03.php,https://biblicalstudies.org.uk/pdf/rcl/15-1_090.pdf,"""Leading Lithuanian Priest Killed<"" Religion in Communist Lands 15.1 (1987): 90-91. pdf","""Leading Lithuanian Priest Killed<"" Religion in Communist Lands 15.1 (1987): 90-91. pdf [Reproduced by permission of the current copyright holder]",200,https://biblicalstudies.org.uk/pdf/rcl/15-1_090.pdf,application/pdf,63844,True,783160e1930ee0ff219a74afc6d82f5fbfe66ca3b8bc60164f5aaf0834eceb37
3,https://biblicalstudies.org.uk/articles_rcl_03.php,https://biblicalstudies.org.uk/pdf/rcl/15-1_092.pdf,"""Yugoslav Religious Press,"" Religion in Communist Lands 15.1 (1987): 92-95. pdf","""Yugoslav Religious Press,"" Religion in Communist Lands 15.1 (1987): 92-95. pdf [Reproduced by permission of the current copyright holder]",200,https://biblicalstudies.org.uk/pdf/rcl/15-1_092.pdf,application/pdf,123631,True,12c57b151fe139716a85883340597a2d41f01dd512cfde8521acf74f2c29fb41
3,https://biblicalstudies.org.uk/articles_rcl_03.php,https://biblicalstudies.org.uk/pdf/rcl/15-1_096.pdf,"""Hungarian Documents,"" Religion in Communist Lands 15.1 (1987): 96-101. pdf","""Hungarian Documents,"" Religion in Communist Lands 15.1 (1987): 96-101. pdf [Reproduced by permission of the current copyright holder]",200,https://biblicalstudies.org.uk/pdf/rcl/15-1_096.pdf,application/pdf,193406,True,871a82f1107bb63c13ad74f2ff923ca01a0e4576aefd5e66dd32747b6a6db3ab
3,https://biblicalstudies.org.uk/articles_rcl_03.php,https://biblicalstudies.org.uk/pdf/rcl/15-1_101.pdf,"""Lithuanian Catholic Priests iIn Mass Protest,"" Religion in Communist Lands 15.1 (1987): 101-104. pdf","""Lithuanian Catholic Priests iIn Mass Protest,"" Religion in Communist Lands 15.1 (1987): 101-104. pdf [Reproduced by permission of the current copyright holder]",200,https://biblicalstudies.org.uk/pdf/rcl/15-1_101.pdf,application/pdf,132538,True,d9a81248b17611c1e415febf0b22ac7cfa28e4be05dda8fc49e0c5312b5a8dd4
3,https://biblicalstudies.org.uk/articles_rcl_03.php,https://biblicalstudies.org.uk/pdf/rcl/15-1_105.pdf,"Reviews, 105-118. pdf","Reviews, 105-118. pdf [Reproduced by permission of the current copyright holder]",200,https://biblicalstudies.org.uk/pdf/rcl/15-1_105.pdf,application/pdf,407430,True,057fef56d475199a60fff5240765e206cdd3d082cb2c0638e37cb3cc6143de2b
3,https://biblicalstudies.org.uk/articles_rcl_03.php,https://biblicalstudies.org.uk/pdf/rcl/15-2_122.pdf,"Editorial, 122-123. pdf","Editorial, 122-123. pdf [Reproduced by permission of the current copyright holder]",200,https://biblicalstudies.org.uk/pdf/rcl/15-2_122.pdf,application/pdf,45519,True,676db3ca72c4c7721c41e39ce09f673a181d2dd73667e02af49805ab76ed6420
3,https://biblicalstudies.org.uk/articles_rcl_03.php,https://biblicalstudies.org.uk/pdf/rcl/15-2_124.pdf,"Jonathan Luxmoore, ""The Polish Church under Martial Law,"" Religion in Communist Lands 15.2 (1987): 124-166. pdf","Jonathan Luxmoore, ""The Polish Church under Martial Law,"" Religion in Communist Lands 15.2 (1987): 124-166. pdf [Reproduced by permission of the current copyright holder]",200,https://biblicalstudies.org.uk/pdf/rcl/15-2_124.pdf,application/pdf,1961009,True,cd605dc53101560930ce0c3bc3b5935bc5ef4a43627d2cd3903ec427c8ff3013
3,https://biblicalstudies.org.uk/articles_rcl_03.php,https://biblicalstudies.org.uk/pdf/rcl/15-2_167.pdf,"Irena Korba, ""Five Years Underground: The Opposition and the Church in Poland Since Martial Law,"" Religion in Communist Lands 15.2 (1987): 167-181. pdf","Irena Korba, ""Five Years Underground: The Opposition and the Church in Poland Since Martial Law,"" Religion in Communist Lands 15.2 (1987): 167-181. pdf [Reproduced by permission of the current copyright holder]",200,https://biblicalstudies.org.uk/pdf/rcl/15-2_167.pdf,application/pdf,401982,True,c381af7ce13e54b4f3e379b9e7c8dbcacb9cc24de0062eb1733ecdfa15f9d6bf
3,https://biblicalstudies.org.uk/articles_rcl_03.php,https://biblicalstudies.org.uk/pdf/rcl/15-2_182.pdf,"John Anderson, ""The Campaign That Never Was,"" Religion in Communist Lands 15.2 (1987): 182-189. pdf","John Anderson, ""The Campaign That Never Was,"" Religion in Communist Lands 15.2 (1987): 182-189. pdf [Reproduced by permission of the current copyright holder]",200,https://biblicalstudies.org.uk/pdf/rcl/15-2_182.pdf,application/pdf,199213,True,a0ad762990ffb60c3cb5c6699b7cc54dbc9f7d78877257ed94bf29bb8566b491
3,https://biblicalstudies.org.uk/articles_rcl_03.php,https://biblicalstudies.org.uk/pdf/rcl/15-2_190.pdf,"Comment, 190-192. pdf","Comment, 190-192. pdf [Reproduced by permission of the current copyright holder]",200,https://biblicalstudies.org.uk/pdf/rcl/15-2_190.pdf,application/pdf,69705,True,f79b45692035d0f4bded645ef3ee6b865dafe25d0e7130db0238654e1ab75425
3,https://biblicalstudies.org.uk/articles_rcl_03.php,https://biblicalstudies.org.uk/pdf/rcl/15-2_193.pdf,"""'A Humane Act',"" Religion in Communist Lands 15.2 (1987): 193-195. pdf","""'A Humane Act',"" Religion in Communist Lands 15.2 (1987): 193-195. pdf [Reproduced by permission of the current copyright holder]",200,https://biblicalstudies.org.uk/pdf/rcl/15-2_193.pdf,application/pdf,82072,True,4f24fd9f7e226624abb218cb047d6015d2d8ba13c37fc76c7ad6019e874a1255
3,https://biblicalstudies.org.uk/articles_rcl_03.php,https://biblicalstudies.org.uk/pdf/rcl/15-2_195.pdf,"""Official Celebrations of the Millennium of the Baptism of Kievan Rus',"" Religion in Communist Lands 15.2 (1987): 195-199. pdf","""Official Celebrations of the Millennium of the Baptism of Kievan Rus',"" Religion in Communist Lands 15.2 (1987): 195-199. pdf [Reproduced by permission of the current copyright holder]",200,https://biblicalstudies.org.uk/pdf/rcl/15-2_195.pdf,application/pdf,142437,True,e58a0571c6db58b8c36e398d04251071d539cef8d724845fa10332a7a7b09cba
3,https://biblicalstudies.org.uk/articles_rcl_03.php,https://biblicalstudies.org.uk/pdf/rcl/15-2_200.pdf,"""The Anniversaries of Christianity in the Baltic Republics,"" Religion in Communist Lands 15.2 (1987): 200-203. pdf","""The Anniversaries of Christianity in the Baltic Republics,"" Religion in Communist Lands 15.2 (1987): 200-203. pdf [Reproduced by permission of the current copyright holder]",200,https://biblicalstudies.org.uk/pdf/rcl/15-2_200.pdf,application/pdf,1231828,True,09464acd29b32b00499d84d291b412fcbf00aa2e09fd672ad6d5600b38ba11f1
3,https://biblicalstudies.org.uk/articles_rcl_03.php,https://biblicalstudies.org.uk/pdf/rcl/15-2_204.pdf,"""The Hungarian Minority in Romania,"" Religion in Communist Lands 15.2 (1987): 204-206. pdf","""The Hungarian Minority in Romania,"" Religion in Communist Lands 15.2 (1987): 204-206. pdf [Reproduced by permission of the current copyright holder]",200,https://biblicalstudies.org.uk/pdf/rcl/15-2_204.pdf,application/pdf,89184,True,6951b382ac3505f263bcff59918cf977521189c7e0b4c6d90a74515eea7d9375
3,https://biblicalstudies.org.uk/articles_rcl_03.php,https://biblicalstudies.org.uk/pdf/rcl/15-2_206.pdf,"""'Learning from the Past': Historical Monuments in the USSR,"" Religion in Communist Lands 15.2 (1987): 206-209. pdf","""'Learning from the Past': Historical Monuments in the USSR,"" Religion in Communist Lands 15.2 (1987): 206-209. pdf [Reproduced by permission of the current copyright holder]",200,https://biblicalstudies.org.uk/pdf/rcl/15-2_206.pdf,application/pdf,116880,True,784864544b0ad80a693c990f3bdd6a86e69a1fd212d2845c085e252a6a2732f8
3,https://biblicalstudies.org.uk/articles_rcl_03.php,https://biblicalstudies.org.uk/pdf/rcl/15-2_209.pdf,"""Turkish Muslims in Bulgaria,"" Religion in Communist Lands 15.2 (1987): 209-212. pdf","""Turkish Muslims in Bulgaria,"" Religion in Communist Lands 15.2 (1987): 209-212. pdf [Reproduced by permission of the current copyright holder]",200,https://biblicalstudies.org.uk/pdf/rcl/15-2_209.pdf,application/pdf,116800,True,bdaab6239176f300d0674b39eea9d66091dba462b7789e8c718b0c7dc18a16a4
3,https://biblicalstudies.org.uk/articles_rcl_03.php,https://biblicalstudies.org.uk/pdf/rcl/15-2_213.pdf,"""Supervision of Christianity in the People's Republic of China,"" Religion in Communist Lands 15.2 (1987): 213-217. pdf","""Supervision of Christianity in the People's Republic of China,"" Religion in Communist Lands 15.2 (1987): 213-217. pdf [Reproduced by permission of the current copyright holder]",200,https://biblicalstudies.org.uk/pdf/rcl/15-2_213.pdf,application/pdf,133697,True,43e13fe4ecea083f5f549de68236491e8ea95c6eef68344e107e3d19b6292f0e
3,https://biblicalstudies.org.uk/articles_rcl_03.php,https://biblicalstudies.org.uk/pdf/rcl/15-2_218.pdf,"""The Hungarian Minority in Romania,"" Religion in Communist Lands 15.2 (1987): 218-219. pdf","""The Hungarian Minority in Romania,"" Religion in Communist Lands 15.2 (1987): 218-219. pdf [Reproduced by permission of the current copyright holder]",200,https://biblicalstudies.org.uk/pdf/rcl/15-2_218.pdf,application/pdf,65475,True,2d8ef3720588c60feada714a469c4c681b0c1493cb6846d9c60240549adce236
3,https://biblicalstudies.org.uk/articles_rcl_03.php,https://biblicalstudies.org.uk/pdf/rcl/15-2_239.pdf,"Reviews, 220-239. pdf","Reviews, 220-239. pdf [Reproduced by permission of the current copyright holder]",200,https://biblicalstudies.org.uk/pdf/rcl/15-2_239.pdf,application/pdf,501192,True,d92cfc198e93c8eacfa33743e618c4c983dd8e3296d15986407d09bfeaacf4b4
3,https://biblicalstudies.org.uk/articles_rcl_03.php,https://biblicalstudies.org.uk/pdf/rcl/15-3_242.pdf,"Editorial, 242-243. pdf","Editorial, 242-243. pdf [Reproduced by permission of the current copyright holder]",200,https://biblicalstudies.org.uk/pdf/rcl/15-3_242.pdf,application/pdf,83492,True,6bcf1efc2130413d3665890de72a3b2d5db445b693060fb82f2f17a0b95967be
3,https://biblicalstudies.org.uk/articles_rcl_03.php,https://biblicalstudies.org.uk/pdf/rcl/15-3_244.pdf,"Muriel Heppell, ""The Baptism of Rus',"" Religion in Communist Lands 15.3 (1987): 244-256. pdf","Muriel Heppell, ""The Baptism of Rus',"" Religion in Communist Lands 15.3 (1987): 244-256. pdf [Reproduced by permission of the current copyright holder]",200,https://biblicalstudies.org.uk/pdf/rcl/15-3_244.pdf,application/pdf,625076,True,416f0caf2bd72d57de7101743d2a205c49bd077fee69c2b2b2337cf0a8a60133
3,https://biblicalstudies.org.uk/articles_rcl_03.php,https://biblicalstudies.org.uk/pdf/rcl/15-3_257.pdf,"Andrew Sorokowski, ""The Millennium: A Ukrainian Perspective,"" Religion in Communist Lands 15.3 (1987): 257-263. pdf","Andrew Sorokowski, ""The Millennium: A Ukrainian Perspective,"" Religion in Communist Lands 15.3 (1987): 257-263. pdf [Reproduced by permission of the current copyright holder]",200,https://biblicalstudies.org.uk/pdf/rcl/15-3_257.pdf,application/pdf,316390,True,e9624594e7065fc527fe0faedc0c37984e25c76ec2a95069732f0217862ed373
3,https://biblicalstudies.org.uk/articles_rcl_03.php,https://biblicalstudies.org.uk/pdf/rcl/15-3_264.pdf,"William Van Den Bercken, ""Holy Russia and the Soviet Fatherland,"" Religion in Communist Lands 15.3 (1987): 264-277. pdf","William Van Den Bercken, ""Holy Russia and the Soviet Fatherland,"" Religion in Communist Lands 15.3 (1987): 264-277. pdf [Reproduced by permission of the current copyright holder]",200,https://biblicalstudies.org.uk/pdf/rcl/15-3_264.pdf,application/pdf,378879,True,2212696dba14c1dcfc81caeb1d75e03957ca31d40cfed64af3d26e43470231ee
3,https://biblicalstudies.org.uk/articles_rcl_03.php,https://biblicalstudies.org.uk/pdf/rcl/15-3_278.pdf,"Coelestin Patock, OSA, ""The Bishops of the Moscow Patriarchate Today,"" Religion in Communist Lands 15.3 (1987): 278-290. pdf","Coelestin Patock, OSA, ""The Bishops of the Moscow Patriarchate Today,"" Religion in Communist Lands 15.3 (1987): 278-290. pdf [Reproduced by permission of the current copyright holder]",200,https://biblicalstudies.org.uk/pdf/rcl/15-3_278.pdf,application/pdf,960564,True,454b911e166f681b284add546dc2ce2b66b142d503c48ced60f982b018c64601
3,https://biblicalstudies.org.uk/articles_rcl_03.php,https://biblicalstudies.org.uk/pdf/rcl/15-3_291.pdf,"Dimitry Pospielovsky, ""Russian Nationalism and the Orthodox Revival,"" Religion in Communist Lands 15.3 (1987): 291-309. pdf","Dimitry Pospielovsky, ""Russian Nationalism and the Orthodox Revival,"" Religion in Communist Lands 15.3 (1987): 291-309. pdf [Reproduced by permission of the current copyright holder]",200,https://biblicalstudies.org.uk/pdf/rcl/15-3_291.pdf,application/pdf,582658,True,b252bdeb581da8e48d6c423ce66a301a216a1f8b799f05945da844d924b071f1
3,https://biblicalstudies.org.uk/articles_rcl_03.php,https://biblicalstudies.org.uk/pdf/rcl/15-3_310.pdf,"Theses, 310-317. pdf","Theses, 310-317. pdf [Reproduced by permission of the current copyright holder]",200,https://biblicalstudies.org.uk/pdf/rcl/15-3_310.pdf,application/pdf,195375,True,5fabf86042f4077b9f0a3900efaccdb84bdda3277964cc0e20a50fc59a78c86f
3,https://biblicalstudies.org.uk/articles_rcl_03.php,https://biblicalstudies.org.uk/pdf/rcl/15-3_318.pdf,"""Legal Changes for Russian Orthodox Church?"" Religion in Communist Lands 15.3 (1987): 318-320. pdf","""Legal Changes for Russian Orthodox Church?"" Religion in Communist Lands 15.3 (1987): 318-320. pdf [Reproduced by permission of the current copyright holder]",200,https://biblicalstudies.org.uk/pdf/rcl/15-3_318.pdf,application/pdf,142952,True,1605ca703d842c1ce82e1609e6f6d822c7176af7fcbede781310c5b8b6bcf9c0
3,https://biblicalstudies.org.uk/articles_rcl_03.php,https://biblicalstudies.org.uk/pdf/rcl/15-3_320.pdf,"""Gorbachev: Hopes and Fears,"" Religion in Communist Lands 15.3 (1987): 320-323. pdf","""Gorbachev: Hopes and Fears,"" Religion in Communist Lands 15.3 (1987): 320-323. pdf [Reproduced by permission of the current copyright holder]",200,https://biblicalstudies.org.uk/pdf/rcl/15-3_320.pdf,application/pdf,442812,True,51547b319737af6ecde1c8d1f80ba04031ec28ea3e649a087af428e5efc3d5ac
3,https://biblicalstudies.org.uk/articles_rcl_03.php,https://biblicalstudies.org.uk/pdf/rcl/15-3_323.pdf,"""Amnesty to Mark The 70th Anniversary of the October Revolution,"" Religion in Communist Lands 15.3 (1987): 323-325. pdf","""Amnesty to Mark The 70th Anniversary of the October Revolution,"" Religion in Communist Lands 15.3 (1987): 323-325. pdf [Reproduced by permission of the current copyright holder]",200,https://biblicalstudies.org.uk/pdf/rcl/15-3_323.pdf,application/pdf,156858,True,7175d7e822ae6959e599e94d5cd6c67f50eaa8ddfe5470d4d292d1545ab1feb2
3,https://biblicalstudies.org.uk/articles_rcl_03.php,https://biblicalstudies.org.uk/pdf/rcl/15-3_325.pdf,"""Atheism in The Eighties: A New Look,"" Religion in Communist Lands 15.3 (1987): 325-328. pdf","""Atheism in The Eighties: A New Look,"" Religion in Communist Lands 15.3 (1987): 325-328. pdf [Reproduced by permission of the current copyright holder]",200,https://biblicalstudies.org.uk/pdf/rcl/15-3_325.pdf,application/pdf,221573,True,24d8f73deceb2f622aea6d8956cef7872e9d2dccc291d369a6853553cb8a898f
3,https://biblicalstudies.org.uk/articles_rcl_03.php,https://biblicalstudies.org.uk/pdf/rcl/15-3_328.pdf,"""Warsaw and the Vatican,"" Religion in Communist Lands 15.3 (1987): 328-330. pdf","""Warsaw and the Vatican,"" Religion in Communist Lands 15.3 (1987): 328-330. pdf [Reproduced by permission of the current copyright holder]",200,https://biblicalstudies.org.uk/pdf/rcl/15-3_328.pdf,application/pdf,152845,True,2a3c07da8fa2ae752f5840ac72aaeab82c384c70693d3e0f3c4e30c1a2679f67
3,https://biblicalstudies.org.uk/articles_rcl_03.php,https://biblicalstudies.org.uk/pdf/rcl/15-3_330.pdf,"""Major Church Events in the GDR (Summer 1987),"" Religion in Communist Lands 15.3 (1987): 330-332. pdf","""Major Church Events in the GDR (Summer 1987),"" Religion in Communist Lands 15.3 (1987): 330-332. pdf [Reproduced by permission of the current copyright holder]",200,https://biblicalstudies.org.uk/pdf/rcl/15-3_330.pdf,application/pdf,153362,True,ea72ba1e81921c550383ca0cd1a792f642f51a57a9eb159e1cdc1c90f13a2b75
3,https://biblicalstudies.org.uk/articles_rcl_03.php,https://biblicalstudies.org.uk/pdf/rcl/15-3_332.pdf,"""Conscientious Objection: The Situation in Yugoslavia,"" Religion in Communist Lands 15.3 (1987): 332-335. pdf","""Conscientious Objection: The Situation in Yugoslavia,"" Religion in Communist Lands 15.3 (1987): 332-335. pdf [Reproduced by permission of the current copyright holder]",200,https://biblicalstudies.org.uk/pdf/rcl/15-3_332.pdf,application/pdf,202451,True,9201e92da84317dab01946ed3a2b7295d85914670e85e41bf79a573bc8efb56d
3,https://biblicalstudies.org.uk/articles_rcl_03.php,https://biblicalstudies.org.uk/pdf/rcl/15-3_335.pdf,"""'The Role of Religion in our Society',"" "" Religion in Communist Lands 15.3 (1987): 335-339. pdf","""'The Role of Religion in our Society',"" "" Religion in Communist Lands 15.3 (1987): 335-339. pdf [Reproduced by permission of the current copyright holder]",200,https://biblicalstudies.org.uk/pdf/rcl/15-3_335.pdf,application/pdf,239859,True,df52e5d640f49dc4f76ba72aaa3d6aab52a7c13456fcd6065ed1d2177a9bd2bd
3,https://biblicalstudies.org.uk/articles_rcl_03.php,https://biblicalstudies.org.uk/pdf/rcl/15-3_340.pdf,"""Latvians Defend Dismissed Pastor,"" Religion in Communist Lands 15.3 (1987): 340-345. pdf","""Latvians Defend Dismissed Pastor,"" Religion in Communist Lands 15.3 (1987): 340-345. pdf [Reproduced by permission of the current copyright holder]",200,https://biblicalstudies.org.uk/pdf/rcl/15-3_340.pdf,application/pdf,170680,True,29f9b0b74af1d9cb93997d11ecb1493992ec4c6e31f71337e587827f40c76b26
3,https://biblicalstudies.org.uk/articles_rcl_03.php,https://biblicalstudies.org.uk/pdf/rcl/15-3_346.pdf,"""Vatican Condemnation of Buldnyi's Teachings,"" Religion in Communist Lands 15.3 (1987): 346-350. pdf","""Vatican Condemnation of Buldnyi's Teachings,"" Religion in Communist Lands 15.3 (1987): 346-350. pdf [Reproduced by permission of the current copyright holder]",200,https://biblicalstudies.org.uk/pdf/rcl/15-3_346.pdf,application/pdf,245527,True,788e93507c9b5d3799d9209b70940adeaafbc48091d389e898b953bedfa4a76d
3,https://biblicalstudies.org.uk/articles_rcl_03.php,https://biblicalstudies.org.uk/pdf/rcl/15-3_351.pdf,"Comment, 351-352. pdf","Comment, 351-352. pdf [Reproduced by permission of the current copyright holder]",200,https://biblicalstudies.org.uk/pdf/rcl/15-3_351.pdf,application/pdf,40987,True,d05518e1b20774a1a0e9e2385285e4f69665bf9d31ffda9f29c673570ea8dc72
3,https://biblicalstudies.org.uk/articles_rcl_03.php,https://biblicalstudies.org.uk/pdf/rcl/15-3_353.pdf,"Reviews, 353-359. pdf","Reviews, 353-359. pdf [Reproduced by permission of the current copyright holder]",200,https://biblicalstudies.org.uk/pdf/rcl/15-3_353.pdf,application/pdf,208857,True,7738760732487ce898608ca9c0167a45ba4b021e29542e22ebc0e5fd256cf2ee
4,https://biblicalstudies.org.uk/articles_rcl_04.php,https://biblicalstudies.org.uk/pdf/rcl/16-1_002.pdf,"Editorial,	2-3. pdf","Editorial,	2-3. pdf [Reproduced by kind permission of the copyright holder]",200,https://biblicalstudies.org.uk/pdf/rcl/16-1_002.pdf,application/pdf,88029,True,dc19183533562b83a0d3e91f896ef04c2f35dd364f04d4ba3cb86918d6dc5f1b
4,https://biblicalstudies.org.uk/articles_rcl_04.php,https://biblicalstudies.org.uk/pdf/rcl/16-1_004.pdf,"Gareth Davies, ""Conscientious Objection and the Freedom and Peace	Movement in Poland,"" Religion in Communist Lands 16.1 (1988): 4-20. pdf","Gareth Davies, ""Conscientious Objection and the Freedom and Peace	Movement in Poland,"" Religion in Communist Lands 16.1 (1988): 4-20. pdf [Reproduced by kind permission of the copyright holder]",200,https://biblicalstudies.org.uk/pdf/rcl/16-1_004.pdf,application/pdf,1125632,True,2afc13acf1f962e8b693760d51d496bf8ef0ba02ff8b80834b3a4b1f45f4128b
4,https://biblicalstudies.org.uk/articles_rcl_04.php,https://biblicalstudies.org.uk/pdf/rcl/16-1_021.pdf,"G.R. Urban, ""Saints and Barbarians,"" Religion in Communist Lands 16.1 (1988): 21-25. pdf","G.R. Urban, ""Saints and Barbarians,"" Religion in Communist Lands 16.1 (1988): 21-25. pdf [Reproduced by kind permission of the copyright holder]",200,https://biblicalstudies.org.uk/pdf/rcl/16-1_021.pdf,application/pdf,198875,True,9a75f9ed3c5d235cb9d7842c8cd46bffd602aca0d4522fb76e885a644a3ce757
4,https://biblicalstudies.org.uk/articles_rcl_04.php,https://biblicalstudies.org.uk/pdf/rcl/16-1_026.pdf,"Arvan Gordon, ""The New Apostolic Church: The GDR's Third Largest	Religious Community,"" Religion in Communist Lands 16.1 (1988): 26-35. pdf","Arvan Gordon, ""The New Apostolic Church: The GDR's Third Largest	Religious Community,"" Religion in Communist Lands 16.1 (1988): 26-35. pdf [Reproduced by kind permission of the copyright holder]",200,https://biblicalstudies.org.uk/pdf/rcl/16-1_026.pdf,application/pdf,416484,True,a145db73d335b808015cd9382b8911887efb9a94a97733d9b1a801483fbc4802
4,https://biblicalstudies.org.uk/articles_rcl_04.php,https://biblicalstudies.org.uk/pdf/rcl/16-1_036.pdf,"Peter J.S. Duncan, "" The Fate, of Russian Nationalism: The Samizdat Journal Veche Revisited,"" Religion in Communist Lands 16.1 (1988): 36-53. pdf","Peter J.S. Duncan, "" The Fate, of Russian Nationalism: The Samizdat Journal Veche Revisited,"" Religion in Communist Lands 16.1 (1988): 36-53. pdf [Reproduced by kind permission of the copyright holder]",200,https://biblicalstudies.org.uk/pdf/rcl/16-1_036.pdf,application/pdf,1152058,True,0b282ef9086df349fe3d1e07079ca7bcebeb4b046a67fabce46853c84465b4e7
4,https://biblicalstudies.org.uk/articles_rcl_04.php,https://biblicalstudies.org.uk/pdf/rcl/16-1_054.pdf,"Biblia: Válogatás A Vizsolyi Bibliábol; József Fodor, Vallási Kisközösségek Magyarországon ; Neal Ascherson, The Struggles For Poland ; Human Rights in Yugoslavia , Edited By Oskar Gruenwald and Karen Rosenblum-Cale; Bogoljub Kocovic, Zrtve Drugog Svetskog Rata u Jugoslaviji ; Britt E. Towery, Jr., The Churches of China ; Olivier Roy, Islam and Resistance in Afghanistan ; Metropolitan Nikodim (Rotov) of Leningrad and Novgorod, Ioann XXIII - Pobornik Edinstva Khristian ; Nijole Sadunaite, A Radiance in the Gulag; Der Geistliche und seine Gemeinde in Osteuropa, Edited By Wolfgang Kasack, 54-75. pdf","Biblia: Válogatás A Vizsolyi Bibliábol; József Fodor, Vallási Kisközösségek Magyarországon ; Neal Ascherson, The Struggles For Poland ; Human Rights in Yugoslavia , Edited By Oskar Gruenwald and Karen Rosenblum-Cale; Bogoljub Kocovic, Zrtve Drugog Svetskog Rata u Jugoslaviji ; Britt E. Towery, Jr., The Churches of China ; Olivier Roy, Islam and Resistance in Afghanistan ; Metropolitan Nikodim (Rotov) of Leningrad and Novgorod, Ioann XXIII - Pobornik Edinstva Khristian ; Nijole Sadunaite, A Radiance in the Gulag; Der Geistliche und seine Gemeinde in Osteuropa, Edited By Wolfgang Kasack, 54-75. pdf [Reproduced by kind permission of the copyright holder]",200,https://biblicalstudies.org.uk/pdf/rcl/16-1_054.pdf,application/pdf,879116,True,995a8dc57844b92c78b6f066596b6cc248acc44dc235c0e7274c0fae3aead92f
4,https://biblicalstudies.org.uk/articles_rcl_04.php,https://biblicalstudies.org.uk/pdf/rcl/16-1_076.pdf,"""Soviet Press: Believers in a Positive Light,"" Religion in Communist Lands 16.1 (1988): 76-78. pdf","""Soviet Press: Believers in a Positive Light,"" Religion in Communist Lands 16.1 (1988): 76-78. pdf [Reproduced by kind permission of the copyright holder]",200,https://biblicalstudies.org.uk/pdf/rcl/16-1_076.pdf,application/pdf,135940,True,5c32480397608af3cdd6034175f01dd2ac9049d1574a01045487ae8acf05da49
4,https://biblicalstudies.org.uk/articles_rcl_04.php,https://biblicalstudies.org.uk/pdf/rcl/16-1_078.pdf,"""Religious Believers and the New Soviet Emigration,"" Religion in Communist Lands 16.1 (1988): 78-80. pdf","""Religious Believers and the New Soviet Emigration,"" Religion in Communist Lands 16.1 (1988): 78-80. pdf [Reproduced by kind permission of the copyright holder]",200,https://biblicalstudies.org.uk/pdf/rcl/16-1_078.pdf,application/pdf,148070,True,b2c03f7a7d4a3b65ca50f6f380b1e65ce1e0629c6cf7725ceb9a6e3b0b7679ef
4,https://biblicalstudies.org.uk/articles_rcl_04.php,https://biblicalstudies.org.uk/pdf/rcl/16-1_080.pdf,"""The Catholic Church in Vietnam,"" Religion in Communist Lands 16.1 (1988): 80-83. pdf","""The Catholic Church in Vietnam,"" Religion in Communist Lands 16.1 (1988): 80-83. pdf [Reproduced by kind permission of the copyright holder]",200,https://biblicalstudies.org.uk/pdf/rcl/16-1_080.pdf,application/pdf,204981,True,b7f00a07429df36ac7aed096ee0ce38cb440fbfc12973dc65c630d7a814cf800
4,https://biblicalstudies.org.uk/articles_rcl_04.php,https://biblicalstudies.org.uk/pdf/rcl/16-1_084.pdf,"""Yugoslav Press on Religion,"" Religion in Communist Lands 16.1 (1988): 84-89. pdf","""Yugoslav Press on Religion,"" Religion in Communist Lands 16.1 (1988): 84-89. pdf [Reproduced by kind permission of the copyright holder]",200,https://biblicalstudies.org.uk/pdf/rcl/16-1_084.pdf,application/pdf,209087,True,9351fe359e732aa17ffddf32137c4a2177ccde1372b3b2bb75bd36a9c1108089
4,https://biblicalstudies.org.uk/articles_rcl_04.php,https://biblicalstudies.org.uk/pdf/rcl/16-1_089.pdf,"""Atheism in the Kindergarten (Bulgaria),"" Religion in Communist Lands 16.1 (1988): 89-92. pdf","""Atheism in the Kindergarten (Bulgaria),"" Religion in Communist Lands 16.1 (1988): 89-92. pdf [Reproduced by kind permission of the copyright holder]",200,https://biblicalstudies.org.uk/pdf/rcl/16-1_089.pdf,application/pdf,194799,True,09112a1ae1823d694782983359dd9f679e04d7c3bf746af2ea32c67baa0efc96
4,https://biblicalstudies.org.uk/articles_rcl_04.php,https://biblicalstudies.org.uk/pdf/rcl/16-1_092.pdf,"""Buldnyi Replies to the Vatican,"" Religion in Communist Lands 16.1 (1988): 92-95. pdf","""Buldnyi Replies to the Vatican,"" Religion in Communist Lands 16.1 (1988): 92-95. pdf [Reproduced by kind permission of the copyright holder]",200,https://biblicalstudies.org.uk/pdf/rcl/16-1_092.pdf,application/pdf,220056,True,7611f1951c248ef6405289f21f6f985567596b68d60ccf7fc25b967de3601d3f
4,https://biblicalstudies.org.uk/articles_rcl_04.php,https://biblicalstudies.org.uk/pdf/rcl/16-2_098.pdf,"Editorial, 98-99. pdf","Editorial, 98-99. pdf [Reproduced by kind permission of the copyright holder]",200,https://biblicalstudies.org.uk/pdf/rcl/16-2_098.pdf,application/pdf,74168,True,8fb4571ddee25967e5c461a5fd556e707d7c84e866edcc4e99780942c75bfa80
4,https://biblicalstudies.org.uk/articles_rcl_04.php,https://biblicalstudies.org.uk/pdf/rcl/16-2_100.pdf,"John B. Dunlop, ""The Russian Orthodox Church in the Millennium Year: What it Needs from the Soviet State,"" Religion in Communist Lands 16.2 (1988): 100-116. pdf","John B. Dunlop, ""The Russian Orthodox Church in the Millennium Year: What it Needs from the Soviet State,"" Religion in Communist Lands 16.2 (1988): 100-116. pdf [Reproduced by kind permission of the copyright holder]",200,https://biblicalstudies.org.uk/pdf/rcl/16-2_100.pdf,application/pdf,484510,True,39b01646f07e01346027a0ef0c4233a0dac2dcd0fb3f9f3d9f4c4560b1e2085e
4,https://biblicalstudies.org.uk/articles_rcl_04.php,https://biblicalstudies.org.uk/pdf/rcl/16-2_117.pdf,"Mary Seton-Watson, "" Religious Themes in Recent Soviet Literature,"" Religion in Communist Lands 16.2 (1988): 117-125. pdf","Mary Seton-Watson, "" Religious Themes in Recent Soviet Literature,"" Religion in Communist Lands 16.2 (1988): 117-125. pdf [Reproduced by kind permission of the copyright holder]",200,https://biblicalstudies.org.uk/pdf/rcl/16-2_117.pdf,application/pdf,232976,True,74f2c8d663334d24a11e51a4a0fc258722bd6608a5487d00f99766a507a3629f
4,https://biblicalstudies.org.uk/articles_rcl_04.php,https://biblicalstudies.org.uk/pdf/rcl/16-2_126.pdf,"Albrecht Schönherr, ""Ten Years on: The Church-State Discussions of March 1978 in the GDR,"" Religion in Communist Lands 16.2 (1988): 126-134. pdf","Albrecht Schönherr, ""Ten Years on: The Church-State Discussions of March 1978 in the GDR,"" Religion in Communist Lands 16.2 (1988): 126-134. pdf [Reproduced by kind permission of the copyright holder]",200,https://biblicalstudies.org.uk/pdf/rcl/16-2_126.pdf,application/pdf,220599,True,b506508d6800a3d0fc16123777b299fe3c99d523e7e13b9d702bdcfe4e6e1e93
4,https://biblicalstudies.org.uk/articles_rcl_04.php,https://biblicalstudies.org.uk/pdf/rcl/16-2_135.pdf,"William H. Newell, ""Limitations on the Right to Believe on the Chinese Mainland,"" Religion in Communist Lands 16.2 (1988): 135-145. pdf","William H. Newell, ""Limitations on the Right to Believe on the Chinese Mainland,"" Religion in Communist Lands 16.2 (1988): 135-145. pdf [Reproduced by kind permission of the copyright holder]",200,https://biblicalstudies.org.uk/pdf/rcl/16-2_135.pdf,application/pdf,685871,True,6a2d9b4d6289d9591bb82d7a76b77b404f0a7653842ad0a528cefd0e368e0bea
4,https://biblicalstudies.org.uk/articles_rcl_04.php,https://biblicalstudies.org.uk/pdf/rcl/16-2_146.pdf,"""'Competition For Hearts and Minds',"" Religion in Communist Lands 16.2 (1988): 146-153. pdf","""'Competition For Hearts and Minds',"" Religion in Communist Lands 16.2 (1988): 146-153. pdf [Reproduced by kind permission of the copyright holder]",200,https://biblicalstudies.org.uk/pdf/rcl/16-2_146.pdf,application/pdf,191524,True,9e108f53d6b59de0d44478e1c110de549bea7fbfc4d882d74613262bb3469adb
4,https://biblicalstudies.org.uk/articles_rcl_04.php,https://biblicalstudies.org.uk/pdf/rcl/16-2_154.pdf,"Vilmos Vajta, Die Diakonische Theologie Im Gesellschaftssystem Ungarns ; Kim-Kwong Chan, Towards A Contextual Ecclesiology: The Catholic Church in the People's Republic of China (1979-1983): its Life and Theological Implications , 154-161. pdf","Vilmos Vajta, Die Diakonische Theologie Im Gesellschaftssystem Ungarns ; Kim-Kwong Chan, Towards A Contextual Ecclesiology: The Catholic Church in the People's Republic of China (1979-1983): its Life and Theological Implications , 154-161. pdf [Reproduced by kind permission of the copyright holder]",200,https://biblicalstudies.org.uk/pdf/rcl/16-2_154.pdf,application/pdf,220629,True,53d5a9e9cc2577e58997f8f45ba0492223381f308bc427f25ced90d44fe4562b
4,https://biblicalstudies.org.uk/articles_rcl_04.php,https://biblicalstudies.org.uk/pdf/rcl/16-2_162.pdf,"""Petition For Religious Freedom in Czechoslovakia,"" Religion in Communist Lands 16.2 (1988): 162-164. pdf","""Petition For Religious Freedom in Czechoslovakia,"" Religion in Communist Lands 16.2 (1988): 162-164. pdf [Reproduced by kind permission of the copyright holder]",200,https://biblicalstudies.org.uk/pdf/rcl/16-2_162.pdf,application/pdf,93552,True,8161aba0ed883e9247f382fd5475225bf338bbc41d4b27d2b76ce562a7aa8cba
4,https://biblicalstudies.org.uk/articles_rcl_04.php,https://biblicalstudies.org.uk/pdf/rcl/16-2_164.pdf,"""A New Primate: A New Policy?"" Religion in Communist Lands 16.2 (1988): 164-168. pdf","""A New Primate: A New Policy?"" Religion in Communist Lands 16.2 (1988): 164-168. pdf [Reproduced by kind permission of the copyright holder]",200,https://biblicalstudies.org.uk/pdf/rcl/16-2_164.pdf,application/pdf,153343,True,3a8e20ac9969e55a172d4e04e37ffe135dcc58bbf56b12dba3a4a8b0d7692030
4,https://biblicalstudies.org.uk/articles_rcl_04.php,https://biblicalstudies.org.uk/pdf/rcl/16-2_168.pdf,"""News of Chinese Churchmen,"" Religion in Communist Lands 16.2 (1988): 168. pdf","""News of Chinese Churchmen,"" Religion in Communist Lands 16.2 (1988): 168. pdf [Reproduced by kind permission of the copyright holder]",200,https://biblicalstudies.org.uk/pdf/rcl/16-2_168.pdf,application/pdf,34956,True,1cd89007bd6720ab6ea0bac9bf1adf2bf3b339fe1197943b556d92070064eed1
4,https://biblicalstudies.org.uk/articles_rcl_04.php,https://biblicalstudies.org.uk/pdf/rcl/16-2_169.pdf,"""Religion in Kampuchea,"" Religion in Communist Lands 16.2 (1988): 169-170. pdf","""Religion in Kampuchea,"" Religion in Communist Lands 16.2 (1988): 169-170. pdf [Reproduced by kind permission of the copyright holder]",200,https://biblicalstudies.org.uk/pdf/rcl/16-2_169.pdf,application/pdf,66696,True,dfacfd66c4cffb66f8ee7ef13a0f47560173e43d68eb6d3b241f6115fc60d021
4,https://biblicalstudies.org.uk/articles_rcl_04.php,https://biblicalstudies.org.uk/pdf/rcl/16-2_171.pdf,"""Religious Believers in the USSR and the Need for Bibles,"" Religion in Communist Lands 16.2 (1988): 171-178. pdf","""Religious Believers in the USSR and the Need for Bibles,"" Religion in Communist Lands 16.2 (1988): 171-178. pdf [Reproduced by kind permission of the copyright holder]",200,https://biblicalstudies.org.uk/pdf/rcl/16-2_171.pdf,application/pdf,842517,True,64674d5c4d833abfd872ee527a408a1d75339836c3f4e3f356c9044f1e29119a
4,https://biblicalstudies.org.uk/articles_rcl_04.php,https://biblicalstudies.org.uk/pdf/rcl/16-2_179.pdf,"""The Religious Policy of the Hungarian Government,"" Religion in Communist Lands 16.2 (1988): 179-186. pdf","""The Religious Policy of the Hungarian Government,"" Religion in Communist Lands 16.2 (1988): 179-186. pdf [Reproduced by kind permission of the copyright holder]",200,https://biblicalstudies.org.uk/pdf/rcl/16-2_179.pdf,application/pdf,238122,True,7e92ae1bdd6220f902937d86dfc781dabb2a4af2968a56ceced7bcc81ea4d491
4,https://biblicalstudies.org.uk/articles_rcl_04.php,https://biblicalstudies.org.uk/pdf/rcl/16-2_186.pdf,"""The Problems of the Family in a Totalitarian State,"" Religion in Communist Lands 16.2 (1988): 186-190. pdf","""The Problems of the Family in a Totalitarian State,"" Religion in Communist Lands 16.2 (1988): 186-190. pdf [Reproduced by kind permission of the copyright holder]",200,https://biblicalstudies.org.uk/pdf/rcl/16-2_186.pdf,application/pdf,177272,True,d35843406fe306a7a984d75bd5cc0748314915b716c8151fb72a327cab2f2826
4,https://biblicalstudies.org.uk/articles_rcl_04.php,https://biblicalstudies.org.uk/pdf/rcl/16-3_194.pdf,"Editorial, 194-195. pdf","Editorial, 194-195. pdf [Reproduced by kind permission of the copyright holder]",200,https://biblicalstudies.org.uk/pdf/rcl/16-3_194.pdf,application/pdf,82453,True,7424395ffdc2cd84b018cad9e1f7481e467a7aa61fb16748ec942a9ede01356a
4,https://biblicalstudies.org.uk/articles_rcl_04.php,https://biblicalstudies.org.uk/pdf/rcl/16-3_196.pdf,"Grazyna Sikorska, ""The Polish Roman Catholic Church and the Fate of Former Lutheran Churches in the 'Recovered Lands',"" Religion in Communist Lands 16.3 (1988): 196-209. pdf","Grazyna Sikorska, ""The Polish Roman Catholic Church and the Fate of Former Lutheran Churches in the 'Recovered Lands',"" Religion in Communist Lands 16.3 (1988): 196-209. pdf [Reproduced by kind permission of the copyright holder]",200,https://biblicalstudies.org.uk/pdf/rcl/16-3_196.pdf,application/pdf,610843,True,e5cd6d648ac38ba23c8f6359bac63f438098f9e9162e2aea97cc85a14ff1ced0
4,https://biblicalstudies.org.uk/articles_rcl_04.php,https://biblicalstudies.org.uk/pdf/rcl/16-3_210.pdf,"John B. Dunlop, ""Religious Themes in Recent Soviet Cinema,"" Religion in Communist Lands 16.3 (1988): 210-226. pdf","John B. Dunlop, ""Religious Themes in Recent Soviet Cinema,"" Religion in Communist Lands 16.3 (1988): 210-226. pdf [Reproduced by kind permission of the copyright holder]",200,https://biblicalstudies.org.uk/pdf/rcl/16-3_210.pdf,application/pdf,1091177,True,f49db1056ab13af6645efac53ab325288514bd0811a6c5d5bb1f56c0965a6273
4,https://biblicalstudies.org.uk/articles_rcl_04.php,https://biblicalstudies.org.uk/pdf/rcl/16-3_227.pdf,"Irena Maryniak, ""Truthseekers, Godbuilders or Culture Vultures? Some Supplementary Remarks on Religious Perspectives in Modern Soviet Literature,"" Religion in Communist Lands 16.3 (1988): 227-236. pdf","Irena Maryniak, ""Truthseekers, Godbuilders or Culture Vultures? Some Supplementary Remarks on Religious Perspectives in Modern Soviet Literature,"" Religion in Communist Lands 16.3 (1988): 227-236. pdf [Reproduced by kind permission of the copyright holder]",200,https://biblicalstudies.org.uk/pdf/rcl/16-3_227.pdf,application/pdf,405640,True,0a0f128ae69e0abc3c678a99a302afcd16460c36275b1de514b23a543a644d61
4,https://biblicalstudies.org.uk/articles_rcl_04.php,https://biblicalstudies.org.uk/pdf/rcl/16-3_237.pdf,"Marite Sapiets, ""'Rebirth And Renewal' in the Latvian Lutheran Church,"" Religion in Communist Lands 16.3 (1988): 237-249. pdf","Marite Sapiets, ""'Rebirth And Renewal' in the Latvian Lutheran Church,"" Religion in Communist Lands 16.3 (1988): 237-249. pdf [Reproduced by kind permission of the copyright holder]",200,https://biblicalstudies.org.uk/pdf/rcl/16-3_237.pdf,application/pdf,567576,True,e87ab551f93750a900affcd60ac0de311115235aacb0e0aeab6659962ab64302
4,https://biblicalstudies.org.uk/articles_rcl_04.php,https://biblicalstudies.org.uk/pdf/rcl/16-3_250.pdf,"Comment, 250-251. pdf","Comment, 250-251. pdf [Reproduced by kind permission of the copyright holder]",200,https://biblicalstudies.org.uk/pdf/rcl/16-3_250.pdf,application/pdf,48401,True,a876139430eaf9488f6d5d1262f6676814c56ab03b5b1ddc93aae1a2b058e5db
4,https://biblicalstudies.org.uk/articles_rcl_04.php,https://biblicalstudies.org.uk/pdf/rcl/16-3_252.pdf,"""Protests in Armenia,"" Religion in Communist Lands 16.3 (1988): 252-254. pdf","""Protests in Armenia,"" Religion in Communist Lands 16.3 (1988): 252-254. pdf [Reproduced by kind permission of the copyright holder]",200,https://biblicalstudies.org.uk/pdf/rcl/16-3_252.pdf,application/pdf,91281,True,c8e55b49b9effc0b5660d4ae736888ec7b93b45bcee014c6aef199ee65cdd92f
4,https://biblicalstudies.org.uk/articles_rcl_04.php,https://biblicalstudies.org.uk/pdf/rcl/16-3_254.pdf,"""Refugees From Romania in Hungary,"" Religion in Communist Lands 16.3 (1988): 254-256. pdf","""Refugees From Romania in Hungary,"" Religion in Communist Lands 16.3 (1988): 254-256. pdf [Reproduced by kind permission of the copyright holder]",200,https://biblicalstudies.org.uk/pdf/rcl/16-3_254.pdf,application/pdf,96284,True,7722c2953781764a2bb9059f7c43c46f7edef046487c948fb64c702f548ada3e
4,https://biblicalstudies.org.uk/articles_rcl_04.php,https://biblicalstudies.org.uk/pdf/rcl/16-3_256.pdf,"""Anniversary of the Warsaw Ghetto Uprising,"" Religion in Communist Lands 16.3 (1988): 256-259. pdf","""Anniversary of the Warsaw Ghetto Uprising,"" Religion in Communist Lands 16.3 (1988): 256-259. pdf [Reproduced by kind permission of the copyright holder]",200,https://biblicalstudies.org.uk/pdf/rcl/16-3_256.pdf,application/pdf,551602,True,842ab93fc6e0c0c3f981d0949d022cae6e1bcd8d011a41bfa5e173943ddd5434
4,https://biblicalstudies.org.uk/articles_rcl_04.php,https://biblicalstudies.org.uk/pdf/rcl/16-3_260.pdf,"""An Address by Bishop Leich: Two Versions,"" Religion in Communist Lands 16.3 (1988): 260-265. pdf","""An Address by Bishop Leich: Two Versions,"" Religion in Communist Lands 16.3 (1988): 260-265. pdf [Reproduced by kind permission of the copyright holder]",200,https://biblicalstudies.org.uk/pdf/rcl/16-3_260.pdf,application/pdf,264104,True,062a14c532a2aab0b9724808369bd087371f105984f6d0b7597b35c91d12bb3c
4,https://biblicalstudies.org.uk/articles_rcl_04.php,https://biblicalstudies.org.uk/pdf/rcl/16-3_266.pdf,"Laszlo Ladany, The Catholic Church in China; Antoine Wenger, Rome et Moscow 1900-1950 ; Israel Tayar, Sinagoga — Razgromlennaya no nepokoryonnaya ; Andrew Bradstock, Saints and Sandinistas; The Making of the Soviet Citizen , Edited by George Avis, 266-279. pdf","Laszlo Ladany, The Catholic Church in China; Antoine Wenger, Rome et Moscow 1900-1950 ; Israel Tayar, Sinagoga — Razgromlennaya no nepokoryonnaya ; Andrew Bradstock, Saints and Sandinistas; The Making of the Soviet Citizen , Edited by George Avis, 266-279. pdf [Reproduced by kind permission of the copyright holder]",200,https://biblicalstudies.org.uk/pdf/rcl/16-3_266.pdf,application/pdf,330015,True,cbf383d32713734a99a5cbb0b1a3f788c45743a4428f37ef41d0a447b05c9e9f
4,https://biblicalstudies.org.uk/articles_rcl_04.php,https://biblicalstudies.org.uk/pdf/rcl/16-3_280.pdf,"Theses, 280-286. pdf","Theses, 280-286. pdf [Reproduced by kind permission of the copyright holder]",200,https://biblicalstudies.org.uk/pdf/rcl/16-3_280.pdf,application/pdf,186412,True,8a7fa5cfa33ad21d8ab266a4de9b3af27fbc7b2631869ea0f34a72aa4fb2ddb8
4,https://biblicalstudies.org.uk/articles_rcl_04.php,https://biblicalstudies.org.uk/pdf/rcl/16-4_290.pdf,"Editorial, 290-291. pdf","Editorial, 290-291. pdf [Reproduced by kind permission of the copyright holder]",200,https://biblicalstudies.org.uk/pdf/rcl/16-4_290.pdf,application/pdf,46957,True,8741b3aa0c05ceed1b1f720c91aacdea3c5303d5d211703acec589b9cc85be36
4,https://biblicalstudies.org.uk/articles_rcl_04.php,https://biblicalstudies.org.uk/pdf/rcl/16-4_292.pdf,"Helen Bell & Jane Ellis, ""!he Millennium Celebrations of 1988 in the USSR,"" Religion in Communist Lands 16.4 (1988): 292-328. pdf","Helen Bell & Jane Ellis, ""!he Millennium Celebrations of 1988 in the USSR,"" Religion in Communist Lands 16.4 (1988): 292-328. pdf [Reproduced by kind permission of the copyright holder]",200,https://biblicalstudies.org.uk/pdf/rcl/16-4_292.pdf,application/pdf,1419467,True,cbf9e77bc022bbb24ba59c1e11f638e5be41f0219b9ebb072fa89488f7503856
4,https://biblicalstudies.org.uk/articles_rcl_04.php,https://biblicalstudies.org.uk/pdf/rcl/16-4_329.pdf,"Hugh Wybrew, ""Anglican-Romanian Orthodox Relations,"" Religion in Communist Lands 16.4 (1988): 329-344. pdf","Hugh Wybrew, ""Anglican-Romanian Orthodox Relations,"" Religion in Communist Lands 16.4 (1988): 329-344. pdf [Reproduced by kind permission of the copyright holder]",200,https://biblicalstudies.org.uk/pdf/rcl/16-4_329.pdf,application/pdf,368209,True,40cd8cdd33ce2d80e4362992797290412900292d2dbadb99c4b0ab74de0c7f63
4,https://biblicalstudies.org.uk/articles_rcl_04.php,https://biblicalstudies.org.uk/pdf/rcl/16-4_345.pdf,"Chantal Lobato, ""Afghan Communists and Islam,"" Religion in Communist Lands 16.4 (1988): 345-351. pdf","Chantal Lobato, ""Afghan Communists and Islam,"" Religion in Communist Lands 16.4 (1988): 345-351. pdf [Reproduced by kind permission of the copyright holder]",200,https://biblicalstudies.org.uk/pdf/rcl/16-4_345.pdf,application/pdf,179519,True,d193aba3d2492525771316245905b232cc553ee39ae624d23eb5c65d2a1c5dc7
4,https://biblicalstudies.org.uk/articles_rcl_04.php,https://biblicalstudies.org.uk/pdf/rcl/16-4_352.pdf,"""Czechoslovakia's New Bishops,"" Religion in Communist Lands 16.4 (1988): 352-354. pdf","""Czechoslovakia's New Bishops,"" Religion in Communist Lands 16.4 (1988): 352-354. pdf [Reproduced by kind permission of the copyright holder]",200,https://biblicalstudies.org.uk/pdf/rcl/16-4_352.pdf,application/pdf,642164,True,ed832ac25819d884b1909e09465a0287ec494aa79a262cf42d565d03a9bc0110
4,https://biblicalstudies.org.uk/articles_rcl_04.php,https://biblicalstudies.org.uk/pdf/rcl/16-4_354.pdf,"""The Pope at Trausdorf,"" Religion in Communist Lands 16.4 (1988): 354-355. pdf","""The Pope at Trausdorf,"" Religion in Communist Lands 16.4 (1988): 354-355. pdf [Reproduced by kind permission of the copyright holder]",200,https://biblicalstudies.org.uk/pdf/rcl/16-4_354.pdf,application/pdf,61447,True,b9172774abaf175a67f8eb2f0dc132d9fca7e2ab0733dd3dc9eafee76550aeb5
4,https://biblicalstudies.org.uk/articles_rcl_04.php,https://biblicalstudies.org.uk/pdf/rcl/16-4_355.pdf,"""Summer Festivals in the GDR,"" Religion in Communist Lands 16.4 (1988): 355-356. pdf","""Summer Festivals in the GDR,"" Religion in Communist Lands 16.4 (1988): 355-356. pdf [Reproduced by kind permission of the copyright holder]",200,https://biblicalstudies.org.uk/pdf/rcl/16-4_355.pdf,application/pdf,61062,True,892b188792ef0bfb05ff5e1a188efe80fb35914163737ccce7859a488dee7e37
4,https://biblicalstudies.org.uk/articles_rcl_04.php,https://biblicalstudies.org.uk/pdf/rcl/16-4_356.pdf,"""Religion and the 19th Conference of the CPSU,"" Religion in Communist Lands 16.4 (1988): 356-358. pdf","""Religion and the 19th Conference of the CPSU,"" Religion in Communist Lands 16.4 (1988): 356-358. pdf [Reproduced by kind permission of the copyright holder]",200,https://biblicalstudies.org.uk/pdf/rcl/16-4_356.pdf,application/pdf,81540,True,35d679956c263e7d6ec2eaae49cff428fa4752c43ced59ddfffb0fed11c7a7a7
4,https://biblicalstudies.org.uk/articles_rcl_04.php,https://biblicalstudies.org.uk/pdf/rcl/16-4_358.pdf,"""Students at the Riga Seminary,"" Religion in Communist Lands 16.4 (1988): 358-359. pdf","""Students at the Riga Seminary,"" Religion in Communist Lands 16.4 (1988): 358-359. pdf [Reproduced by kind permission of the copyright holder]",200,https://biblicalstudies.org.uk/pdf/rcl/16-4_358.pdf,application/pdf,51730,True,f2af9006fa20649b8b0eb4ca5a0d53a01e102cb7a4a762a92818804ea575ab24
4,https://biblicalstudies.org.uk/articles_rcl_04.php,https://biblicalstudies.org.uk/pdf/rcl/16-4_360.pdf,"""Transylvanian Refugees in Hungary,"" Religion in Communist Lands 16.4 (1988): 360-365. pdf","""Transylvanian Refugees in Hungary,"" Religion in Communist Lands 16.4 (1988): 360-365. pdf [Reproduced by kind permission of the copyright holder]",200,https://biblicalstudies.org.uk/pdf/rcl/16-4_360.pdf,application/pdf,106584,True,a38c8c2d62dee72944924f2d8c57b99916eac62cc772dd6b432b193b788d14bd
4,https://biblicalstudies.org.uk/articles_rcl_04.php,https://biblicalstudies.org.uk/pdf/rcl/16-4_365.pdf,"""Signs of Moral Bankruptcy,"" Religion in Communist Lands 16.4 (1988): 365-367. pdf","""Signs of Moral Bankruptcy,"" Religion in Communist Lands 16.4 (1988): 365-367. pdf [Reproduced by kind permission of the copyright holder]",200,https://biblicalstudies.org.uk/pdf/rcl/16-4_365.pdf,application/pdf,88529,True,3d2009adfb83781302538c12d04c5b9f2be69b9010a3a8597a07b7581cfe2a95
4,https://biblicalstudies.org.uk/articles_rcl_04.php,https://biblicalstudies.org.uk/pdf/rcl/16-4_368.pdf,"Dimitry V. Pospielovsky, A History of Soviet Atheism in Theory and Practice, and the Believer, Vols 1 and 2 ; Stella Alexander, The Triple Myth: A Life of Alojzije Stepinac ; Irina Ratushinskaya, Grey is the Colour of Hope and Pencil Letter , 368-379. pdf","Dimitry V. Pospielovsky, A History of Soviet Atheism in Theory and Practice, and the Believer, Vols 1 and 2 ; Stella Alexander, The Triple Myth: A Life of Alojzije Stepinac ; Irina Ratushinskaya, Grey is the Colour of Hope and Pencil Letter , 368-379. pdf [Reproduced by kind permission of the copyright holder]",200,https://biblicalstudies.org.uk/pdf/rcl/16-4_368.pdf,application/pdf,257762,True,4d618e7f7a45781ea1ab23fa53731b56c2e6715adcb1b1f47c8f5aee5f05548f
4,https://biblicalstudies.org.uk/articles_rcl_04.php,https://biblicalstudies.org.uk/pdf/rcl/16-4_380.pdf,"Obituary, 380-382. pdf","Obituary, 380-382. pdf [Reproduced by kind permission of the copyright holder]",200,https://biblicalstudies.org.uk/pdf/rcl/16-4_380.pdf,application/pdf,101997,True,3dd94ab908015829c34bfbd1c83b8eb4d39962b51548d7166a73b38b61ca73f0
4,https://biblicalstudies.org.uk/articles_rcl_04.php,https://biblicalstudies.org.uk/pdf/rcl/17-1_002.pdf,"Editorial, 2-3. pdf","Editorial, 2-3. pdf [Reproduced by kind permission of the copyright holder]",200,https://biblicalstudies.org.uk/pdf/rcl/17-1_002.pdf,application/pdf,86166,True,30d7dc2cd5621aecc3160490cdea84cb7d11def5e7286edd5c1c59e8597e6db2
4,https://biblicalstudies.org.uk/articles_rcl_04.php,https://biblicalstudies.org.uk/pdf/rcl/17-1_004.pdf,"William Van Den Bercken, ""The Rehabilitation of Christian Ethical Values in the Soviet Media,"" Religion in Communist Lands 17.1 (1989): 4-18. pdf","William Van Den Bercken, ""The Rehabilitation of Christian Ethical Values in the Soviet Media,"" Religion in Communist Lands 17.1 (1989): 4-18. pdf [Reproduced by kind permission of the copyright holder]",200,https://biblicalstudies.org.uk/pdf/rcl/17-1_004.pdf,application/pdf,618642,True,b444dfc0859ef81670dab066a375fa5ffe06255b7ab1f35bf6ecf833e6e978b1
4,https://biblicalstudies.org.uk/articles_rcl_04.php,https://biblicalstudies.org.uk/pdf/rcl/17-1_019.pdf,"Gerd Stricker, ""A Visit to German Congregations in Central Asia,"" Religion in Communist Lands 17.1 (1989): 19-33. pdf","Gerd Stricker, ""A Visit to German Congregations in Central Asia,"" Religion in Communist Lands 17.1 (1989): 19-33. pdf [Reproduced by kind permission of the copyright holder]",200,https://biblicalstudies.org.uk/pdf/rcl/17-1_019.pdf,application/pdf,889054,True,b6080a92b5455249d7ed496e21af90d1cd80018cd5c3d007d5cffa7f03d67b27
4,https://biblicalstudies.org.uk/articles_rcl_04.php,https://biblicalstudies.org.uk/pdf/rcl/17-1_034.pdf,"Mikhail Heifets, ""Russian Orthodox-Jewish Relations: A Literary Review,"" Religion in Communist Lands 17.1 (1989): 34-44. pdf","Mikhail Heifets, ""Russian Orthodox-Jewish Relations: A Literary Review,"" Religion in Communist Lands 17.1 (1989): 34-44. pdf [Reproduced by kind permission of the copyright holder]",200,https://biblicalstudies.org.uk/pdf/rcl/17-1_034.pdf,application/pdf,479865,True,7ab15e0443d81904ecb63d616d63eb572569525228ff283527544f515260f25a
4,https://biblicalstudies.org.uk/articles_rcl_04.php,https://biblicalstudies.org.uk/pdf/rcl/17-1_045.pdf,"Aidan Nichols, O.P., ""The Story of Praxis: Liberation Theology's Philosophical Handmaid,"" Religion in Communist Lands 17.1 (1989): 45-58. pdf","Aidan Nichols, O.P., ""The Story of Praxis: Liberation Theology's Philosophical Handmaid,"" Religion in Communist Lands 17.1 (1989): 45-58. pdf [Reproduced by kind permission of the copyright holder]",200,https://biblicalstudies.org.uk/pdf/rcl/17-1_045.pdf,application/pdf,372918,True,caccf19772fa18ccdec10dd10b0543426458f7aed6e65a3b7aa40f8b9f33ded0
4,https://biblicalstudies.org.uk/articles_rcl_04.php,https://biblicalstudies.org.uk/pdf/rcl/17-1_059.pdf,"""1988: A Year of Anniversaries in Czechoslovakia,"" Religion in Communist Lands 17.1 (1989): 59-62. pdf","""1988: A Year of Anniversaries in Czechoslovakia,"" Religion in Communist Lands 17.1 (1989): 59-62. pdf [Reproduced by kind permission of the copyright holder]",200,https://biblicalstudies.org.uk/pdf/rcl/17-1_059.pdf,application/pdf,189367,True,0e7e4042aef78e73ed909d12dcb4ffec963db66c2ebe54a0181925331b9742ba
4,https://biblicalstudies.org.uk/articles_rcl_04.php,https://biblicalstudies.org.uk/pdf/rcl/17-1_062.pdf,"""Yugoslav Press on Religion,"" Religion in Communist Lands 17.1 (1989): 62-66. pdf","""Yugoslav Press on Religion,"" Religion in Communist Lands 17.1 (1989): 62-66. pdf [Reproduced by kind permission of the copyright holder]",200,https://biblicalstudies.org.uk/pdf/rcl/17-1_062.pdf,application/pdf,245676,True,6aa2e27c0882eb9014174146dbe0c0769be8d379ba803b7373c5213d97c2e721
4,https://biblicalstudies.org.uk/articles_rcl_04.php,https://biblicalstudies.org.uk/pdf/rcl/17-1_066.pdf,"""Religion in Laos,"" Religion in Communist Lands 17.1 (1989): 66-69. pdf","""Religion in Laos,"" Religion in Communist Lands 17.1 (1989): 66-69. pdf [Reproduced by kind permission of the copyright holder]",200,https://biblicalstudies.org.uk/pdf/rcl/17-1_066.pdf,application/pdf,168238,True,70e62ae7346132fcceb4eca80860377a69d94de51f6709ff53c7dc07655c7f7f
4,https://biblicalstudies.org.uk/articles_rcl_04.php,https://biblicalstudies.org.uk/pdf/rcl/17-1_070.pdf,"""The Church and the Law in Hungary,"" Religion in Communist Lands 17.1 (1989): 70-81. pdf","""The Church and the Law in Hungary,"" Religion in Communist Lands 17.1 (1989): 70-81. pdf [Reproduced by kind permission of the copyright holder]",200,https://biblicalstudies.org.uk/pdf/rcl/17-1_070.pdf,application/pdf,859689,True,b287c92f7de1907e9e9e617da1601414d8d762471be3d71b7e5adc084dfb62f5
4,https://biblicalstudies.org.uk/articles_rcl_04.php,https://biblicalstudies.org.uk/pdf/rcl/17-1_081.pdf,"""Which Way to the Church?"" Religion in Communist Lands 17.1 (1989): 81-86. pdf","""Which Way to the Church?"" Religion in Communist Lands 17.1 (1989): 81-86. pdf [Reproduced by kind permission of the copyright holder]",200,https://biblicalstudies.org.uk/pdf/rcl/17-1_081.pdf,application/pdf,289126,True,9417f7225bfb7f2bdef00bd1ede246022d5232e06be02760c0ad716074ea0875
4,https://biblicalstudies.org.uk/articles_rcl_04.php,https://biblicalstudies.org.uk/pdf/rcl/17-1_087.pdf,"Dmitry V. Pospielovsky, A History of Soviet Atheism in Theory and Practice, and the Believer , Vol. 3; Symbols of Power: The Esthetics of Political Legitimation in the Soviet Union and Eastern Europe , Edited By Clars Arvidsson and Lars Eric Blomqvist; Natan Sharansky, Fear No Evil , 87-94. pdf","Dmitry V. Pospielovsky, A History of Soviet Atheism in Theory and Practice, and the Believer , Vol. 3; Symbols of Power: The Esthetics of Political Legitimation in the Soviet Union and Eastern Europe , Edited By Clars Arvidsson and Lars Eric Blomqvist; Natan Sharansky, Fear No Evil , 87-94. pdf [Reproduced by kind permission of the copyright holder]",200,https://biblicalstudies.org.uk/pdf/rcl/17-1_087.pdf,application/pdf,406942,True,cf7a50db4ff051205405b11123c84722ef45cc92da747b121bc1f9c339c7198e
4,https://biblicalstudies.org.uk/articles_rcl_04.php,https://biblicalstudies.org.uk/pdf/rcl/17-2_098.pdf,"Editorial, 98-99. pdf","Editorial, 98-99. pdf [Reproduced by kind permission of the copyright holder]",200,https://biblicalstudies.org.uk/pdf/rcl/17-2_098.pdf,application/pdf,63459,True,c8ec36b9c9ee7145d349e4a145163f3c886cba8503f04a1d749b927a4f48357f
4,https://biblicalstudies.org.uk/articles_rcl_04.php,https://biblicalstudies.org.uk/pdf/rcl/17-2_100.pdf,"Jane Ellis, ""New Soviet Thinking on Religion,"" Religion in Communist Lands 17.2 (1989): 100-111. pdf","Jane Ellis, ""New Soviet Thinking on Religion,"" Religion in Communist Lands 17.2 (1989): 100-111. pdf [Reproduced by kind permission of the copyright holder]",200,https://biblicalstudies.org.uk/pdf/rcl/17-2_100.pdf,application/pdf,543789,True,54cc53a7fc33f3e34d425da3c47403e314391d7a799dfac01df495599a7e65d3
4,https://biblicalstudies.org.uk/articles_rcl_04.php,https://biblicalstudies.org.uk/pdf/rcl/17-2_112.pdf,"1rena Maryniak, ""Samizdat Today — A Review,"" Religion in Communist Lands 17.2 (1989): 112-126. pdf","1rena Maryniak, ""Samizdat Today — A Review,"" Religion in Communist Lands 17.2 (1989): 112-126. pdf [Reproduced by kind permission of the copyright holder]",200,https://biblicalstudies.org.uk/pdf/rcl/17-2_112.pdf,application/pdf,646465,True,7b032aa12f36be908a2c2e0e067754b92d56d94046b13ae9a61db9d63e788b21
4,https://biblicalstudies.org.uk/articles_rcl_04.php,https://biblicalstudies.org.uk/pdf/rcl/17-2_127.pdf,"Arvan Gordon, "" Kirche von Unten and Other Basis Groups in the GDR, 1987-88,"" Religion in Communist Lands 17.2 (1989): 127-139. pdf","Arvan Gordon, "" Kirche von Unten and Other Basis Groups in the GDR, 1987-88,"" Religion in Communist Lands 17.2 (1989): 127-139. pdf [Reproduced by kind permission of the copyright holder]",200,https://biblicalstudies.org.uk/pdf/rcl/17-2_127.pdf,application/pdf,524501,True,0f1581d60f371f639b1be483bee190cd0783ec61c36e9a1b3661dda6a0a9dd94
4,https://biblicalstudies.org.uk/articles_rcl_04.php,https://biblicalstudies.org.uk/pdf/rcl/17-2_140.pdf,"""The Rule of Law in Hungary,"" Religion in Communist Lands 17.2 (1989): 140-147. pdf","""The Rule of Law in Hungary,"" Religion in Communist Lands 17.2 (1989): 140-147. pdf [Reproduced by kind permission of the copyright holder]",200,https://biblicalstudies.org.uk/pdf/rcl/17-2_140.pdf,application/pdf,320291,True,f76bbc0062e3cb6ed5c761547469d6590bb5cbc16f7eb0f814249eefd294d267
4,https://biblicalstudies.org.uk/articles_rcl_04.php,https://biblicalstudies.org.uk/pdf/rcl/17-2_148.pdf,"""Czechoslovakia — One Year After the Petition for Religious Freedom,"" Religion in Communist Lands 17.2 (1989): 148-150. pdf","""Czechoslovakia — One Year After the Petition for Religious Freedom,"" Religion in Communist Lands 17.2 (1989): 148-150. pdf [Reproduced by kind permission of the copyright holder]",200,https://biblicalstudies.org.uk/pdf/rcl/17-2_148.pdf,application/pdf,138819,True,36dfd78231e62eeb1c66576e6ea77deb6db821692644b078164120a26d255ec1
4,https://biblicalstudies.org.uk/articles_rcl_04.php,https://biblicalstudies.org.uk/pdf/rcl/17-2_150.pdf,"""Recent Changes in Lithuania,"" Religion in Communist Lands 17.2 (1989): 150-152. pdf","""Recent Changes in Lithuania,"" Religion in Communist Lands 17.2 (1989): 150-152. pdf [Reproduced by kind permission of the copyright holder]",200,https://biblicalstudies.org.uk/pdf/rcl/17-2_150.pdf,application/pdf,144587,True,5a777b9aceed7baa5eeaddc0934fc001118c3a1b0ef5215e0bb2ea2466943c72
4,https://biblicalstudies.org.uk/articles_rcl_04.php,https://biblicalstudies.org.uk/pdf/rcl/17-2_152.pdf,"""The Church in Ukraine — 1988,"" Religion in Communist Lands 17.2 (1989): 152-156. pdf","""The Church in Ukraine — 1988,"" Religion in Communist Lands 17.2 (1989): 152-156. pdf [Reproduced by kind permission of the copyright holder]",200,https://biblicalstudies.org.uk/pdf/rcl/17-2_152.pdf,application/pdf,652832,True,683bbd6cd7b7ef568d57cacd53f84ec477aa4a2924d1631f8f55d0288418daf6
4,https://biblicalstudies.org.uk/articles_rcl_04.php,https://biblicalstudies.org.uk/pdf/rcl/17-2_157.pdf,"""Same Homeland, Different Future,"" Religion in Communist Lands 17.2 (1989): 157-164. pdf","""Same Homeland, Different Future,"" Religion in Communist Lands 17.2 (1989): 157-164. pdf [Reproduced by kind permission of the copyright holder]",200,https://biblicalstudies.org.uk/pdf/rcl/17-2_157.pdf,application/pdf,753713,True,0d651d312a2ff072c8298f43d4d1bddc1ababd9367dae357ffbb8f3c334b6dd7
4,https://biblicalstudies.org.uk/articles_rcl_04.php,https://biblicalstudies.org.uk/pdf/rcl/17-2_165.pdf,"""Catholic Proposals Fora Solution to the Problems of the Church in Czechoslovakia,"" Religion in Communist Lands 17.2 (1989): 165-166.","""Catholic Proposals Fora Solution to the Problems of the Church in Czechoslovakia,"" Religion in Communist Lands 17.2 (1989): 165-166. pdf [Reproduced by kind permission of the copyright holder]",200,https://biblicalstudies.org.uk/pdf/rcl/17-2_165.pdf,application/pdf,94630,True,169dc0fd02dda034ded070c3e2fb69e17bb96271967725c7f26c433b34251aa0
4,https://biblicalstudies.org.uk/articles_rcl_04.php,https://biblicalstudies.org.uk/pdf/rcl/17-2_166.pdf,"""The Slovak Catholic Movement in the Fourth Year of Perestroika ,"" Religion in Communist Lands 17.2 (1989): 166-169. pdf","""The Slovak Catholic Movement in the Fourth Year of Perestroika ,"" Religion in Communist Lands 17.2 (1989): 166-169. pdf [Reproduced by kind permission of the copyright holder]",200,https://biblicalstudies.org.uk/pdf/rcl/17-2_166.pdf,application/pdf,196372,True,8234c5321c313a007d53d867f450fea528dc8531f62710600e4be89053d1deba
4,https://biblicalstudies.org.uk/articles_rcl_04.php,https://biblicalstudies.org.uk/pdf/rcl/17-2_169.pdf,"""The Catholic Church in Lithuania,"" Religion in Communist Lands 17.2 (1989): 169-176. pdf","""The Catholic Church in Lithuania,"" Religion in Communist Lands 17.2 (1989): 169-176. pdf [Reproduced by kind permission of the copyright holder]",200,https://biblicalstudies.org.uk/pdf/rcl/17-2_169.pdf,application/pdf,389661,True,e427cf8f0ec8e964f20c005eab48c2f79888d031d8f62685c271f961917d8ae7
4,https://biblicalstudies.org.uk/articles_rcl_04.php,https://biblicalstudies.org.uk/pdf/rcl/17-2_177.pdf,"Francis House, The Russian Phoenix ; Frederick C. Copleston, Philosophy in Russia: From Herzen to Lenin and Berdyaev ; Géza Németh, A Megbékélés Etikája (The Ethics Of Reconciliation), 177-190. pdf","Francis House, The Russian Phoenix ; Frederick C. Copleston, Philosophy in Russia: From Herzen to Lenin and Berdyaev ; Géza Németh, A Megbékélés Etikája (The Ethics Of Reconciliation), 177-190. pdf [Reproduced by kind permission of the copyright holder]",200,https://biblicalstudies.org.uk/pdf/rcl/17-2_177.pdf,application/pdf,644565,True,20da02132080f8689e4112bd1dcd174ca25cafb5bfd85c046f0fc853319975a5
4,https://biblicalstudies.org.uk/articles_rcl_04.php,https://biblicalstudies.org.uk/pdf/rcl/17-3_194.pdf,"Editorial, 194-195. pdf","Editorial, 194-195. pdf [Reproduced by kind permission of the copyright holder]",200,https://biblicalstudies.org.uk/pdf/rcl/17-3_194.pdf,application/pdf,96248,True,3e39692b6769822e7e965892f434a1be3d952b1a00c24a023bb0b8bb384040a0
4,https://biblicalstudies.org.uk/articles_rcl_04.php,https://biblicalstudies.org.uk/pdf/rcl/17-3_196.pdf,"Bogdan Szajkowski, ""New Law For the Church in Poland,"" Religion in Communist Lands 17.3 (1989): 196-208. pdf","Bogdan Szajkowski, ""New Law For the Church in Poland,"" Religion in Communist Lands 17.3 (1989): 196-208. pdf [Reproduced by kind permission of the copyright holder]",200,https://biblicalstudies.org.uk/pdf/rcl/17-3_196.pdf,application/pdf,589154,True,e30ffd4b81411b78b4f853ec1102b415ad241500dbe67f07fba3184499c2dd54
4,https://biblicalstudies.org.uk/articles_rcl_04.php,https://biblicalstudies.org.uk/pdf/rcl/17-3_209.pdf,"Adrienn Molnar & Miklós Tomka, ""Youth and Religion in Hungary,"" Religion in Communist Lands 17.3 (1989): 209-229. pdf","Adrienn Molnar & Miklós Tomka, ""Youth and Religion in Hungary,"" Religion in Communist Lands 17.3 (1989): 209-229. pdf [Reproduced by kind permission of the copyright holder]",200,https://biblicalstudies.org.uk/pdf/rcl/17-3_209.pdf,application/pdf,838504,True,cfb2faec8c5c29efb8b67650546b88b8bc75b5b520d1a8feded673c206bea597
4,https://biblicalstudies.org.uk/articles_rcl_04.php,https://biblicalstudies.org.uk/pdf/rcl/17-3_230.pdf,"Helen Cameron, ""Seventy Years of the Evangelical Church of Czech Brethren (1918-88),"" Religion in Communist Lands 17.3 (1989): 230-246. pdf","Helen Cameron, ""Seventy Years of the Evangelical Church of Czech Brethren (1918-88),"" Religion in Communist Lands 17.3 (1989): 230-246. pdf [Reproduced by kind permission of the copyright holder]",200,https://biblicalstudies.org.uk/pdf/rcl/17-3_230.pdf,application/pdf,725245,True,350e001e12bc7a926dee059d45938eb1ecd7324a55706ae25b6b16c0d44a2d33
4,https://biblicalstudies.org.uk/articles_rcl_04.php,https://biblicalstudies.org.uk/pdf/rcl/17-3_247.pdf,"Galia Sabar Friedman, ""Religion and the Marxist State in Ethiopia: The Case of the Ethiopian Jews,"" Religion in Communist Lands 17.3 (1989): 247-256. pdf","Galia Sabar Friedman, ""Religion and the Marxist State in Ethiopia: The Case of the Ethiopian Jews,"" Religion in Communist Lands 17.3 (1989): 247-256. pdf [Reproduced by kind permission of the copyright holder]",200,https://biblicalstudies.org.uk/pdf/rcl/17-3_247.pdf,application/pdf,695211,True,696e3419f4b6b5bef94f45f52024883ccccc1ea7a6526ac53f075bba3c11c5b5
4,https://biblicalstudies.org.uk/articles_rcl_04.php,https://biblicalstudies.org.uk/pdf/rcl/17-3_257.pdf,"""Bibles in the Soviet Union,"" Religion in Communist Lands 17.3 (1989): 257-263. pdf","""Bibles in the Soviet Union,"" Religion in Communist Lands 17.3 (1989): 257-263. pdf [Reproduced by kind permission of the copyright holder]",200,https://biblicalstudies.org.uk/pdf/rcl/17-3_257.pdf,application/pdf,359655,True,1c61f59cdd35f8bb5838335280d2ecadd0fdcbc3d99683b8a9bd2a6ba7b8e422
4,https://biblicalstudies.org.uk/articles_rcl_04.php,https://biblicalstudies.org.uk/pdf/rcl/17-3_263.pdf,"""Islam and Nationalist Unrest in Soviet Central Asia,"" Religion in Communist Lands 17.3 (1989): 263-266. pdf","""Islam and Nationalist Unrest in Soviet Central Asia,"" Religion in Communist Lands 17.3 (1989): 263-266. pdf [Reproduced by kind permission of the copyright holder]",200,https://biblicalstudies.org.uk/pdf/rcl/17-3_263.pdf,application/pdf,201049,True,bb02190d1b892aa7513a8bb53d92bd511c509962fb167fb74de4acd43ed6d741
4,https://biblicalstudies.org.uk/articles_rcl_04.php,https://biblicalstudies.org.uk/pdf/rcl/17-3_266.pdf,"""Formation of a League of Free-Thinkers in the GDR,"" Religion in Communist Lands 17.3 (1989): 266-268. pdf","""Formation of a League of Free-Thinkers in the GDR,"" Religion in Communist Lands 17.3 (1989): 266-268. pdf [Reproduced by kind permission of the copyright holder]",200,https://biblicalstudies.org.uk/pdf/rcl/17-3_266.pdf,application/pdf,127639,True,3646ab7b604731e3d1291021f1bd3038fbef2daf1e18fd29fc49e1693bb7b37f
4,https://biblicalstudies.org.uk/articles_rcl_04.php,https://biblicalstudies.org.uk/pdf/rcl/17-3_269.pdf,""" Perestroika and Freedom of Conscience,"" Religion in Communist Lands 17.3 (1989): 269-274. pdf",""" Perestroika and Freedom of Conscience,"" Religion in Communist Lands 17.3 (1989): 269-274. pdf [Reproduced by kind permission of the copyright holder]",200,https://biblicalstudies.org.uk/pdf/rcl/17-3_269.pdf,application/pdf,171685,True,b392d3f2d94b6734791986de4ddc047e721e576c3f6409dd0e7d6d634e2a85dc
4,https://biblicalstudies.org.uk/articles_rcl_04.php,https://biblicalstudies.org.uk/pdf/rcl/17-3_275.pdf,"Theses, 275-281. pdf","Theses, 275-281. pdf [Reproduced by kind permission of the copyright holder]",200,https://biblicalstudies.org.uk/pdf/rcl/17-3_275.pdf,application/pdf,177781,True,8905496f406dc63a1c241c1e0f38f99581013007b5f8faa8391f9f9728ca5c24
4,https://biblicalstudies.org.uk/articles_rcl_04.php,https://biblicalstudies.org.uk/pdf/rcl/17-3_282.pdf,Die Ukrainische Katholische Kirche,"Die Ukrainische Katholische Kirche (The Ukrainian Catholic Church), Kirche In Not; Die Romisch-Katholische Kirche in der Sowjetunio n (The Roman Catholic Church in the Soviet Union), Kirche in Not; Tserkva v Ruyini — Church in Ruins. The Demise of Ukrainian Churches in the Eparchy of Peremyshl by Oleh Wolodymyr Iwanusiw; Áron Marton A Lelkiismeret Apostola (Áron Márton, The Apostle of Conscience) Compiled By László Virt, 282-287. pdf [Reproduced by kind permission of the copyright holder]",200,https://biblicalstudies.org.uk/pdf/rcl/17-3_282.pdf,application/pdf,162468,True,5ed8dcc241cbe1ae98a6c237036fd81d4445e173ed1a5b4fd420c0a6845eefda
4,https://biblicalstudies.org.uk/articles_rcl_04.php,https://biblicalstudies.org.uk/pdf/rcl/17-4_290.pdf,"Editorial, 290-291. pdf","Editorial, 290-291. pdf [Reproduced by kind permission of the copyright holder]",200,https://biblicalstudies.org.uk/pdf/rcl/17-4_290.pdf,application/pdf,77674,True,eb901f7a59eb46e17a99d98fee75d381f59cda723cf3d01300ab655005594881
4,https://biblicalstudies.org.uk/articles_rcl_04.php,https://biblicalstudies.org.uk/pdf/rcl/17-4_292.pdf,"S.F. Jones, ""Soviet Religious Policy and the Georgian Orthodox Church: From Khrushchev to Gorbachev,"" Religion in Communist Lands 17.4 (1989): 292-312. pdf","S.F. Jones, ""Soviet Religious Policy and the Georgian Orthodox Church: From Khrushchev to Gorbachev,"" Religion in Communist Lands 17.4 (1989): 292-312. pdf [Reproduced by kind permission of the copyright holder]",200,https://biblicalstudies.org.uk/pdf/rcl/17-4_292.pdf,application/pdf,963037,True,a88fa2794f1327f4b90f83de0af11d4ddc8335af2a8cb6dc6d25ff37932e533e
4,https://biblicalstudies.org.uk/articles_rcl_04.php,https://biblicalstudies.org.uk/pdf/rcl/17-4_313.pdf,"Myroslaw Tataryn, ""Russian Orthodox Attitudes Towards the Ukrainian Catholic Church,"" Religion in Communist Lands 17.4 (1989): 313-331. pdf","Myroslaw Tataryn, ""Russian Orthodox Attitudes Towards the Ukrainian Catholic Church,"" Religion in Communist Lands 17.4 (1989): 313-331. pdf [Reproduced by kind permission of the copyright holder]",200,https://biblicalstudies.org.uk/pdf/rcl/17-4_313.pdf,application/pdf,1191429,True,7b175a49d271cfde6b74fdf938c61b00cf165b288282dd658db7a36d53fa8a85
4,https://biblicalstudies.org.uk/articles_rcl_04.php,https://biblicalstudies.org.uk/pdf/rcl/17-4_332.pdf,"""Russian Orthodox and Greek Catholics in Slovakia,"" Religion in Communist Lands 17.4 (1989): 332-333. pdf","""Russian Orthodox and Greek Catholics in Slovakia,"" Religion in Communist Lands 17.4 (1989): 332-333. pdf [Reproduced by kind permission of the copyright holder]",200,https://biblicalstudies.org.uk/pdf/rcl/17-4_332.pdf,application/pdf,62769,True,a50d86e123146c74db653b817543225aea267f88339e6de3865f9b6e6b245afe
4,https://biblicalstudies.org.uk/articles_rcl_04.php,https://biblicalstudies.org.uk/pdf/rcl/17-4_334.pdf,"""Hungarians in the USSR,"" Religion in Communist Lands 17.4 (1989): 334-337. pdf","""Hungarians in the USSR,"" Religion in Communist Lands 17.4 (1989): 334-337. pdf [Reproduced by kind permission of the copyright holder]",200,https://biblicalstudies.org.uk/pdf/rcl/17-4_334.pdf,application/pdf,196373,True,8880cba2749e9e83d55ea5181de45c7fa7b80a7e82910833312aa364f836cdc1
4,https://biblicalstudies.org.uk/articles_rcl_04.php,https://biblicalstudies.org.uk/pdf/rcl/17-4_337.pdf,"""Buddhism Becomes the Cambodian State Religion,"" Religion in Communist Lands 17.4 (1989): 337-339. pdf","""Buddhism Becomes the Cambodian State Religion,"" Religion in Communist Lands 17.4 (1989): 337-339. pdf [Reproduced by kind permission of the copyright holder]",200,https://biblicalstudies.org.uk/pdf/rcl/17-4_337.pdf,application/pdf,116887,True,f0520aa76ff3cdf48d5125d362ed8d81af7d0fa0b35761e720148bb14e0d2489
4,https://biblicalstudies.org.uk/articles_rcl_04.php,https://biblicalstudies.org.uk/pdf/rcl/17-4_340.pdf,"""Programme of the National Party of Georgia,"" Religion in Communist Lands 17.4 (1989): 340-343. pdf","""Programme of the National Party of Georgia,"" Religion in Communist Lands 17.4 (1989): 340-343. pdf [Reproduced by kind permission of the copyright holder]",200,https://biblicalstudies.org.uk/pdf/rcl/17-4_340.pdf,application/pdf,164164,True,e504525d8b8cabf81a8463bc5896d1a86ee939715410fde40c2177c79c08fb9f
4,https://biblicalstudies.org.uk/articles_rcl_04.php,https://biblicalstudies.org.uk/pdf/rcl/17-4_343.pdf,"""Pastors and Their Flock,"" Religion in Communist Lands 17.4 (1989): 343-348. pdf","""Pastors and Their Flock,"" Religion in Communist Lands 17.4 (1989): 343-348. pdf [Reproduced by kind permission of the copyright holder]",200,https://biblicalstudies.org.uk/pdf/rcl/17-4_343.pdf,application/pdf,313839,True,a632aa91cb7abfa0601f965f76eccbd6ea62af1841f160b0f548c5c68374a739
4,https://biblicalstudies.org.uk/articles_rcl_04.php,https://biblicalstudies.org.uk/pdf/rcl/17-4_348.pdf,"""Jewish Life in Czechoslovakia,"" Religion in Communist Lands 17.4 (1989): 348-356. pdf","""Jewish Life in Czechoslovakia,"" Religion in Communist Lands 17.4 (1989): 348-356. pdf [Reproduced by kind permission of the copyright holder]",200,https://biblicalstudies.org.uk/pdf/rcl/17-4_348.pdf,application/pdf,466419,True,aacaa0ddc9d8cd26b1a4ca192b7da26d81acbc6e0f36155abf2bdcd1697347f9
4,https://biblicalstudies.org.uk/articles_rcl_04.php,https://biblicalstudies.org.uk/pdf/rcl/17-4_356.pdf,"""Church Life in Romania,"" Religion in Communist Lands 17.4 (1989): 356-365. pdf","""Church Life in Romania,"" Religion in Communist Lands 17.4 (1989): 356-365. pdf [Reproduced by kind permission of the copyright holder]",200,https://biblicalstudies.org.uk/pdf/rcl/17-4_356.pdf,application/pdf,506810,True,2d889a265a26f664553300f4c355ab5d2b822651271b07b1e5504f0d698e6c4b
4,https://biblicalstudies.org.uk/articles_rcl_04.php,https://biblicalstudies.org.uk/pdf/rcl/17-4_366.pdf,""" Eastern Christianity and Politics in the Twentieth Century Edited by Pedro Ramet; Islam and the Russian Empire: Reform and Revolution in Central Asia by Helene Carr6re D'Encausse; Die Georgische Orthodoxe Kirche And Ihr Glaubenszeugnis by Lothar Heiser; The Making of the Georgian Nation by Ronald Grigor Suny; Religionen in der UdSSR Edited by Ottokar Basse and Gerd Stricker; Christianity and Marxism Worldwide: An Annotated Bibliography Edited by Mark Elliott, 366-383. pdf",""" Eastern Christianity and Politics in the Twentieth Century Edited by Pedro Ramet; Islam and the Russian Empire: Reform and Revolution in Central Asia by Helene Carr6re D'Encausse; Die Georgische Orthodoxe Kirche And Ihr Glaubenszeugnis by Lothar Heiser; The Making of the Georgian Nation by Ronald Grigor Suny; Religionen in der UdSSR Edited by Ottokar Basse and Gerd Stricker; Christianity and Marxism Worldwide: An Annotated Bibliography Edited by Mark Elliott, 366-383. pdf [Reproduced by kind permission of the copyright holder]",200,https://biblicalstudies.org.uk/pdf/rcl/17-4_366.pdf,application/pdf,706877,True,998b601704f578fb2b11a4355e2cdc78d8e2d2a4c514a6d27b58ddc3f8b4a296
4,https://biblicalstudies.org.uk/articles_rcl_04.php,https://biblicalstudies.org.uk/pdf/rcl/18-1_002.pdf,"Editorial, 2-3. pdf","Editorial, 2-3. pdf [Reproduced by kind permission of the copyright holder]",200,https://biblicalstudies.org.uk/pdf/rcl/18-1_002.pdf,application/pdf,71023,True,13b8e4fbfacb0d8c5cf3c4e7748b56524a6ca5139e96a73168b25b5027e48b68
4,https://biblicalstudies.org.uk/articles_rcl_04.php,https://biblicalstudies.org.uk/pdf/rcl/18-1_004.pdf,"C.M. Hann, ""Socialism and King Stephen's Right Hand,"" Religion in Communist Lands 18.1 (1990): 4-24. pdf","C.M. Hann, ""Socialism and King Stephen's Right Hand,"" Religion in Communist Lands 18.1 (1990): 4-24. pdf [Reproduced by kind permission of the copyright holder]",200,https://biblicalstudies.org.uk/pdf/rcl/18-1_004.pdf,application/pdf,1005271,True,7abdd4484c8d24c5cfd52966076a8b67d93cd8474de39affa4a8d3ed532663ca
4,https://biblicalstudies.org.uk/articles_rcl_04.php,https://biblicalstudies.org.uk/pdf/rcl/18-1_025.pdf,"Gerd Stricker, ""Old Believers in the Territory of the Russian Empire,"" Religion in Communist Lands 18.1 (1990): 25-51. pdf","Gerd Stricker, ""Old Believers in the Territory of the Russian Empire,"" Religion in Communist Lands 18.1 (1990): 25-51. pdf [Reproduced by kind permission of the copyright holder]",200,https://biblicalstudies.org.uk/pdf/rcl/18-1_025.pdf,application/pdf,1190192,True,e8bd114978dd896c24050bf06fa0143503585249dc91d411635af09f387ca391
4,https://biblicalstudies.org.uk/articles_rcl_04.php,https://biblicalstudies.org.uk/pdf/rcl/18-1_052.pdf,"R.E. Davies, ""Baptists in Poland — Past and Present,"" Religion in Communist Lands 18.1 (1990): 52-63. pdf","R.E. Davies, ""Baptists in Poland — Past and Present,"" Religion in Communist Lands 18.1 (1990): 52-63. pdf [Reproduced by kind permission of the copyright holder]",200,https://biblicalstudies.org.uk/pdf/rcl/18-1_052.pdf,application/pdf,522772,True,89e8d8485e5c16bc5404224312cef6a64b4c0c8d1b9ece3cee65d13ec545db04
4,https://biblicalstudies.org.uk/articles_rcl_04.php,https://biblicalstudies.org.uk/pdf/rcl/18-1_064.pdf,"""Religious Freedom in Cuba,"" Religion in Communist Lands 18.1 (1990): 64-72. pdf","""Religious Freedom in Cuba,"" Religion in Communist Lands 18.1 (1990): 64-72. pdf [Reproduced by kind permission of the copyright holder]",200,https://biblicalstudies.org.uk/pdf/rcl/18-1_064.pdf,application/pdf,257642,True,941f8ea92957d743d76f4899ebc30ca0173ce476347a59b2f164705c909edb47
4,https://biblicalstudies.org.uk/articles_rcl_04.php,https://biblicalstudies.org.uk/pdf/rcl/18-1_072.pdf,"""Soviet Atheism — The Great Debate,"" Religion in Communist Lands 18.1 (1990): 72-85. pdf","""Soviet Atheism — The Great Debate,"" Religion in Communist Lands 18.1 (1990): 72-85. pdf [Reproduced by kind permission of the copyright holder]",200,https://biblicalstudies.org.uk/pdf/rcl/18-1_072.pdf,application/pdf,718792,True,ae8718c4d5a5d11ff8710b8c06b509db0ff6491d9ada1e441fbd5f11d22af50a
4,https://biblicalstudies.org.uk/articles_rcl_04.php,https://biblicalstudies.org.uk/pdf/rcl/18-1_086.pdf,""" The Modern Encyclopedia of Religions in Russia and the Soviet Union Edited by Paul D. Steeves. Vol. I (Aaron-Annunciation). Glasnost, Christen und Genossen ( Glasnost' , Christians And Comrades) Edited by Norbert Sommer. Soviet Charismatics: The Pentecostals in the USSR by William C. Fletcher. The KGB: Police and Politics in the Soviet Union by Amy W. Knight. Every Person is First of All a History by Fr Mykhaylo Havryliv, The Razing of Romania's Past by Diav C. Giurescu,"" 86-94. pdf",""" The Modern Encyclopedia of Religions in Russia and the Soviet Union Edited by Paul D. Steeves. Vol. I (Aaron-Annunciation). Glasnost, Christen und Genossen ( Glasnost' , Christians And Comrades) Edited by Norbert Sommer. Soviet Charismatics: The Pentecostals in the USSR by William C. Fletcher. The KGB: Police and Politics in the Soviet Union by Amy W. Knight. Every Person is First of All a History by Fr Mykhaylo Havryliv, The Razing of Romania's Past by Diav C. Giurescu,"" 86-94. pdf [Reproduced by kind permission of the copyright holder]",200,https://biblicalstudies.org.uk/pdf/rcl/18-1_086.pdf,application/pdf,419402,True,c466fe30ecaee42e7cbe6faaa175948638e4e8e98854f2465889ef7745db4ccd
4,https://biblicalstudies.org.uk/articles_rcl_04.php,https://biblicalstudies.org.uk/pdf/rcl/18-2_098.pdf,Editorial 98-99. pdf,Editorial 98-99. pdf [Reproduced by kind permission of the copyright holder],200,https://biblicalstudies.org.uk/pdf/rcl/18-2_098.pdf,application/pdf,54807,True,0acc5f411036e2baf5862ad952ac6a9cb81684c5db020940e32ccb9738973eea
4,https://biblicalstudies.org.uk/articles_rcl_04.php,https://biblicalstudies.org.uk/pdf/rcl/18-2_100.pdf,"John Anderson, ""Courtesy Towards God: Religion and 
              Change in Eastern Europe,"" Religion in Communist Lands 18.2 (1990): 100-123. pdf","John Anderson, ""Courtesy Towards God: Religion and 
              Change in Eastern Europe,"" Religion in Communist Lands 18.2 (1990): 100-123. pdf [Reproduced by kind permission of the copyright holder]",200,https://biblicalstudies.org.uk/pdf/rcl/18-2_100.pdf,application/pdf,1095461,True,bf9a0997844cfc02145ab70b84a852988ac1099bb2c3722cb4c59ee681cb6f96
4,https://biblicalstudies.org.uk/articles_rcl_04.php,https://biblicalstudies.org.uk/pdf/rcl/18-2_124.pdf,"Krzysztof Kosela, ""The Polish Catholic Church and the Elections of 1989,"" Religion in Communist Lands 18.2 (1990): 124-137. pdf","Krzysztof Kosela, ""The Polish Catholic Church and the Elections of 1989,"" Religion in Communist Lands 18.2 (1990): 124-137. pdf [Reproduced by kind permission of the copyright holder]",200,https://biblicalstudies.org.uk/pdf/rcl/18-2_124.pdf,application/pdf,638679,True,f73d70462a6ba3ccbab590ddcacf2e3f76bd47e36e374ef891a05a0ed3f8762d
4,https://biblicalstudies.org.uk/articles_rcl_04.php,https://biblicalstudies.org.uk/pdf/rcl/18-2_138.pdf,"Arvan Gordon, ""The Church and Change in the GDR,"" Religion in Communist Lands 18.2 (1990): 138-154. pdf","Arvan Gordon, ""The Church and Change in the GDR,"" Religion in Communist Lands 18.2 (1990): 138-154. pdf [Reproduced by kind permission of the copyright holder]",200,https://biblicalstudies.org.uk/pdf/rcl/18-2_138.pdf,application/pdf,772061,True,39b0b95eb90cc15310f8e57fdcfa8bc6b320db745e11a4f1e6c79bc0a1f120f7
4,https://biblicalstudies.org.uk/articles_rcl_04.php,https://biblicalstudies.org.uk/pdf/rcl/18-2_155.pdf,"Marite Sapiets, ""The Baltic Churches and the National Revival,"" Religion in Communist Lands 18.2 (1990): 155-168. pdf","Marite Sapiets, ""The Baltic Churches and the National Revival,"" Religion in Communist Lands 18.2 (1990): 155-168. pdf [Reproduced by kind permission of the copyright holder]",200,https://biblicalstudies.org.uk/pdf/rcl/18-2_155.pdf,application/pdf,596796,True,46d529f8df5fd8c7f42afce34d10ee466fada8ccbddb228ff8f0735f6fc900c1
4,https://biblicalstudies.org.uk/articles_rcl_04.php,https://biblicalstudies.org.uk/pdf/rcl/18-2_169.pdf,"""Czechoslovakia,"" Religion in Communist Lands 18.2 (1990): 169-172. pdf","""Czechoslovakia,"" Religion in Communist Lands 18.2 (1990): 169-172. pdf [Reproduced by kind permission of the copyright holder]",200,https://biblicalstudies.org.uk/pdf/rcl/18-2_169.pdf,application/pdf,190327,True,4a010e6e9ffbae0c417f5dad0084c391ebb5407937747d54b21afd2106ee1806
4,https://biblicalstudies.org.uk/articles_rcl_04.php,https://biblicalstudies.org.uk/pdf/rcl/18-2_172.pdf,"""Bulgaria,"" Religion in Communist Lands 18.2 (1990): 172-180. pdf","""Bulgaria,"" Religion in Communist Lands 18.2 (1990): 172-180. pdf [Reproduced by kind permission of the copyright holder]",200,https://biblicalstudies.org.uk/pdf/rcl/18-2_172.pdf,application/pdf,466565,True,3825187783bd9e15f38c0c81edd01352f8761a63d3cdf7f47d8ff0ca123f9071
4,https://biblicalstudies.org.uk/articles_rcl_04.php,https://biblicalstudies.org.uk/pdf/rcl/18-2_180.pdf,"""Romania,"" Religion in Communist Lands 18.2 (1990): 180-183. pdf","""Romania,"" Religion in Communist Lands 18.2 (1990): 180-183. pdf [Reproduced by kind permission of the copyright holder]",200,https://biblicalstudies.org.uk/pdf/rcl/18-2_180.pdf,application/pdf,126040,True,8dfe3827b025809356847062e1fbcbb06c638c32085e441c3fe94ed55b53d3c4
4,https://biblicalstudies.org.uk/articles_rcl_04.php,https://biblicalstudies.org.uk/pdf/rcl/18-2_184.pdf,"""Soviet Baptists Engage in Perestroika ,"" Religion in Communist Lands 18.2 (1990): 184-187. pdf","""Soviet Baptists Engage in Perestroika ,"" Religion in Communist Lands 18.2 (1990): 184-187. pdf [Reproduced by kind permission of the copyright holder]",200,https://biblicalstudies.org.uk/pdf/rcl/18-2_184.pdf,application/pdf,127840,True,5324812a933efc0dc2eac98afb2352442b28a7a02c46190b005d6ad88b309192
4,https://biblicalstudies.org.uk/articles_rcl_04.php,https://biblicalstudies.org.uk/pdf/rcl/18-2_188.pdf,"Obituary, 188-189. pdf","Obituary, 188-189. pdf [Reproduced by kind permission of the copyright holder]",200,https://biblicalstudies.org.uk/pdf/rcl/18-2_188.pdf,application/pdf,93573,True,d44e816d5debb8298f39c675ac77ebe6a1a2326345971be835d5789b9b6742e4
4,https://biblicalstudies.org.uk/articles_rcl_04.php,https://biblicalstudies.org.uk/pdf/rcl/18-3_194.pdf,"Editorial, 194-195. pdf","Editorial, 194-195. pdf [Reproduced by kind permission of the copyright holder]",200,https://biblicalstudies.org.uk/pdf/rcl/18-3_194.pdf,application/pdf,63584,True,ff4914bb099bb68bb82b460a8ca6fee2eda2ab875d1f149f296a3cd17c0f778a
4,https://biblicalstudies.org.uk/articles_rcl_04.php,https://biblicalstudies.org.uk/pdf/rcl/18-3_196.pdf,"James Critchlow, ""Islam in Soviet Central Asia: Renaissance or Revolution?"" Religion in Communist Lands 18.3 (1990): 196-211. pdf","James Critchlow, ""Islam in Soviet Central Asia: Renaissance or Revolution?"" Religion in Communist Lands 18.3 (1990): 196-211. pdf [Reproduced by kind permission of the copyright holder]",200,https://biblicalstudies.org.uk/pdf/rcl/18-3_196.pdf,application/pdf,456700,True,55c66515adac27946bd7f7b13aec3c357ea838cdd3f253d5e80fc00f7e2f383e
4,https://biblicalstudies.org.uk/articles_rcl_04.php,https://biblicalstudies.org.uk/pdf/rcl/18-3_212.pdf,"Marie Broxup, ""Islam in Dagestan Under Gorbachev,"" Religion in Communist Lands 18.3 (1990): 212-225. pdf","Marie Broxup, ""Islam in Dagestan Under Gorbachev,"" Religion in Communist Lands 18.3 (1990): 212-225. pdf [Reproduced by kind permission of the copyright holder]",200,https://biblicalstudies.org.uk/pdf/rcl/18-3_212.pdf,application/pdf,788778,True,ef173c3b7e49d3cd6ab0f48fa273a511f8ab42df9aa67248d43e2b3afccaf51c
4,https://biblicalstudies.org.uk/articles_rcl_04.php,https://biblicalstudies.org.uk/pdf/rcl/18-3_226.pdf,"S.P. Ramet, ""Islam in Yugoslavia Today,"" Religion in Communist Lands 18.3 (1990): 226-235. pdf","S.P. Ramet, ""Islam in Yugoslavia Today,"" Religion in Communist Lands 18.3 (1990): 226-235. pdf [Reproduced by kind permission of the copyright holder]",200,https://biblicalstudies.org.uk/pdf/rcl/18-3_226.pdf,application/pdf,279863,True,9c6ed5f6468720906cd8a9157938a8b7463c09d2cf52a2f07c93fdc3cd2d706b
4,https://biblicalstudies.org.uk/articles_rcl_04.php,https://biblicalstudies.org.uk/pdf/rcl/18-3_236.pdf,"Anthony P.B. Lambert, ""The Church in China — Pre and Post Tiananmen Square,"" Religion in Communist Lands 18.3 (1990): 236-252. pdf","Anthony P.B. Lambert, ""The Church in China — Pre and Post Tiananmen Square,"" Religion in Communist Lands 18.3 (1990): 236-252. pdf [Reproduced by kind permission of the copyright holder]",200,https://biblicalstudies.org.uk/pdf/rcl/18-3_236.pdf,application/pdf,727256,True,68e159048a98ee3024f428a8e86ada0693b1128dba45d2a143210e2d36e308c1
4,https://biblicalstudies.org.uk/articles_rcl_04.php,https://biblicalstudies.org.uk/pdf/rcl/18-3_253.pdf,"Neal Pease, ""The Polish Test: Roman Catholic Views of 20th Century Polish History,"" Religion in Communist Lands 18.3 (1990): 253-261. pdf","Neal Pease, ""The Polish Test: Roman Catholic Views of 20th Century Polish History,"" Religion in Communist Lands 18.3 (1990): 253-261. pdf [Reproduced by kind permission of the copyright holder]",200,https://biblicalstudies.org.uk/pdf/rcl/18-3_253.pdf,application/pdf,379781,True,7b8bbd90aa9b777f767886a1791d81719befaeb6dd4d87ca0dca70f8ebb66e18
4,https://biblicalstudies.org.uk/articles_rcl_04.php,https://biblicalstudies.org.uk/pdf/rcl/18-3_262.pdf,"""Election of a New Russian Patriarch"", Religion in Communist Lands 18.3 (1990): 262-274. pdf","""Election of a New Russian Patriarch"", Religion in Communist Lands 18.3 (1990): 262-274. pdf [Reproduced by kind permission of the copyright holder]",200,https://biblicalstudies.org.uk/pdf/rcl/18-3_262.pdf,application/pdf,378062,True,879fa656b0516e244376e78396ab9a84065640f93f41808e1ee46685db1f6337
4,https://biblicalstudies.org.uk/articles_rcl_04.php,https://biblicalstudies.org.uk/pdf/rcl/18-3_275.pdf,""" Crescent in a Red Sky: The Future of Islamn in the Soviet Union by Amir Taheri. Conscience and Captivity by Janice Brown. 38. Internationaler Kongress in Königstein. Christen in Osteuropa: `Perestrojka' und Religion .(38th International Conference in Königstein. Christians in Eastern Europe: perestroika and Religion) Edited by Wolfgang Grycz. Kirche und Glaube in Rumanien (Church and Faith in Romania), Kirche in Not, 275-285. pdf",""" Crescent in a Red Sky: The Future of Islamn in the Soviet Union by Amir Taheri. Conscience and Captivity by Janice Brown. 38. Internationaler Kongress in Königstein. Christen in Osteuropa: `Perestrojka' und Religion .(38th International Conference in Königstein. Christians in Eastern Europe: perestroika and Religion) Edited by Wolfgang Grycz. Kirche und Glaube in Rumanien (Church and Faith in Romania), Kirche in Not, 275-285. pdf [Reproduced by kind permission of the copyright holder]",200,https://biblicalstudies.org.uk/pdf/rcl/18-3_275.pdf,application/pdf,601731,True,cb60c27b4f409ee1813acf1861db98cd93bbbd37b9b1795446727d2d73d709e2
4,https://biblicalstudies.org.uk/articles_rcl_04.php,https://biblicalstudies.org.uk/pdf/rcl/18-4_290.pdf,"Editorial, 290-291. pdf","Editorial, 290-291. pdf [Reproduced by kind permission of the copyright holder]",200,https://biblicalstudies.org.uk/pdf/rcl/18-4_290.pdf,application/pdf,72297,True,3954cabb9b3866d04dec433e3830544b4e6bc92fb55a14c2c4ee22eb15223874
4,https://biblicalstudies.org.uk/articles_rcl_04.php,https://biblicalstudies.org.uk/pdf/rcl/18-4_292.pdf,"John B. Dunlop, ""The Russian Orthodox Church and Nationalism After 1988,"" Religion in Communist Lands 18.4 (1990): 292-306. pdf","John B. Dunlop, ""The Russian Orthodox Church and Nationalism After 1988,"" Religion in Communist Lands 18.4 (1990): 292-306. pdf [Reproduced by kind permission of the copyright holder]",200,https://biblicalstudies.org.uk/pdf/rcl/18-4_292.pdf,application/pdf,657578,True,2b1976d2a945d62ccc5336cb965719a0326d7560f2b5e8cda92943e15ffbb5c5
4,https://biblicalstudies.org.uk/articles_rcl_04.php,https://biblicalstudies.org.uk/pdf/rcl/18-4_307.pdf,"Jane Ellis, ""Hierarchs And Dissidents: Conflict Over the Future of the Russian Orthodox Church,"" Religion in Communist Lands 18.4 (1990): 307-318. pdf","Jane Ellis, ""Hierarchs And Dissidents: Conflict Over the Future of the Russian Orthodox Church,"" Religion in Communist Lands 18.4 (1990): 307-318. pdf [Reproduced by kind permission of the copyright holder]",200,https://biblicalstudies.org.uk/pdf/rcl/18-4_307.pdf,application/pdf,504294,True,7aa1b9f6a50114708b8f9b63da031fdf341d17e68657959ddcac73373913edb9
4,https://biblicalstudies.org.uk/articles_rcl_04.php,https://biblicalstudies.org.uk/pdf/rcl/18-4_319.pdf,"Dimitry Pospielovsky, ""Religious Themes in the Soviet Press in 1989,"" Religion in Communist Lands 18.4 (1990): 319-342. pdf","Dimitry Pospielovsky, ""Religious Themes in the Soviet Press in 1989,"" Religion in Communist Lands 18.4 (1990): 319-342. pdf [Reproduced by kind permission of the copyright holder]",200,https://biblicalstudies.org.uk/pdf/rcl/18-4_319.pdf,application/pdf,1073377,True,2616c0a07b4666429b6288b69321ee531c2f070b3c44f6ce62b33c6ca32392e2
4,https://biblicalstudies.org.uk/articles_rcl_04.php,https://biblicalstudies.org.uk/pdf/rcl/18-4_343.pdf,"Hermann Goltz, ""'He Backed the Logos to Defeat the Chaos': The Death of Pavel Florensky (1882-1937),"" Religion in Communist Lands 18.4 (1990): 343-353. pdf","Hermann Goltz, ""'He Backed the Logos to Defeat the Chaos': The Death of Pavel Florensky (1882-1937),"" Religion in Communist Lands 18.4 (1990): 343-353. pdf [Reproduced by kind permission of the copyright holder]",200,https://biblicalstudies.org.uk/pdf/rcl/18-4_343.pdf,application/pdf,464920,True,96049622ba9f9bc0a85f0fb6ae63f3fc9ff56147d47235f560c84c6bf1008041
4,https://biblicalstudies.org.uk/articles_rcl_04.php,https://biblicalstudies.org.uk/pdf/rcl/18-4_354.pdf,"""The Death of Pavel Florensky,"" Religion in Communist Lands 18.4 (1990): 354-355. pdf","""The Death of Pavel Florensky,"" Religion in Communist Lands 18.4 (1990): 354-355. pdf [Reproduced by kind permission of the copyright holder]",200,https://biblicalstudies.org.uk/pdf/rcl/18-4_354.pdf,application/pdf,73354,True,83a0deeb6eeb692c272802a63c6a2c2defacee12052fc90ea4e21dd0a5a999ea
4,https://biblicalstudies.org.uk/articles_rcl_04.php,https://biblicalstudies.org.uk/pdf/rcl/18-4_356.pdf,"Richard A. Morris, ""The Problem of Preserving a Traditional Way of Life Amongst the Old Believers of the USA and the USSR,"" Religion in Communist Lands 18.4 (1990): 356-362. pdf","Richard A. Morris, ""The Problem of Preserving a Traditional Way of Life Amongst the Old Believers of the USA and the USSR,"" Religion in Communist Lands 18.4 (1990): 356-362. pdf [Reproduced by kind permission of the copyright holder]",200,https://biblicalstudies.org.uk/pdf/rcl/18-4_356.pdf,application/pdf,279820,True,37bc38c9564fea38f9a353b648408a087e180ad5d4030eb5973c454d4834cb3c
4,https://biblicalstudies.org.uk/articles_rcl_04.php,https://biblicalstudies.org.uk/pdf/rcl/18-4_363.pdf,"""Cambodia Recognises the Christian Church,"" Religion in Communist Lands 18.4 (1990): 363-364. pdf","""Cambodia Recognises the Christian Church,"" Religion in Communist Lands 18.4 (1990): 363-364. pdf [Reproduced by kind permission of the copyright holder]",200,https://biblicalstudies.org.uk/pdf/rcl/18-4_363.pdf,application/pdf,92295,True,c30bae64ef662b10a061e4d1cb105728c08c80f3d5695178dad1174bba589311
4,https://biblicalstudies.org.uk/articles_rcl_04.php,https://biblicalstudies.org.uk/pdf/rcl/18-4_365.pdf,""" Religion in China Today: Policy and Practice by Donald E. Macinnis. No Longer Strangers, Selected Writings of Bishop K.H. Ting Edited with an Introduction by Raymond L. Whitehead. The Church and Socialism in Cuba by Raul Gomez Treto. Translated from the Spanish by Phillip Berryman. The Puzzle of the Soviet Church. An Inside Look at Christianity and Glasnost by Kent R. Hill. The World Council of Churches and Politics 1975-1986 by J.A. Emerson Vermaat,"" 365-383. pdf",""" Religion in China Today: Policy and Practice by Donald E. Macinnis. No Longer Strangers, Selected Writings of Bishop K.H. Ting Edited with an Introduction by Raymond L. Whitehead. The Church and Socialism in Cuba by Raul Gomez Treto. Translated from the Spanish by Phillip Berryman. The Puzzle of the Soviet Church. An Inside Look at Christianity and Glasnost by Kent R. Hill. The World Council of Churches and Politics 1975-1986 by J.A. Emerson Vermaat,"" 365-383. pdf [Reproduced by kind permission of the copyright holder]",200,https://biblicalstudies.org.uk/pdf/rcl/18-4_365.pdf,application/pdf,814904,True,31c0ae6ccd27033d4aea35cec6a8b6be64bd28afe05c81cb240c91625da4baf6
4,https://biblicalstudies.org.uk/articles_rcl_04.php,https://biblicalstudies.org.uk/pdf/rcl/19-1-2_004.pdf,"Editorial, 3-4. pdf","Editorial, 3-4. pdf [Reproduced by kind permission of the copyright holder]",200,https://biblicalstudies.org.uk/pdf/rcl/19-1-2_004.pdf,application/pdf,54902,True,b1a7cbd112565dce1b2a9ae260576645f6b794f739ce3338d743c3112e00dd10
4,https://biblicalstudies.org.uk/articles_rcl_04.php,https://biblicalstudies.org.uk/pdf/rcl/19-1-2_005.pdf,"Conference Programme, 5-7. pdf","Conference Programme, 5-7. pdf [Reproduced by kind permission of the copyright holder]",200,https://biblicalstudies.org.uk/pdf/rcl/19-1-2_005.pdf,application/pdf,57165,True,a3730ac680e1a96bf05d1e643245a004919fb9a8bc3e5fb53c9e63478e524231
4,https://biblicalstudies.org.uk/articles_rcl_04.php,https://biblicalstudies.org.uk/pdf/rcl/19-1-2_008.pdf,"Leo Chamberlain, ""Ampleforth Conference 90,"" Religion in Communist Lands 19.1-2 (1991): 8-13. pdf","Leo Chamberlain, ""Ampleforth Conference 90,"" Religion in Communist Lands 19.1-2 (1991): 8-13. pdf [Reproduced by kind permission of the copyright holder]",200,https://biblicalstudies.org.uk/pdf/rcl/19-1-2_008.pdf,application/pdf,142451,True,05462cc6a3a88a95bd6612e8422d89840a8b77d20489d7a62c575be92dd95951
4,https://biblicalstudies.org.uk/articles_rcl_04.php,https://biblicalstudies.org.uk/pdf/rcl/19-1-2_014.pdf,"Cardinal Basil Hume, ""Chairman's Opening Address to the 1990 Ampleforth Conference,"" Religion in Communist Lands 19.1-2 (1991): 14-19. pdf","Cardinal Basil Hume, ""Chairman's Opening Address to the 1990 Ampleforth Conference,"" Religion in Communist Lands 19.1-2 (1991): 14-19. pdf [Reproduced by kind permission of the copyright holder]",200,https://biblicalstudies.org.uk/pdf/rcl/19-1-2_014.pdf,application/pdf,142869,True,78d574bad7c9625cf9fa3de323d6df14d7159d2d7cbbdb8cb0756e6012de2594
4,https://biblicalstudies.org.uk/articles_rcl_04.php,https://biblicalstudies.org.uk/pdf/rcl/19-1-2_020.pdf,"Archbishop Sustar, ""Belief in Central and Eastern Europe Today,"" Religion in Communist Lands 19.1-2 (1991): 20-29. pdf","Archbishop Sustar, ""Belief in Central and Eastern Europe Today,"" Religion in Communist Lands 19.1-2 (1991): 20-29. pdf [Reproduced by kind permission of the copyright holder]",200,https://biblicalstudies.org.uk/pdf/rcl/19-1-2_020.pdf,application/pdf,239141,True,d264fdd3da7ed7c5fc1f9c2bb51e6c4298ba267fe6811e43304596e02628d24a
4,https://biblicalstudies.org.uk/articles_rcl_04.php,https://biblicalstudies.org.uk/pdf/rcl/19-1-2_030.pdf,"Stefan Wilkanowicz, ""The Problems and Tasks Confronting the Church in Central and Eastern Europe Today,"" Religion in Communist Lands 19.1-2 (1991): 30-36. pdf","Stefan Wilkanowicz, ""The Problems and Tasks Confronting the Church in Central and Eastern Europe Today,"" Religion in Communist Lands 19.1-2 (1991): 30-36. pdf [Reproduced by kind permission of the copyright holder]",200,https://biblicalstudies.org.uk/pdf/rcl/19-1-2_030.pdf,application/pdf,156452,True,d2d754d006c44ab35eb554f5b76cf66dc3c8cfaca5197e1d76b2d5938d341f5f
4,https://biblicalstudies.org.uk/articles_rcl_04.php,https://biblicalstudies.org.uk/pdf/rcl/19-1-2_037.pdf,"Bogdan Tranda, ""The Situation of Protestants in Today's Poland,"" Religion in Communist Lands 19.1-2 (1991): 37-44. pdf","Bogdan Tranda, ""The Situation of Protestants in Today's Poland,"" Religion in Communist Lands 19.1-2 (1991): 37-44. pdf [Reproduced by kind permission of the copyright holder]",200,https://biblicalstudies.org.uk/pdf/rcl/19-1-2_037.pdf,application/pdf,197175,True,047ff7da4e33ef7a48cdfd31bbaa3419d8180d3ad2f10557f9595bc08bf8a08d
4,https://biblicalstudies.org.uk/articles_rcl_04.php,https://biblicalstudies.org.uk/pdf/rcl/19-1-2_044.pdf,"Oto Mádr, ""The Struggle of the Czech Church: What We Can Learn from a Theological Analysis,"" Religion in Communist Lands 19.1-2 (1991): 45-52. pdf","Oto Mádr, ""The Struggle of the Czech Church: What We Can Learn from a Theological Analysis,"" Religion in Communist Lands 19.1-2 (1991): 45-52. pdf [Reproduced by kind permission of the copyright holder]",200,https://biblicalstudies.org.uk/pdf/rcl/19-1-2_044.pdf,application/pdf,180882,True,a113a033528c6c9cb08a05785b6e52081eb2259312a4088b220dca20b750ec93
4,https://biblicalstudies.org.uk/articles_rcl_04.php,https://biblicalstudies.org.uk/pdf/rcl/19-1-2_053.pdf,"Tomás Halík,  ""Church and Society in Czechoslovakia: the Evangelisation of a Post-Communist Country,"" Religion in Communist Lands 19.1-2 (1991): 53-57. pdf","Tomás Halík,  ""Church and Society in Czechoslovakia: the Evangelisation of a Post-Communist Country,"" Religion in Communist Lands 19.1-2 (1991): 53-57. pdf [Reproduced by kind permission of the copyright holder]",200,https://biblicalstudies.org.uk/pdf/rcl/19-1-2_053.pdf,application/pdf,114259,True,f91178249ff1e64b5e5d7eccef1073668e294a57355ad29b1706e51c45d5ff2a
4,https://biblicalstudies.org.uk/articles_rcl_04.php,https://biblicalstudies.org.uk/pdf/rcl/19-1-2_058.pdf,"Lásló Lukács, ""Opportunities for the Church in the 'Quiet Revolution' in Hungary,"" Religion in Communist Lands 19.1-2 (1991): 58-65. pdf","Lásló Lukács, ""Opportunities for the Church in the 'Quiet Revolution' in Hungary,"" Religion in Communist Lands 19.1-2 (1991): 58-65. pdf [Reproduced by kind permission of the copyright holder]",200,https://biblicalstudies.org.uk/pdf/rcl/19-1-2_058.pdf,application/pdf,188768,True,4eb3ec52c614310b7e9f0b742962382c50eec1d657761cd3be5d2ebccce5fafd
4,https://biblicalstudies.org.uk/articles_rcl_04.php,https://biblicalstudies.org.uk/pdf/rcl/19-1-2_066.pdf,"Constantin Galeriu, ""A Time of Change: Fundamental Options in the Present Dialogue between Believers and Society,"" Religion in Communist Lands 19.1-2 (1991): 66-74. pdf","Constantin Galeriu, ""A Time of Change: Fundamental Options in the Present Dialogue between Believers and Society,"" Religion in Communist Lands 19.1-2 (1991): 66-74. pdf [Reproduced by kind permission of the copyright holder]",200,https://biblicalstudies.org.uk/pdf/rcl/19-1-2_066.pdf,application/pdf,230817,True,ebe63908910b8118ad28f96d388719e375dcd59fa3b214c3e4b808938fae4d4b
4,https://biblicalstudies.org.uk/articles_rcl_04.php,https://biblicalstudies.org.uk/pdf/rcl/19-1-2_075.pdf,"Vladimir Poresh, ""Faith and Lack of Faith in Russia,"" Religion in Communist Lands 19.1-2 (1991): 75-81. pdf","Vladimir Poresh, ""Faith and Lack of Faith in Russia,"" Religion in Communist Lands 19.1-2 (1991): 75-81. pdf [Reproduced by kind permission of the copyright holder]",200,https://biblicalstudies.org.uk/pdf/rcl/19-1-2_075.pdf,application/pdf,173696,True,26775ef4e169af33dfb061e4aaf56b83ce7e3e9607ff0b3e7025ccea5746f1ba
4,https://biblicalstudies.org.uk/articles_rcl_04.php,https://biblicalstudies.org.uk/pdf/rcl/19-1-2_082.pdf,"Géza Németh, ""Chritianity's Anwer to Nationalism,"" Religion in Communist Lands 19.1-2 (1991): 82-87. pdf","Géza Németh, ""Chritianity's Anwer to Nationalism,"" Religion in Communist Lands 19.1-2 (1991): 82-87. pdf [Reproduced by kind permission of the copyright holder]",200,https://biblicalstudies.org.uk/pdf/rcl/19-1-2_082.pdf,application/pdf,152066,True,c75ee1193ee2a345037983b3946fd2321ccb6835475c71da7e7a12ffe286a8b7
4,https://biblicalstudies.org.uk/articles_rcl_04.php,https://biblicalstudies.org.uk/pdf/rcl/19-1-2_088.pdf,"Hans Joachim Meyer, ""The Contribution of Catholic Christians in Social Renewal in East Germany,"" Religion in Communist Lands 19.1-2 (1991): 88-94. pdf","Hans Joachim Meyer, ""The Contribution of Catholic Christians in Social Renewal in East Germany,"" Religion in Communist Lands 19.1-2 (1991): 88-94. pdf [Reproduced by kind permission of the copyright holder]",200,https://biblicalstudies.org.uk/pdf/rcl/19-1-2_088.pdf,application/pdf,179619,True,35309af8cc947216a311eb466edee4740f0c35865c4cb5e14a026a3e55d0c7fe
4,https://biblicalstudies.org.uk/articles_rcl_04.php,https://biblicalstudies.org.uk/pdf/rcl/19-1-2_095.pdf,"Peter Hünermann, ""Christian Faith and the Janus-Headed European: Observations on Modern Trends in East and West,"" Religion in Communist Lands 19.1-2 (1991): 95-111. pdf","Peter Hünermann, ""Christian Faith and the Janus-Headed European: Observations on Modern Trends in East and West,"" Religion in Communist Lands 19.1-2 (1991): 95-111. pdf [Reproduced by kind permission of the copyright holder]",200,https://biblicalstudies.org.uk/pdf/rcl/19-1-2_095.pdf,application/pdf,423137,True,8412b0b870b80185999dece04ec6bc163c6e688962a611402dfc66fa7568a0c9
4,https://biblicalstudies.org.uk/articles_rcl_04.php,https://biblicalstudies.org.uk/pdf/rcl/19-1-2_112.pdf,"Hubertus Dessloch, ""The Social Market Economy in Germany and in Europe - Principles and Perspectives,"" Religion in Communist Lands 19.1-2 (1991): 112-118. pdf","Hubertus Dessloch, ""The Social Market Economy in Germany and in Europe - Principles and Perspectives,"" Religion in Communist Lands 19.1-2 (1991): 112-118. pdf [Reproduced by kind permission of the copyright holder]",200,https://biblicalstudies.org.uk/pdf/rcl/19-1-2_112.pdf,application/pdf,162942,True,b7c4aa546ff178788295d7a7b1e0fb99ab10e8a486769f26c3033dbc51a44856
4,https://biblicalstudies.org.uk/articles_rcl_04.php,https://biblicalstudies.org.uk/pdf/rcl/19-1-2_119.pdf,"Giovanni Codevilla, ""Commentary on the New Societ Law on Freedom of Conscience,"" Religion in Communist Lands 19.1-2 (1991): 119-145. pdf","Giovanni Codevilla, ""Commentary on the New Societ Law on Freedom of Conscience,"" Religion in Communist Lands 19.1-2 (1991): 119-145. pdf [Reproduced by kind permission of the copyright holder]",200,https://biblicalstudies.org.uk/pdf/rcl/19-1-2_119.pdf,application/pdf,662657,True,09931631a85986e6c6f6e9ea512e8ea1e68fa770f9d8f06eac4884952aeb8ed4
4,https://biblicalstudies.org.uk/articles_rcl_04.php,https://biblicalstudies.org.uk/pdf/rcl/19-1-2_146.pdf,""" Gorbachev, Glanost and The Gospel by Michael Bourdeaux; The Lutheran Church and the East German State: Political Conflict and Change under Ulbricht and Honecker by Robert F. Goeckel; With God, For the People by Lazlo Tokes with David Porter; In the Eye of the Romanian Storm by Felix Corley and John Eibner,"" 146-154. pdf",""" Gorbachev, Glanost and The Gospel by Michael Bourdeaux; The Lutheran Church and the East German State: Political Conflict and Change under Ulbricht and Honecker by Robert F. Goeckel; With God, For the People by Lazlo Tokes with David Porter; In the Eye of the Romanian Storm by Felix Corley and John Eibner,"" 146-154. pdf [Reproduced by kind permission of the copyright holder]",200,https://biblicalstudies.org.uk/pdf/rcl/19-1-2_146.pdf,application/pdf,300442,True,c998a10d15d6da607aa26a92a7c83de5ed863aa960ccb199442a5b229e44e868
4,https://biblicalstudies.org.uk/articles_rcl_04.php,https://biblicalstudies.org.uk/pdf/rcl/19-3-4_158.pdf,"Editorial, 158-159. pdf","Editorial, 158-159. pdf [Reproduced by kind permission of the copyright holder]",200,https://biblicalstudies.org.uk/pdf/rcl/19-3-4_158.pdf,application/pdf,84088,True,b8c4000e0c0a083f5c37cdd4642581d3768b913a8054077c4f053ce25934b729
4,https://biblicalstudies.org.uk/articles_rcl_04.php,https://biblicalstudies.org.uk/pdf/rcl/19-3-4_160.pdf,"Sabrina Petra Ramet, ""Protestantism in East Germany, 1949-1989:A Summing Up,"" Religion in Communist Lands 19.3-4 (1991): 160-196. pdf","Sabrina Petra Ramet, ""Protestantism in East Germany, 1949-1989:A Summing Up,"" Religion in Communist Lands 19.3-4 (1991): 160-196. pdf [Reproduced by kind permission of the copyright holder]",200,https://biblicalstudies.org.uk/pdf/rcl/19-3-4_160.pdf,application/pdf,1559824,True,40b0e1a95b8a0c194029e19cff5c9af432e101c3a53a1ec948220036f113ff62
4,https://biblicalstudies.org.uk/articles_rcl_04.php,https://biblicalstudies.org.uk/pdf/rcl/19-3-4_197.pdf,"Bishop Schonherr, ""Church and State in the GDR,"" Religion in Communist Lands 19.3-4 (1991): 197-206. pdf","Bishop Schonherr, ""Church and State in the GDR,"" Religion in Communist Lands 19.3-4 (1991): 197-206. pdf [Reproduced by kind permission of the copyright holder]",200,https://biblicalstudies.org.uk/pdf/rcl/19-3-4_197.pdf,application/pdf,416371,True,40b0ea5bf997d106ea73beae0de369c3a8dae994126b9c832d3a726845e2ead2
4,https://biblicalstudies.org.uk/articles_rcl_04.php,https://biblicalstudies.org.uk/pdf/rcl/19-3-4_207.pdf,"Vera Wollenberger, ""The Role of the Lutheran Church in the 207 Democratic Movement in the GDR,"" Religion in Communist Lands 19.3-4 (1991): 207-210. pdf","Vera Wollenberger, ""The Role of the Lutheran Church in the 207 Democratic Movement in the GDR,"" Religion in Communist Lands 19.3-4 (1991): 207-210. pdf [Reproduced by kind permission of the copyright holder]",200,https://biblicalstudies.org.uk/pdf/rcl/19-3-4_207.pdf,application/pdf,171374,True,3deb1ae5cb282afa1e297fe7f0b4e0172c4b896cc479af10cf54cf100f08a848
4,https://biblicalstudies.org.uk/articles_rcl_04.php,https://biblicalstudies.org.uk/pdf/rcl/19-3-4_211.pdf,"Fr Hans-Friedrich Fischer, ""The Catholic Church in the GDR: A Look Back in Anger,"" Religion in Communist Lands 19.3-4 (1991): 211-219. pdf","Fr Hans-Friedrich Fischer, ""The Catholic Church in the GDR: A Look Back in Anger,"" Religion in Communist Lands 19.3-4 (1991): 211-219. pdf [Reproduced by kind permission of the copyright holder]",200,https://biblicalstudies.org.uk/pdf/rcl/19-3-4_211.pdf,application/pdf,393045,True,8b297d5945403c9d8ea3cc1b2bf7c658e2de6be9eb0240957a53b2dc9bb91858
4,https://biblicalstudies.org.uk/articles_rcl_04.php,https://biblicalstudies.org.uk/pdf/rcl/19-3-4_220.pdf,"Petr Pitha,.""The Heritage of Wenceslas,"" Religion in Communist Lands 19.3-4 (1991): 220-238. pdf","Petr Pitha,.""The Heritage of Wenceslas,"" Religion in Communist Lands 19.3-4 (1991): 220-238. pdf [Reproduced by kind permission of the copyright holder]",200,https://biblicalstudies.org.uk/pdf/rcl/19-3-4_220.pdf,application/pdf,877407,True,0be3809cf84b680fee1ce0f4ccd47419e2fc851fd5b47c7d4129d0fb67cb703f
4,https://biblicalstudies.org.uk/articles_rcl_04.php,https://biblicalstudies.org.uk/pdf/rcl/19-3-4_239.pdf,"Vladimir Moss, ""The True Orthodox Church of Russia,"" Religion in Communist Lands 19.3-4 (1991): 239-250. pdf","Vladimir Moss, ""The True Orthodox Church of Russia,"" Religion in Communist Lands 19.3-4 (1991): 239-250. pdf [Reproduced by kind permission of the copyright holder]",200,https://biblicalstudies.org.uk/pdf/rcl/19-3-4_239.pdf,application/pdf,519669,True,c870854c44d5437efc144e5009e9c8409aa52dada20b91f553ecf0197c77c833
4,https://biblicalstudies.org.uk/articles_rcl_04.php,https://biblicalstudies.org.uk/pdf/rcl/19-3-4_251.pdf,"Fr Serge Keleher, ""Out of the Catacombs: The Greek-Catholic Church in Ukraine,"" Religion in Communist Lands 19.3-4 (1991): 251-264. pdf","Fr Serge Keleher, ""Out of the Catacombs: The Greek-Catholic Church in Ukraine,"" Religion in Communist Lands 19.3-4 (1991): 251-264. pdf [Reproduced by kind permission of the copyright holder]",200,https://biblicalstudies.org.uk/pdf/rcl/19-3-4_251.pdf,application/pdf,553701,True,1f660692ae3a1dffadc4834e47f5a4406654cf4d72d402b36274b0d99faf91a2
4,https://biblicalstudies.org.uk/articles_rcl_04.php,https://biblicalstudies.org.uk/pdf/rcl/19-3-4_264.pdf,"""Obituary: Anatoli Levitin-Krasnov 1915-1991,""","""Obituary: Anatoli Levitin-Krasnov 1915-1991,"" Religion in Communist Lands 19.3-4 (1991): 264-270. pdf [Reproduced by kind permission of the copyright holder]",200,https://biblicalstudies.org.uk/pdf/rcl/19-3-4_264.pdf,application/pdf,281199,True,744384d0240d93927730c0d2dc815a2b5226d7561652a010d097fc5195978abc
4,https://biblicalstudies.org.uk/articles_rcl_04.php,https://biblicalstudies.org.uk/pdf/rcl/19-3-4_271.pdf,"Theses, 271-280. pdf","Theses, 271-280. pdf [Reproduced by kind permission of the copyright holder]",200,https://biblicalstudies.org.uk/pdf/rcl/19-3-4_271.pdf,application/pdf,243125,True,3297764f23611cf1328dc4381ac272794f5585fd2bdd2448ff8d7cc34f66b245
4,https://biblicalstudies.org.uk/articles_rcl_04.php,https://biblicalstudies.org.uk/pdf/rcl/19-3-4_281.pdf,""" Reinvigorating The International Christian-Marxist Dialogue (Dialectics and Humanism: The Polish Philosophical Quarterly Vol. XVI No. 3-4, 1989), Guest Editor Paul Mojzes; The Catholic-Marxist Ideological Dialogue in Poland , 1945-1980 By Norbert A. Zmijewski; A Romániai Magyar Református Egyház élete 1944-1989 (The Life of the Hungarian Reformed Church in Romania, 1944-1989) by Istvdn Token, 281-286.",""" Reinvigorating The International Christian-Marxist Dialogue (Dialectics and Humanism: The Polish Philosophical Quarterly Vol. XVI No. 3-4, 1989), Guest Editor Paul Mojzes; The Catholic-Marxist Ideological Dialogue in Poland , 1945-1980 By Norbert A. Zmijewski; A Romániai Magyar Református Egyház élete 1944-1989 (The Life of the Hungarian Reformed Church in Romania, 1944-1989) by Istvdn Token, 281-286.",200,https://biblicalstudies.org.uk/pdf/rcl/19-3-4_281.pdf,application/pdf,305553,True,3db0fb2d34b3b2be5ea9652a0ba25ea227a2c6654d483424c87bc2b07e13c265
