source_page,volume,issue,url,status,pdf_magic,content_type,final_url,context,raw_href,first_hex
https://www.biblicalstudies.org.uk/articles_bible-student_02.php,19,1,https://www.biblicalstudies.org.uk/pdf/bible-student/bible-student_19-1_001.pdf,206,True,application/pdf,https://www.biblicalstudies.org.uk/pdf/bible-student/bible-student_19-1_001.pdf,"Alfred McDonald Redwood, ""Editorial: Let the Bible Speak,"" The Bible Student , n.s. 19.1 (Jan. 1948): 1-5. pdf [All reasonable efforts have been made to contact the copyright holder of this article without success. If you hold the rights, please contact me ]",pdf/bible-student/bible-student_19-1_001.pdf,255044462d312e36
https://www.biblicalstudies.org.uk/articles_bible-student_02.php,19,1,https://www.biblicalstudies.org.uk/pdf/bible-student/bible-student_19-1_006.pdf,206,True,application/pdf,https://www.biblicalstudies.org.uk/pdf/bible-student/bible-student_19-1_006.pdf,"W. Graham Scroggie [1877-1958], ""The First Epistle to the Corinthians,"" The Bible Student , n.s. 19.1 (Jan. 1948): 6-12. pdf [This material is in the Public Domain]",pdf/bible-student/bible-student_19-1_006.pdf,255044462d312e36
https://www.biblicalstudies.org.uk/articles_bible-student_02.php,19,1,https://www.biblicalstudies.org.uk/pdf/bible-student/bible-student_19-1_013.pdf,206,True,application/pdf,https://www.biblicalstudies.org.uk/pdf/bible-student/bible-student_19-1_013.pdf,"Alfred McDonald Redwood, ""The Necessity of Balanced Emphasis,"" The Bible Student , n.s. 19.1 (Jan. 1948): 13-17. pdf [All reasonable efforts have been made to contact the copyright holder of this article without success. If you hold the rights, please contact me ]",pdf/bible-student/bible-student_19-1_013.pdf,255044462d312e36
https://www.biblicalstudies.org.uk/articles_bible-student_02.php,19,1,https://www.biblicalstudies.org.uk/pdf/bible-student/bible-student_19-1_018.pdf,206,True,application/pdf,https://www.biblicalstudies.org.uk/pdf/bible-student/bible-student_19-1_018.pdf,"Rowland H.C. Hill, ""The Biblical Doctrine of the Trinity,"" The Bible Student , n.s. 19.1 (Jan. 1948): 18-21. pdf [All reasonable efforts have been made to contact the copyright holder of this article without success. If you hold the rights, please contact me ]",pdf/bible-student/bible-student_19-1_018.pdf,255044462d312e36
https://www.biblicalstudies.org.uk/articles_bible-student_02.php,19,1,https://www.biblicalstudies.org.uk/pdf/bible-student/bible-student_19-1_022.pdf,206,True,application/pdf,https://www.biblicalstudies.org.uk/pdf/bible-student/bible-student_19-1_022.pdf,"R. McCormack, ""Peter's Missionary Journeys,"" The Bible Student , n.s. 19.1 (Jan. 1948): 22-28. pdf [All reasonable efforts have been made to contact the copyright holder of this article without success. If you hold the rights, please contact me ]",pdf/bible-student/bible-student_19-1_022.pdf,255044462d312e36
https://www.biblicalstudies.org.uk/articles_bible-student_02.php,19,1,https://www.biblicalstudies.org.uk/pdf/bible-student/bible-student_19-1_029.pdf,206,True,application/pdf,https://www.biblicalstudies.org.uk/pdf/bible-student/bible-student_19-1_029.pdf,"William Edwy Vine [1873-1949], ""Notes on Hebrews,"" The Bible Student , n.s. 19.1 (Jan. 1948): 29-33. pdf [This material is in the Public Domain]",pdf/bible-student/bible-student_19-1_029.pdf,255044462d312e36
https://www.biblicalstudies.org.uk/articles_bible-student_02.php,19,1,https://www.biblicalstudies.org.uk/pdf/bible-student/bible-student_19-1_034.pdf,206,True,application/pdf,https://www.biblicalstudies.org.uk/pdf/bible-student/bible-student_19-1_034.pdf,"Alfred McDonald Redwood, ""An Introduction to the Pentateuch,"" The Bible Student , n.s. 19.1 (Jan. 1948): 34-40. pdf [All reasonable efforts have been made to contact the copyright holder of this article without success. If you hold the rights, please contact me ]",pdf/bible-student/bible-student_19-1_034.pdf,255044462d312e36
https://www.biblicalstudies.org.uk/articles_bible-student_02.php,19,1,https://www.biblicalstudies.org.uk/pdf/bible-student/bible-student_19-1_040.pdf,206,True,application/pdf,https://www.biblicalstudies.org.uk/pdf/bible-student/bible-student_19-1_040.pdf,"""Alfred Edershem: Hebrew Christian Scholar; Theologian; Author, and Preacher,"" The Bible Student , n.s. 19.1 (Jan. 1948): 40-42. pdf [This material is in the Public Domain]",pdf/bible-student/bible-student_19-1_040.pdf,255044462d312e36
https://www.biblicalstudies.org.uk/articles_bible-student_02.php,19,2,https://www.biblicalstudies.org.uk/pdf/bible-student/bible-student_19-2_049.pdf,206,True,application/pdf,https://www.biblicalstudies.org.uk/pdf/bible-student/bible-student_19-2_049.pdf,"Alfred McDonald Redwood, ""Exegetical Study of Colossians,"" The Bible Student , n.s. 19.1 (Jan. 1948): 42-48,17. pdf [All reasonable efforts have been made to contact the copyright holder of this article without success. If you hold the rights, please contact me ]",pdf/bible-student/bible-student_19-2_049.pdf,255044462d312e36
https://www.biblicalstudies.org.uk/articles_bible-student_02.php,19,2,https://www.biblicalstudies.org.uk/pdf/bible-student/bible-student_19-2_054.pdf,206,True,application/pdf,https://www.biblicalstudies.org.uk/pdf/bible-student/bible-student_19-2_054.pdf,"William Edwy Vine [1873-1949], ""Notes on Hebrews,"" The Bible Student , n.s. 19.2 (April 1948): 54-59. pdf [This material is in the Public Domain]",pdf/bible-student/bible-student_19-2_054.pdf,255044462d312e36
https://www.biblicalstudies.org.uk/articles_bible-student_02.php,19,2,https://www.biblicalstudies.org.uk/pdf/bible-student/bible-student_19-2_060.pdf,206,True,application/pdf,https://www.biblicalstudies.org.uk/pdf/bible-student/bible-student_19-2_060.pdf,"Rowland H.G. Hill, ""To Whom Does Palestine Belong?"" The Bible Student , n.s. 19.2 (April 1948): 60-65. pdf [All reasonable efforts have been made to contact the copyright holder of this article without success. If you hold the rights, please contact me ]",pdf/bible-student/bible-student_19-2_060.pdf,255044462d312e36
https://www.biblicalstudies.org.uk/articles_bible-student_02.php,19,2,https://www.biblicalstudies.org.uk/pdf/bible-student/bible-student_19-2_065.pdf,206,True,application/pdf,https://www.biblicalstudies.org.uk/pdf/bible-student/bible-student_19-2_065.pdf,"Alfred McDonald Redwood, ""An Introducton to the Pentateuch,"" The Bible Student , n.s. 19.2 (April 1948): 65-70. pdf [All reasonable efforts have been made to contact the copyright holder of this article without success. If you hold the rights, please contact me ]",pdf/bible-student/bible-student_19-2_065.pdf,255044462d312e36
https://www.biblicalstudies.org.uk/articles_bible-student_02.php,19,2,https://www.biblicalstudies.org.uk/pdf/bible-student/bible-student_19-2_070.pdf,206,True,application/pdf,https://www.biblicalstudies.org.uk/pdf/bible-student/bible-student_19-2_070.pdf,"W. Graham Scroggie [1877-1958], ""The First Epistle to the Corinthians,"" The Bible Student , n.s. 19.2 (April 1948): 70-77. pdf [This material is in the Public Domain]",pdf/bible-student/bible-student_19-2_070.pdf,255044462d312e36
https://www.biblicalstudies.org.uk/articles_bible-student_02.php,19,2,https://www.biblicalstudies.org.uk/pdf/bible-student/bible-student_19-2_078.pdf,206,True,application/pdf,https://www.biblicalstudies.org.uk/pdf/bible-student/bible-student_19-2_078.pdf,"The Late Prof. William Henry Griffith Thomas [1861-1924], ""The Word of God and the Man of God,"" The Bible Student , n.s. 19.2 (April 1948): 78-87. pdf [This material is in the Public Domain]",pdf/bible-student/bible-student_19-2_078.pdf,255044462d312e36
https://www.biblicalstudies.org.uk/articles_bible-student_02.php,19,2,https://www.biblicalstudies.org.uk/pdf/bible-student/bible-student_19-2_088.pdf,206,True,application/pdf,https://www.biblicalstudies.org.uk/pdf/bible-student/bible-student_19-2_088.pdf,"Rowland H.C. Hill, ""The Biblical Doctrine of the Trinity—2,"" The Bible Student , n.s. 19.2 (April 1948): 88-92. pdf [All reasonable efforts have been made to contact the copyright holder of this article without success. If you hold the rights, please contact me ]",pdf/bible-student/bible-student_19-2_088.pdf,255044462d312e36
https://www.biblicalstudies.org.uk/articles_bible-student_02.php,19,2,https://www.biblicalstudies.org.uk/pdf/bible-student/bible-student_19-2_092.pdf,206,True,application/pdf,https://www.biblicalstudies.org.uk/pdf/bible-student/bible-student_19-2_092.pdf,"Alfred McDonald Redwood, ""Exegetical Study of Colossians, Chapter 2, verse 3,"" The Bible Student , n.s. 19.2 (April 1948): 92-96. pdf [All reasonable efforts have been made to contact the copyright holder of this article without success. If you hold the rights, please contact me ]",pdf/bible-student/bible-student_19-2_092.pdf,255044462d312e36
https://www.biblicalstudies.org.uk/articles_bible-student_02.php,19,3,https://www.biblicalstudies.org.uk/pdf/bible-student/bible-student_19-3_097.pdf,206,True,application/pdf,https://www.biblicalstudies.org.uk/pdf/bible-student/bible-student_19-3_097.pdf,"David Morrieson Panton [1870-1955], ""Casting Anxiety on God,"" The Bible Student , n.s. 19.3 (July 1948): 97-100. pdf [This material is in the Public Domain]",pdf/bible-student/bible-student_19-3_097.pdf,255044462d312e36
https://www.biblicalstudies.org.uk/articles_bible-student_02.php,19,3,https://www.biblicalstudies.org.uk/pdf/bible-student/bible-student_19-3_101.pdf,206,True,application/pdf,https://www.biblicalstudies.org.uk/pdf/bible-student/bible-student_19-3_101.pdf,"John Mostert, ""Can We Trust the Modern Versions,"" The Bible Student , n.s. 19.3 (July 1948): 101-110. pdf [All reasonable efforts have been made to contact the copyright holder of this article without success. If you hold the rights, please contact me ]",pdf/bible-student/bible-student_19-3_101.pdf,255044462d312e36
https://www.biblicalstudies.org.uk/articles_bible-student_02.php,19,3,https://www.biblicalstudies.org.uk/pdf/bible-student/bible-student_19-3_110.pdf,206,True,application/pdf,https://www.biblicalstudies.org.uk/pdf/bible-student/bible-student_19-3_110.pdf,"Alfred McDonald Redwood, ""An Introduction to the Pentateuch,"" The Bible Student , n.s. 19.3 (July 1948): 110-117. pdf [All reasonable efforts have been made to contact the copyright holder of this article without success. If you hold the rights, please contact me ]",pdf/bible-student/bible-student_19-3_110.pdf,255044462d312e36
https://www.biblicalstudies.org.uk/articles_bible-student_02.php,19,3,https://www.biblicalstudies.org.uk/pdf/bible-student/bible-student_19-3_118.pdf,206,True,application/pdf,https://www.biblicalstudies.org.uk/pdf/bible-student/bible-student_19-3_118.pdf,"William Edwy Vine [1873-1949], ""Notes on Hebrews,"" The Bible Student , n.s. 19.3 (July 1948): 118-123. pdf [This material is in the Public Domain]",pdf/bible-student/bible-student_19-3_118.pdf,255044462d312e36
https://www.biblicalstudies.org.uk/articles_bible-student_02.php,19,3,https://www.biblicalstudies.org.uk/pdf/bible-student/bible-student_19-3_124.pdf,206,True,application/pdf,https://www.biblicalstudies.org.uk/pdf/bible-student/bible-student_19-3_124.pdf,"""The Forgiveness of Sins, The Bible Student , n.s. 19.3 (July 1948): 124-129. pdf [This material is in the Public Domain]",pdf/bible-student/bible-student_19-3_124.pdf,255044462d312e36
https://www.biblicalstudies.org.uk/articles_bible-student_02.php,19,3,https://www.biblicalstudies.org.uk/pdf/bible-student/bible-student_19-3_130.pdf,206,True,application/pdf,https://www.biblicalstudies.org.uk/pdf/bible-student/bible-student_19-3_130.pdf,"W. Graham Scroggie [1877-1958], ""The First Epistle to the Corinthians,"" The Bible Student , n.s. 19.3 (July 1948): 130-137. pdf [This material is in the Public Domain]",pdf/bible-student/bible-student_19-3_130.pdf,255044462d312e36
https://www.biblicalstudies.org.uk/articles_bible-student_02.php,19,3,https://www.biblicalstudies.org.uk/pdf/bible-student/bible-student_19-3_138.pdf,206,True,application/pdf,https://www.biblicalstudies.org.uk/pdf/bible-student/bible-student_19-3_138.pdf,"Alfred McDonald Redwood, ""Exegetical Study of Colossians, Chapter 2, verse 5,"" The Bible Student , n.s. 19.3 (July 1948): 138-144. pdf [All reasonable efforts have been made to contact the copyright holder of this article without success. If you hold the rights, please contact me ]",pdf/bible-student/bible-student_19-3_138.pdf,255044462d312e36
https://www.biblicalstudies.org.uk/articles_bible-student_02.php,19,4,https://www.biblicalstudies.org.uk/pdf/bible-student/bible-student_19-4_145.pdf,206,True,application/pdf,https://www.biblicalstudies.org.uk/pdf/bible-student/bible-student_19-4_145.pdf,"Alfred McDonald Redwood, ""THe Holy Spirit and the Mind,"" The Bible Student , n.s. 19.4 (Oct. 1948): 145-152. pdf [All reasonable efforts have been made to contact the copyright holder of this article without success. If you hold the rights, please contact me ]",pdf/bible-student/bible-student_19-4_145.pdf,255044462d312e36
https://www.biblicalstudies.org.uk/articles_bible-student_02.php,19,4,https://www.biblicalstudies.org.uk/pdf/bible-student/bible-student_19-4_152.pdf,206,True,application/pdf,https://www.biblicalstudies.org.uk/pdf/bible-student/bible-student_19-4_152.pdf,"Rowland H.C. Hill, ""The Biblical Doctrine of the Trinity—3,"" The Bible Student , n.s. 19.4 (Oct. 1948): 152-156. pdf [All reasonable efforts have been made to contact the copyright holder of this article without success. If you hold the rights, please contact me ]",pdf/bible-student/bible-student_19-4_152.pdf,255044462d312e36
https://www.biblicalstudies.org.uk/articles_bible-student_02.php,19,4,https://www.biblicalstudies.org.uk/pdf/bible-student/bible-student_19-4_157.pdf,206,True,application/pdf,https://www.biblicalstudies.org.uk/pdf/bible-student/bible-student_19-4_157.pdf,"William Edwy Vine [1873-1949], ""Notes on Hebrews,"" The Bible Student , n.s. 19.4 (Oct. 1948): 157-163. pdf [This material is in the Public Domain]",pdf/bible-student/bible-student_19-4_157.pdf,255044462d312e36
https://www.biblicalstudies.org.uk/articles_bible-student_02.php,19,4,https://www.biblicalstudies.org.uk/pdf/bible-student/bible-student_19-4_163.pdf,206,True,application/pdf,https://www.biblicalstudies.org.uk/pdf/bible-student/bible-student_19-4_163.pdf,"Alfred McDonald Redwood, ""An Introduction to the Pentateuch,"" The Bible Student , n.s. 19.4 (Oct. 1948): 163-169. pdf [All reasonable efforts have been made to contact the copyright holder of this article without success. If you hold the rights, please contact me ]",pdf/bible-student/bible-student_19-4_163.pdf,255044462d312e36
https://www.biblicalstudies.org.uk/articles_bible-student_02.php,19,4,https://www.biblicalstudies.org.uk/pdf/bible-student/bible-student_19-4_170.pdf,206,True,application/pdf,https://www.biblicalstudies.org.uk/pdf/bible-student/bible-student_19-4_170.pdf,"Henry George Meecham [1886- ], ""Old Words with New Meanings: A New Testament Study,"" The Bible Student , n.s. 19.4 (Oct. 1948): 170-176. pdf [All reasonable efforts have been made to contact the copyright holder of this article without success. If you hold the rights, please contact me ]",pdf/bible-student/bible-student_19-4_170.pdf,255044462d312e36
https://www.biblicalstudies.org.uk/articles_bible-student_02.php,19,4,https://www.biblicalstudies.org.uk/pdf/bible-student/bible-student_19-4_177.pdf,206,True,application/pdf,https://www.biblicalstudies.org.uk/pdf/bible-student/bible-student_19-4_177.pdf,"W. Graham Scroggie [1877-1958], ""The First Epistle to the Corinthians,"" The Bible Student , n.s. 19.4 (Oct. 1948): 177-184. pdf [This material is in the Public Domain]",pdf/bible-student/bible-student_19-4_177.pdf,255044462d312e36
https://www.biblicalstudies.org.uk/articles_bible-student_02.php,19,4,https://www.biblicalstudies.org.uk/pdf/bible-student/bible-student_19-4_184.pdf,206,True,application/pdf,https://www.biblicalstudies.org.uk/pdf/bible-student/bible-student_19-4_184.pdf,"""Transformation Versus Evolution,"" The Bible Student , n.s. 19.4 (Oct. 1948): 184-192. pdf [This material is in the Public Domain]",pdf/bible-student/bible-student_19-4_184.pdf,255044462d312e36
https://www.biblicalstudies.org.uk/articles_bible-student_02.php,20,1,https://www.biblicalstudies.org.uk/pdf/bible-student/bible-student_20-1_001.pdf,206,True,application/pdf,https://www.biblicalstudies.org.uk/pdf/bible-student/bible-student_20-1_001.pdf,"Alfred McDonald Redwood, ""The Disciple,"" The Bible Student , n.s. 20.1 (Jan. 1949): 1-7. pdf [All reasonable efforts have been made to contact the copyright holder of this article without success. If you hold the rights, please contact me ]",pdf/bible-student/bible-student_20-1_001.pdf,255044462d312e36
https://www.biblicalstudies.org.uk/articles_bible-student_02.php,20,1,https://www.biblicalstudies.org.uk/pdf/bible-student/bible-student_20-1_009.pdf,206,True,application/pdf,https://www.biblicalstudies.org.uk/pdf/bible-student/bible-student_20-1_009.pdf,"F.F. Bruce [1910-1990], ""The Periods Between the Testaments. I. Political Development,"" The Bible Student , n.s. 20.1 (Jan. 1949): 9-15. pdf [© 1949 F.F. Bruce Copyright International, Inc., Bath, England, and Nashville, Tennessee. Reproduced by permission]",pdf/bible-student/bible-student_20-1_009.pdf,255044462d312e36
https://www.biblicalstudies.org.uk/articles_bible-student_02.php,20,1,https://www.biblicalstudies.org.uk/pdf/bible-student/bible-student_20-1_015.pdf,206,True,application/pdf,https://www.biblicalstudies.org.uk/pdf/bible-student/bible-student_20-1_015.pdf,"William Edwy Vine [1873-1949], ""Notes on Hebrews: Notes on Chap. 3:1-6,"" The Bible Student , n.s. 20.1 (Jan. 1949): 15-22. pdf [This material is in the Public Domain]",pdf/bible-student/bible-student_20-1_015.pdf,255044462d312e36
https://www.biblicalstudies.org.uk/articles_bible-student_02.php,20,1,https://www.biblicalstudies.org.uk/pdf/bible-student/bible-student_20-1_022.pdf,206,True,application/pdf,https://www.biblicalstudies.org.uk/pdf/bible-student/bible-student_20-1_022.pdf,"Rowland H.C. Hill, ""Bible Miracles,"" The Bible Student , n.s. 20.1 (Jan. 1949): 22-29. pdf [All reasonable efforts have been made to contact the copyright holder of this article without success. If you hold the rights, please contact me ]",pdf/bible-student/bible-student_20-1_022.pdf,255044462d312e36
https://www.biblicalstudies.org.uk/articles_bible-student_02.php,20,1,https://www.biblicalstudies.org.uk/pdf/bible-student/bible-student_20-1_029.pdf,206,True,application/pdf,https://www.biblicalstudies.org.uk/pdf/bible-student/bible-student_20-1_029.pdf,"""'He That is Wise Winneth Souls' (Proverbs 11:30). A Practical word to every Bible Student,"" The Bible Student , n.s. 20.1 (Jan. 1949): 29-31. pdf [This material is in the Public Domain]",pdf/bible-student/bible-student_20-1_029.pdf,255044462d312e36
https://www.biblicalstudies.org.uk/articles_bible-student_02.php,20,1,https://www.biblicalstudies.org.uk/pdf/bible-student/bible-student_20-1_031.pdf,206,True,application/pdf,https://www.biblicalstudies.org.uk/pdf/bible-student/bible-student_20-1_031.pdf,"Mrs Emma Booth Tucker, ""He Knelt in Prayer,"" The Bible Student , n.s. 20.1 (Jan. 1949): 31-33. pdf [All reasonable efforts have been made to contact the copyright holder of this article without success. If you hold the rights, please contact me ]",pdf/bible-student/bible-student_20-1_031.pdf,255044462d312e36
https://www.biblicalstudies.org.uk/articles_bible-student_02.php,20,1,https://www.biblicalstudies.org.uk/pdf/bible-student/bible-student_20-1_033.pdf,206,True,application/pdf,https://www.biblicalstudies.org.uk/pdf/bible-student/bible-student_20-1_033.pdf,"V.L. Dosworth, ""Fishing. On Board S.S. 'Queen Elizabeth',"" The Bible Student , n.s. 20.1 (Jan. 1949): 33-35. pdf [All reasonable efforts have been made to contact the copyright holder of this article without success. If you hold the rights, please contact me ]",pdf/bible-student/bible-student_20-1_033.pdf,255044462d312e36
https://www.biblicalstudies.org.uk/articles_bible-student_02.php,20,1,https://www.biblicalstudies.org.uk/pdf/bible-student/bible-student_20-1_036.pdf,206,True,application/pdf,https://www.biblicalstudies.org.uk/pdf/bible-student/bible-student_20-1_036.pdf,"""The Challenge,"" The Bible Student , n.s. 20.1 (Jan. 1949): 36-37. pdf [All reasonable efforts have been made to contact the copyright holder of this article without success. If you hold the rights, please contact me ]",pdf/bible-student/bible-student_20-1_036.pdf,255044462d312e36
https://www.biblicalstudies.org.uk/articles_bible-student_02.php,20,1,https://www.biblicalstudies.org.uk/pdf/bible-student/bible-student_20-1_042.pdf,206,True,application/pdf,https://www.biblicalstudies.org.uk/pdf/bible-student/bible-student_20-1_042.pdf,"Alfred McDonald Redwood, ""Exegetical Study of Colossians, Chapter 2, verse 7,"" The Bible Student , n.s. 20.1 (Jan. 1949): 42-46. pdf [All reasonable efforts have been made to contact the copyright holder of this article without success. If you hold the rights, please contact me ]",pdf/bible-student/bible-student_20-1_042.pdf,255044462d312e36
https://www.biblicalstudies.org.uk/articles_bible-student_02.php,20,1,https://www.biblicalstudies.org.uk/pdf/bible-student/bible-student_20-1_046.pdf,206,True,application/pdf,https://www.biblicalstudies.org.uk/pdf/bible-student/bible-student_20-1_046.pdf,"A.W. Brustal, ""The Hittites,"" The Bible Student , n.s. 20.1 (Jan. 1949): 46-48. pdf [All reasonable efforts have been made to contact the copyright holder of this article without success. If you hold the rights, please contact me ]",pdf/bible-student/bible-student_20-1_046.pdf,255044462d312e36
https://www.biblicalstudies.org.uk/articles_bible-student_02.php,20,2,https://www.biblicalstudies.org.uk/pdf/bible-student/bible-student_20-2_049.pdf,206,True,application/pdf,https://www.biblicalstudies.org.uk/pdf/bible-student/bible-student_20-2_049.pdf,"Alfred McDonald Redwood, ""Some New Testament Traids,"" The Bible Student , n.s. 20.2 (April 1949): The Bible Student , n.s. 20.2 (April 1949): 49-58. pdf [All reasonable efforts have been made to contact the copyright holder of this article without success. If you hold the rights, please contact me ]",pdf/bible-student/bible-student_20-2_049.pdf,255044462d312e36
https://www.biblicalstudies.org.uk/articles_bible-student_02.php,20,2,https://www.biblicalstudies.org.uk/pdf/bible-student/bible-student_20-2_059.pdf,206,True,application/pdf,https://www.biblicalstudies.org.uk/pdf/bible-student/bible-student_20-2_059.pdf,"F.F. Bruce [1910-1990], ""The Periods Between the Testaments. I. Religious Development,"" The Bible Student , n.s. 20.2 (April 1949): 59-64. pdf [© 1949 F.F. Bruce Copyright International, Inc., Bath, England, and Nashville, Tennessee. Reproduced by permission]",pdf/bible-student/bible-student_20-2_059.pdf,255044462d312e36
https://www.biblicalstudies.org.uk/articles_bible-student_02.php,20,2,https://www.biblicalstudies.org.uk/pdf/bible-student/bible-student_20-2_065.pdf,206,True,application/pdf,https://www.biblicalstudies.org.uk/pdf/bible-student/bible-student_20-2_065.pdf,"William Edwy Vine [1873-1949], ""Notes on Hebrews. Chapter 4,"" The Bible Student , n.s. 20.2 (April 1949): 65-73. pdf [This material is in the Public Domain]",pdf/bible-student/bible-student_20-2_065.pdf,255044462d312e36
https://www.biblicalstudies.org.uk/articles_bible-student_02.php,20,2,https://www.biblicalstudies.org.uk/pdf/bible-student/bible-student_20-2_074.pdf,206,True,application/pdf,https://www.biblicalstudies.org.uk/pdf/bible-student/bible-student_20-2_074.pdf,"Robert Laird Harris [1911-2008], ""What About the Apocrypha,"" The Bible Student , n.s. 20.2 (April 1949): 74-81. pdf [All reasonable efforts have been made to contact the copyright holder of this article without success. If you hold the rights, please contact me ]",pdf/bible-student/bible-student_20-2_074.pdf,255044462d312e36
https://www.biblicalstudies.org.uk/articles_bible-student_02.php,20,2,https://www.biblicalstudies.org.uk/pdf/bible-student/bible-student_20-2_082.pdf,206,True,application/pdf,https://www.biblicalstudies.org.uk/pdf/bible-student/bible-student_20-2_082.pdf,"Rowland H.C. Hill, ""Bible Miracles, Part 2,"" The Bible Student , n.s. 20.2 (April 1949): 82-88. pdf [All reasonable efforts have been made to contact the copyright holder of this article without success. If you hold the rights, please contact me ]",pdf/bible-student/bible-student_20-2_082.pdf,255044462d312e36
https://www.biblicalstudies.org.uk/articles_bible-student_02.php,20,2,https://www.biblicalstudies.org.uk/pdf/bible-student/bible-student_20-2_089.pdf,206,True,application/pdf,https://www.biblicalstudies.org.uk/pdf/bible-student/bible-student_20-2_089.pdf,"David Thrower, ""Man's Free Will,"" The Bible Student , n.s. 20.2 (April 1949): 89-91. pdf [All reasonable efforts have been made to contact the copyright holder of this article without success. If you hold the rights, please contact me ]",pdf/bible-student/bible-student_20-2_089.pdf,255044462d312e36
https://www.biblicalstudies.org.uk/articles_bible-student_02.php,20,3,https://www.biblicalstudies.org.uk/pdf/bible-student/bible-student_20-3_097.pdf,206,True,application/pdf,https://www.biblicalstudies.org.uk/pdf/bible-student/bible-student_20-3_097.pdf,"Alfred McDonald Redwood, ""'Preach the Word',"" The Bible Student , n.s. 20.3 (July 1949): 97-101. pdf [All reasonable efforts have been made to contact the copyright holder of this article without success. If you hold the rights, please contact me ]",pdf/bible-student/bible-student_20-3_097.pdf,255044462d312e36
https://www.biblicalstudies.org.uk/articles_bible-student_02.php,20,3,https://www.biblicalstudies.org.uk/pdf/bible-student/bible-student_20-3_102.pdf,206,True,application/pdf,https://www.biblicalstudies.org.uk/pdf/bible-student/bible-student_20-3_102.pdf,"W. Graham Scroggie [1877-1958], ""Ezekiel and His Book,"" The Bible Student , n.s. 20.3 (July 1949): 102-113. pdf [This material is in the Public Domain]",pdf/bible-student/bible-student_20-3_102.pdf,255044462d312e36
https://www.biblicalstudies.org.uk/articles_bible-student_02.php,20,3,https://www.biblicalstudies.org.uk/pdf/bible-student/bible-student_20-3_113.pdf,206,True,application/pdf,https://www.biblicalstudies.org.uk/pdf/bible-student/bible-student_20-3_113.pdf,"Rowland H.C. Hill, ""Bible Miracles,"" The Bible Student , n.s. 20.3 (July 1949): 113-119. pdf [All reasonable efforts have been made to contact the copyright holder of this article without success. If you hold the rights, please contact me ]",pdf/bible-student/bible-student_20-3_113.pdf,255044462d312e36
https://www.biblicalstudies.org.uk/articles_bible-student_02.php,20,3,https://www.biblicalstudies.org.uk/pdf/bible-student/bible-student_20-3_119.pdf,206,True,application/pdf,https://www.biblicalstudies.org.uk/pdf/bible-student/bible-student_20-3_119.pdf,"William Edwy Vine [1873-1949], ""Notes on Hebrews, Chap. 4, verse 16,"" The Bible Student , n.s. 20.3 (July 1949): 119-124. pdf [This material is in the Public Domain]",pdf/bible-student/bible-student_20-3_119.pdf,255044462d312e36
https://www.biblicalstudies.org.uk/articles_bible-student_02.php,20,3,https://www.biblicalstudies.org.uk/pdf/bible-student/bible-student_20-3_125.pdf,206,True,application/pdf,https://www.biblicalstudies.org.uk/pdf/bible-student/bible-student_20-3_125.pdf,"Newman Watts [1895-1949], ""Great Words of the Christian Faith: Justification,"" The Bible Student , n.s. 20.3 (July 1949): 125-127. pdf [This material is in the Public Domain]",pdf/bible-student/bible-student_20-3_125.pdf,255044462d312e36
https://www.biblicalstudies.org.uk/articles_bible-student_02.php,20,3,https://www.biblicalstudies.org.uk/pdf/bible-student/bible-student_20-3_128.pdf,206,True,application/pdf,https://www.biblicalstudies.org.uk/pdf/bible-student/bible-student_20-3_128.pdf,"Alfred McDonald Redwood, ""Exegetical Study of Colossians, Chapter 2, verse 12,"" The Bible Student , n.s. 20.3 (July 1949): 128-132. pdf [All reasonable efforts have been made to contact the copyright holder of this article without success. If you hold the rights, please contact me ]",pdf/bible-student/bible-student_20-3_128.pdf,255044462d312e36
https://www.biblicalstudies.org.uk/articles_bible-student_02.php,20,3,https://www.biblicalstudies.org.uk/pdf/bible-student/bible-student_20-3_133.pdf,206,True,application/pdf,https://www.biblicalstudies.org.uk/pdf/bible-student/bible-student_20-3_133.pdf,"F.F. Bruce [1910-1990], ""The Vessels,"" The Bible Student , n.s. 20.3 (July 1949): 133-134. pdf [© 1949 F.F. Bruce Copyright International, Inc., Bath, England, and Nashville, Tennessee. Reproduced by permission]",pdf/bible-student/bible-student_20-3_133.pdf,255044462d312e36
https://www.biblicalstudies.org.uk/articles_bible-student_02.php,20,3,https://www.biblicalstudies.org.uk/pdf/bible-student/bible-student_20-3_134.pdf,206,True,application/pdf,https://www.biblicalstudies.org.uk/pdf/bible-student/bible-student_20-3_134.pdf,"Charles Frederick Hogg [1859-1943], ""The Eternal Son,"" The Bible Student , n.s. 20.3 (July 1949): 134-144. pdf [This material is in the Public Domain]",pdf/bible-student/bible-student_20-3_134.pdf,255044462d312e36
https://www.biblicalstudies.org.uk/articles_bible-student_02.php,20,4,https://www.biblicalstudies.org.uk/pdf/bible-student/bible-student_20-4_145.pdf,206,True,application/pdf,https://www.biblicalstudies.org.uk/pdf/bible-student/bible-student_20-4_145.pdf,"Alfred McDonald Redwood, ""The Dual Titles of Jesus Christ,"" The Bible Student , n.s. 20.4 (Oct. 1949): 145-152. pdf [All reasonable efforts have been made to contact the copyright holder of this article without success. If you hold the rights, please contact me ]",pdf/bible-student/bible-student_20-4_145.pdf,255044462d312e36
https://www.biblicalstudies.org.uk/articles_bible-student_02.php,20,4,https://www.biblicalstudies.org.uk/pdf/bible-student/bible-student_20-4_152.pdf,206,True,application/pdf,https://www.biblicalstudies.org.uk/pdf/bible-student/bible-student_20-4_152.pdf,"A. Naismith, ""Christ in the Four Gospels. I. Why Four Gospels,"" The Bible Student , n.s. 20.4 (Oct. 1949): 152-156. pdf [All reasonable efforts have been made to contact the copyright holder of this article without success. If you hold the rights, please contact me ]",pdf/bible-student/bible-student_20-4_152.pdf,255044462d312e36
https://www.biblicalstudies.org.uk/articles_bible-student_02.php,20,4,https://www.biblicalstudies.org.uk/pdf/bible-student/bible-student_20-4_157.pdf,206,True,application/pdf,https://www.biblicalstudies.org.uk/pdf/bible-student/bible-student_20-4_157.pdf,"W. Graham Scroggie [1877-1958], ""The Second Advent. I. The Fact of Christ's Coming,"" The Bible Student , n.s. 19.2 (April 1948): 157-162. pdf [This material is in the Public Domain]",pdf/bible-student/bible-student_20-4_157.pdf,255044462d312e36
https://www.biblicalstudies.org.uk/articles_bible-student_02.php,20,4,https://www.biblicalstudies.org.uk/pdf/bible-student/bible-student_20-4_163.pdf,206,True,application/pdf,https://www.biblicalstudies.org.uk/pdf/bible-student/bible-student_20-4_163.pdf,"W. Wilcox, ""The Divine Purpose in the Lord's Prayer. Recorded in John 17,"" The Bible Student , n.s. 20.4 (Oct. 1949): 163-170. pdf [All reasonable efforts have been made to contact the copyright holder of this article without success. If you hold the rights, please contact me ]",pdf/bible-student/bible-student_20-4_163.pdf,255044462d312e36
https://www.biblicalstudies.org.uk/articles_bible-student_02.php,20,4,https://www.biblicalstudies.org.uk/pdf/bible-student/bible-student_20-4_170.pdf,206,True,application/pdf,https://www.biblicalstudies.org.uk/pdf/bible-student/bible-student_20-4_170.pdf,"William Edwy Vine [1873-1949], ""Notes on Hebrews, Chap. 5:1-10 (cont.),"" The Bible Student , n.s. 20.4 (Oct. 1949): 170-177. pdf [This material is in the Public Domain]",pdf/bible-student/bible-student_20-4_170.pdf,255044462d312e36
https://www.biblicalstudies.org.uk/articles_bible-student_02.php,20,4,https://www.biblicalstudies.org.uk/pdf/bible-student/bible-student_20-4_178.pdf,206,True,application/pdf,https://www.biblicalstudies.org.uk/pdf/bible-student/bible-student_20-4_178.pdf,"Clarence Edward Noble McCartney [1879-1957], ""The Inspiration of the Bible,"" The Bible Student , n.s. 20.4 (Oct. 1949): 178-185. pdf [This material is in the Public Domain]",pdf/bible-student/bible-student_20-4_178.pdf,255044462d312e36
https://www.biblicalstudies.org.uk/articles_bible-student_02.php,20,4,https://www.biblicalstudies.org.uk/pdf/bible-student/bible-student_20-4_186.pdf,206,True,application/pdf,https://www.biblicalstudies.org.uk/pdf/bible-student/bible-student_20-4_186.pdf,"David M'Intyre [1859-1938], ""The Witness of the New Testament to the Old Testament,"" The Bible Student , n.s. 20.4 (Oct. 1949): 186-192. pdf [This material is in the Public Domain]",pdf/bible-student/bible-student_20-4_186.pdf,255044462d312e36
https://www.biblicalstudies.org.uk/articles_bible-student_03.php,21,1,https://www.biblicalstudies.org.uk/pdf/bible-student/bible-student_21-1_001.pdf,206,True,application/pdf,https://www.biblicalstudies.org.uk/pdf/bible-student/bible-student_21-1_001.pdf,"William Robertson Nicoll [1851-1923], ""Much Serving,"" The Bible Student , n.s. 21.1 (Jan. 1950): 1-4. pdf [This material is in the Public Domain]",pdf/bible-student/bible-student_21-1_001.pdf,255044462d312e36
https://www.biblicalstudies.org.uk/articles_bible-student_03.php,21,1,https://www.biblicalstudies.org.uk/pdf/bible-student/bible-student_21-1_004.pdf,206,True,application/pdf,https://www.biblicalstudies.org.uk/pdf/bible-student/bible-student_21-1_004.pdf,"A. Naismith, ""Christ in the Four Gospels. II. The Four Gospels and Their Writers,"" The Bible Student , n.s. 21.1 (Jan. 1950): 4-11. pdf [All reasonable efforts have been made to contact the copyright holder of this article without success. If you hold the rights, please contact me ]",pdf/bible-student/bible-student_21-1_004.pdf,255044462d312e36
https://www.biblicalstudies.org.uk/articles_bible-student_03.php,21,1,https://www.biblicalstudies.org.uk/pdf/bible-student/bible-student_21-1_011.pdf,206,True,application/pdf,https://www.biblicalstudies.org.uk/pdf/bible-student/bible-student_21-1_011.pdf,"Harold St. John [1876-1957], ""The Joys of Bible Study,"" The Bible Student , n.s. 21.1 (Jan. 1950): 11-17. pdf [This material is in the Public Domain]",pdf/bible-student/bible-student_21-1_011.pdf,255044462d312e36
https://www.biblicalstudies.org.uk/articles_bible-student_03.php,21,1,https://www.biblicalstudies.org.uk/pdf/bible-student/bible-student_21-1_017.pdf,206,True,application/pdf,https://www.biblicalstudies.org.uk/pdf/bible-student/bible-student_21-1_017.pdf,"William Edwy Vine [1873-1949], ""Notes on Hebrews, Chap. 5:13,14,"" The Bible Student , n.s. 21.1 (Jan. 1950): 17-22. pdf [This material is in the Public Domain]",pdf/bible-student/bible-student_21-1_017.pdf,255044462d312e36
https://www.biblicalstudies.org.uk/articles_bible-student_03.php,21,1,https://www.biblicalstudies.org.uk/pdf/bible-student/bible-student_21-1_022.pdf,206,True,application/pdf,https://www.biblicalstudies.org.uk/pdf/bible-student/bible-student_21-1_022.pdf,"James Leo Green [1912-1994], ""Word Studies in the First Psalm,"" The Bible Student , n.s. 21.1 (Jan. 1950): 22-26. pdf [All reasonable efforts have been made to contact the copyright holder of this article without success. If you hold the rights, please contact me ]",pdf/bible-student/bible-student_21-1_022.pdf,255044462d312e36
https://www.biblicalstudies.org.uk/articles_bible-student_03.php,21,1,https://www.biblicalstudies.org.uk/pdf/bible-student/bible-student_21-1_027.pdf,206,True,application/pdf,https://www.biblicalstudies.org.uk/pdf/bible-student/bible-student_21-1_027.pdf,"W. Graham Scroggie [1877-1958], ""The Second Advent. 2. The Doctrine of Christ's Coming,"" The Bible Student , n.s. 21.1 (Jan. 1950): 27-34. pdf [This material is in the Public Domain]",pdf/bible-student/bible-student_21-1_027.pdf,255044462d312e36
https://www.biblicalstudies.org.uk/articles_bible-student_03.php,21,1,https://www.biblicalstudies.org.uk/pdf/bible-student/bible-student_21-1_035.pdf,206,True,application/pdf,https://www.biblicalstudies.org.uk/pdf/bible-student/bible-student_21-1_035.pdf,"Alfred McDonald Redwood, ""Words Descriptive of the Second Advent,"" The Bible Student , n.s. 21.1 (Jan. 1950): 35-37. pdf [All reasonable efforts have been made to contact the copyright holder of this article without success. If you hold the rights, please contact me ]",pdf/bible-student/bible-student_21-1_035.pdf,255044462d312e36
https://www.biblicalstudies.org.uk/articles_bible-student_03.php,21,1,https://www.biblicalstudies.org.uk/pdf/bible-student/bible-student_21-1_037.pdf,206,True,application/pdf,https://www.biblicalstudies.org.uk/pdf/bible-student/bible-student_21-1_037.pdf,"Alfred McDonald Redwood, ""Exegetical Study of Colossians, Chapter 2, verse 15,"" The Bible Student , n.s. 21.1 (Jan. 1950): 37-42. pdf [All reasonable efforts have been made to contact the copyright holder of this article without success. If you hold the rights, please contact me ]",pdf/bible-student/bible-student_21-1_037.pdf,255044462d312e36
https://www.biblicalstudies.org.uk/articles_bible-student_03.php,21,1,https://www.biblicalstudies.org.uk/pdf/bible-student/bible-student_21-1_046.pdf,206,True,application/pdf,https://www.biblicalstudies.org.uk/pdf/bible-student/bible-student_21-1_046.pdf,"""The Bible's Origins,"" The Bible Student , n.s. 21.1 (Jan. 1950): 46-48. pdf [All reasonable efforts have been made to contact the copyright holder of this article without success. If you hold the rights, please contact me ]",pdf/bible-student/bible-student_21-1_046.pdf,255044462d312e36
https://www.biblicalstudies.org.uk/articles_bible-student_03.php,21,1,https://www.biblicalstudies.org.uk/pdf/bible-student/bible-student_21-1_049.pdf,206,True,application/pdf,https://www.biblicalstudies.org.uk/pdf/bible-student/bible-student_21-1_049.pdf,"Alfred McDonald Redwood, ""The Believer's Life Displayed,"" The Bible Student , n.s. 21.2 (April 1950): 49-52. pdf [All reasonable efforts have been made to contact the copyright holder of this article without success. If you hold the rights, please contact me ]",pdf/bible-student/bible-student_21-1_049.pdf,255044462d312e36
https://www.biblicalstudies.org.uk/articles_bible-student_03.php,21,2,https://www.biblicalstudies.org.uk/pdf/bible-student/bible-student_21-2_053.pdf,206,True,application/pdf,https://www.biblicalstudies.org.uk/pdf/bible-student/bible-student_21-2_053.pdf,"A. Naismith, ""Christ in the Four Gospels. III. The Four Gospels and Their Writers (continued),"" The Bible Student , n.s. 21.2 (April 1950): 53-59. pdf [All reasonable efforts have been made to contact the copyright holder of this article without success. If you hold the rights, please contact me ]",pdf/bible-student/bible-student_21-2_053.pdf,255044462d312e36
https://www.biblicalstudies.org.uk/articles_bible-student_03.php,21,2,https://www.biblicalstudies.org.uk/pdf/bible-student/bible-student_21-2_060.pdf,206,True,application/pdf,https://www.biblicalstudies.org.uk/pdf/bible-student/bible-student_21-2_060.pdf,"John Mostert, ""What You Should Know About the Modern Version,"" The Bible Student , n.s. 21.2 (April 1950): 60-66. pdf [All reasonable efforts have been made to contact the copyright holder of this article without success. If you hold the rights, please contact me ]",pdf/bible-student/bible-student_21-2_060.pdf,255044462d312e36
https://www.biblicalstudies.org.uk/articles_bible-student_03.php,21,2,https://www.biblicalstudies.org.uk/pdf/bible-student/bible-student_21-2_066.pdf,206,True,application/pdf,https://www.biblicalstudies.org.uk/pdf/bible-student/bible-student_21-2_066.pdf,"W. Wilcox, ""'Access',"" A Word Study,"" The Bible Student , n.s. 21.2 (April 1950): 66-70. pdf [All reasonable efforts have been made to contact the copyright holder of this article without success. If you hold the rights, please contact me ]",pdf/bible-student/bible-student_21-2_066.pdf,255044462d312e36
https://www.biblicalstudies.org.uk/articles_bible-student_03.php,21,2,https://www.biblicalstudies.org.uk/pdf/bible-student/bible-student_21-2_070.pdf,206,True,application/pdf,https://www.biblicalstudies.org.uk/pdf/bible-student/bible-student_21-2_070.pdf,"F.F. Bruce [1910-1990], Daniel's First Verse,"" The Bible Student , n.s. 21.2 (April 1950): 70-78. pdf [© 1950 F.F. Bruce Copyright International, Inc., Bath, England, and Nashville, Tennessee. Reproduced by permission]",pdf/bible-student/bible-student_21-2_070.pdf,255044462d312e36
https://www.biblicalstudies.org.uk/articles_bible-student_03.php,21,2,https://www.biblicalstudies.org.uk/pdf/bible-student/bible-student_21-2_079.pdf,206,True,application/pdf,https://www.biblicalstudies.org.uk/pdf/bible-student/bible-student_21-2_079.pdf,"William Edwy Vine [1873-1949], ""Notes on Hebrews, Chap. 6:9-20,"" The Bible Student , n.s. 21.2 (April 1950): 79-85. pdf [This material is in the Public Domain]",pdf/bible-student/bible-student_21-2_079.pdf,255044462d312e36
https://www.biblicalstudies.org.uk/articles_bible-student_03.php,21,2,https://www.biblicalstudies.org.uk/pdf/bible-student/bible-student_21-2_085.pdf,206,True,application/pdf,https://www.biblicalstudies.org.uk/pdf/bible-student/bible-student_21-2_085.pdf,"James Hall Brookes [1830-1897], ""Christ Unique,"" The Bible Student , n.s. 21.2 (April 1950): 85-88. pdf [All reasonable efforts have been made to contact the copyright holder of this article without success. If you hold the rights, please contact me ]",pdf/bible-student/bible-student_21-2_085.pdf,255044462d312e36
https://www.biblicalstudies.org.uk/articles_bible-student_03.php,21,2,https://www.biblicalstudies.org.uk/pdf/bible-student/bible-student_21-2_089.pdf,206,True,application/pdf,https://www.biblicalstudies.org.uk/pdf/bible-student/bible-student_21-2_089.pdf,"Alfred McDonald Redwood, ""Exegetical Study of Colossians, Chapter 2, verse 18 (cont.),"" The Bible Student , n.s. 21.2 (April 1950): 89-92. pdf [All reasonable efforts have been made to contact the copyright holder of this article without success. If you hold the rights, please contact me ]",pdf/bible-student/bible-student_21-2_089.pdf,255044462d312e36
https://www.biblicalstudies.org.uk/articles_bible-student_03.php,21,2,https://www.biblicalstudies.org.uk/pdf/bible-student/bible-student_21-2_093.pdf,206,True,application/pdf,https://www.biblicalstudies.org.uk/pdf/bible-student/bible-student_21-2_093.pdf,"""The Bible's Origins (concluded),"" The Bible Student , n.s. 21.2 (April 1950): 93-96. pdf [All reasonable efforts have been made to contact the copyright holder of this article without success. If you hold the rights, please contact me ]",pdf/bible-student/bible-student_21-2_093.pdf,255044462d312e36
https://www.biblicalstudies.org.uk/articles_bible-student_03.php,21,3,https://www.biblicalstudies.org.uk/pdf/bible-student/bible-student_21-3_097.pdf,206,True,application/pdf,https://www.biblicalstudies.org.uk/pdf/bible-student/bible-student_21-3_097.pdf,"Alfred McDonald Redwood, ""In the Heavenlies,"" The Bible Student , n.s. 21.3 (July 1950): 97-102. pdf [All reasonable efforts have been made to contact the copyright holder of this article without success. If you hold the rights, please contact me ]",pdf/bible-student/bible-student_21-3_097.pdf,255044462d312e36
https://www.biblicalstudies.org.uk/articles_bible-student_03.php,21,3,https://www.biblicalstudies.org.uk/pdf/bible-student/bible-student_21-3_102.pdf,206,True,application/pdf,https://www.biblicalstudies.org.uk/pdf/bible-student/bible-student_21-3_102.pdf,"A. Naismith, ""Christ in the Four Gospels. IV. The Purpose of the Writers,"" The Bible Student , n.s. 21.3 (July 1950): 102-107. pdf [All reasonable efforts have been made to contact the copyright holder of this article without success. If you hold the rights, please contact me ]",pdf/bible-student/bible-student_21-3_102.pdf,255044462d312e36
https://www.biblicalstudies.org.uk/articles_bible-student_03.php,21,3,https://www.biblicalstudies.org.uk/pdf/bible-student/bible-student_21-3_107.pdf,206,True,application/pdf,https://www.biblicalstudies.org.uk/pdf/bible-student/bible-student_21-3_107.pdf,"James Henthorn Todd [1805-1869], ""Four 'Days' of Scripture,"" The Bible Student , n.s. 21.3 (July 1950): 107-114. pdf [All reasonable efforts have been made to contact the copyright holder of this article without success. If you hold the rights, please contact me ]",pdf/bible-student/bible-student_21-3_107.pdf,255044462d312e36
https://www.biblicalstudies.org.uk/articles_bible-student_03.php,21,3,https://www.biblicalstudies.org.uk/pdf/bible-student/bible-student_21-3_114.pdf,206,True,application/pdf,https://www.biblicalstudies.org.uk/pdf/bible-student/bible-student_21-3_114.pdf,"W. Wilcox, ""Hyperboles of Faith. A Word Study,"" The Bible Student , n.s. 21.3 (July 1950): 114-117. pdf [All reasonable efforts have been made to contact the copyright holder of this article without success. If you hold the rights, please contact me ]",pdf/bible-student/bible-student_21-3_114.pdf,255044462d312e36
https://www.biblicalstudies.org.uk/articles_bible-student_03.php,21,3,https://www.biblicalstudies.org.uk/pdf/bible-student/bible-student_21-3_118.pdf,206,True,application/pdf,https://www.biblicalstudies.org.uk/pdf/bible-student/bible-student_21-3_118.pdf,"William Edwy Vine [1873-1949], ""Notes on Hebrews, Analysis of Chap. 7:1-10,"" The Bible Student , n.s. 21.3 (July 1950): 118-123. pdf [This material is in the Public Domain]",pdf/bible-student/bible-student_21-3_118.pdf,255044462d312e36
https://www.biblicalstudies.org.uk/articles_bible-student_03.php,21,3,https://www.biblicalstudies.org.uk/pdf/bible-student/bible-student_21-3_124.pdf,206,True,application/pdf,https://www.biblicalstudies.org.uk/pdf/bible-student/bible-student_21-3_124.pdf,"B.P. Jones, ""The Servant and His Lord,"" The Bible Student , n.s. 21.3 (July 1950): 124-126. pdf [All reasonable efforts have been made to contact the copyright holder of this article without success. If you hold the rights, please contact me ]",pdf/bible-student/bible-student_21-3_124.pdf,255044462d312e36
https://www.biblicalstudies.org.uk/articles_bible-student_03.php,21,3,https://www.biblicalstudies.org.uk/pdf/bible-student/bible-student_21-3_127.pdf,206,True,application/pdf,https://www.biblicalstudies.org.uk/pdf/bible-student/bible-student_21-3_127.pdf,"James Hall Brookes [1830-1897], ""Christ Unique, Part II. Attributesof God Applied to Jesus,"" The Bible Student , n.s. 21.3 (July 1950): 127-129. pdf [All reasonable efforts have been made to contact the copyright holder of this article without success. If you hold the rights, please contact me ]",pdf/bible-student/bible-student_21-3_127.pdf,255044462d312e36
https://www.biblicalstudies.org.uk/articles_bible-student_03.php,21,3,https://www.biblicalstudies.org.uk/pdf/bible-student/bible-student_21-3_130.pdf,206,True,application/pdf,https://www.biblicalstudies.org.uk/pdf/bible-student/bible-student_21-3_130.pdf,"Alfred McDonald Redwood, ""Exegetical Study of Colossians, Chapter 2, verses 21-23,"" The Bible Student , n.s. 21.3 (July 1950): 130-134. pdf [All reasonable efforts have been made to contact the copyright holder of this article without success. If you hold the rights, please contact me ]",pdf/bible-student/bible-student_21-3_130.pdf,255044462d312e36
https://www.biblicalstudies.org.uk/articles_bible-student_03.php,21,3,https://www.biblicalstudies.org.uk/pdf/bible-student/bible-student_21-3_135.pdf,206,True,application/pdf,https://www.biblicalstudies.org.uk/pdf/bible-student/bible-student_21-3_135.pdf,"R.H.C. Hill, ""The Temptations of Christ,"" The Bible Student , n.s. 21.3 (July 1950): 135-144. pdf [All reasonable efforts have been made to contact the copyright holder of this article without success. If you hold the rights, please contact me ]",pdf/bible-student/bible-student_21-3_135.pdf,255044462d312e36
https://www.biblicalstudies.org.uk/articles_bible-student_03.php,21,4,https://www.biblicalstudies.org.uk/pdf/bible-student/bible-student_21-4_147.pdf,206,True,application/pdf,https://www.biblicalstudies.org.uk/pdf/bible-student/bible-student_21-4_147.pdf,"Alfred McDonald Redwood, ""In the Heavenlies,"" The Bible Student , n.s. 21.4 (Sept. 1950): 147-151. pdf [All reasonable efforts have been made to contact the copyright holder of this article without success. If you hold the rights, please contact me ]",pdf/bible-student/bible-student_21-4_147.pdf,255044462d312e36
https://www.biblicalstudies.org.uk/articles_bible-student_03.php,21,4,https://www.biblicalstudies.org.uk/pdf/bible-student/bible-student_21-4_151.pdf,206,True,application/pdf,https://www.biblicalstudies.org.uk/pdf/bible-student/bible-student_21-4_151.pdf,"Alex Soutter, ""The Tent Door,"" The Bible Student , n.s. 21.4 (Sept. 1950): 151-154. pdf [All reasonable efforts have been made to contact the copyright holder of this article without success. If you hold the rights, please contact me ]",pdf/bible-student/bible-student_21-4_151.pdf,255044462d312e36
https://www.biblicalstudies.org.uk/articles_bible-student_03.php,21,4,https://www.biblicalstudies.org.uk/pdf/bible-student/bible-student_21-4_154.pdf,206,True,application/pdf,https://www.biblicalstudies.org.uk/pdf/bible-student/bible-student_21-4_154.pdf,"A. Naismith, ""Christ in the Four Gospels. V. Immanuel as Revealer of the Father,"" The Bible Student , n.s. 21.4 (Sept. 1950): 154-159. pdf [All reasonable efforts have been made to contact the copyright holder of this article without success. If you hold the rights, please contact me ]",pdf/bible-student/bible-student_21-4_154.pdf,255044462d312e36
https://www.biblicalstudies.org.uk/articles_bible-student_03.php,21,4,https://www.biblicalstudies.org.uk/pdf/bible-student/bible-student_21-4_160.pdf,206,True,application/pdf,https://www.biblicalstudies.org.uk/pdf/bible-student/bible-student_21-4_160.pdf,"David Baron, ""Who Are Priests?"" The Bible Student , n.s. 21.4 (Sept. 1950): 160-164. pdf [All reasonable efforts have been made to contact the copyright holder of this article without success. If you hold the rights, please contact me ]",pdf/bible-student/bible-student_21-4_160.pdf,255044462d312e36
https://www.biblicalstudies.org.uk/articles_bible-student_03.php,21,4,https://www.biblicalstudies.org.uk/pdf/bible-student/bible-student_21-4_165.pdf,206,True,application/pdf,https://www.biblicalstudies.org.uk/pdf/bible-student/bible-student_21-4_165.pdf,"W. Wilcox, ""Hyperboles of Faith. 'Fervent'—A Word Study,"" The Bible Student , n.s. 21.4 (Sept. 1950): 165-169. pdf [All reasonable efforts have been made to contact the copyright holder of this article without success. If you hold the rights, please contact me ]",pdf/bible-student/bible-student_21-4_165.pdf,255044462d312e36
https://www.biblicalstudies.org.uk/articles_bible-student_03.php,21,4,https://www.biblicalstudies.org.uk/pdf/bible-student/bible-student_21-4_169.pdf,206,True,application/pdf,https://www.biblicalstudies.org.uk/pdf/bible-student/bible-student_21-4_169.pdf,"William Edwy Vine [1873-1949], ""Notes on Hebrews, Analysis of Chap. 7:11-28: The Superiority of His Priesthood to that of Aaron,"" The Bible Student , n.s. 21.4 (Sept. 1950): 169-174. pdf [This material is in the Public Domain]",pdf/bible-student/bible-student_21-4_169.pdf,255044462d312e36
https://www.biblicalstudies.org.uk/articles_bible-student_03.php,21,4,https://www.biblicalstudies.org.uk/pdf/bible-student/bible-student_21-4_175.pdf,206,True,application/pdf,https://www.biblicalstudies.org.uk/pdf/bible-student/bible-student_21-4_175.pdf,"W. Graham Scroggie [1877-1958], ""'The Precious Blood of Christ',"" The Bible Student , n.s. 21.4 (Sept. 1950): 175-180. pdf [This material is in the Public Domain]",pdf/bible-student/bible-student_21-4_175.pdf,255044462d312e36
https://www.biblicalstudies.org.uk/articles_bible-student_03.php,21,4,https://www.biblicalstudies.org.uk/pdf/bible-student/bible-student_21-4_181.pdf,206,True,application/pdf,https://www.biblicalstudies.org.uk/pdf/bible-student/bible-student_21-4_181.pdf,"""The Believer's Priestly Service,"" The Bible Student , n.s. 21.4 (Sept. 1950): 181-188. pdf [All reasonable efforts have been made to contact the copyright holder of this article without success. If you hold the rights, please contact me ]",pdf/bible-student/bible-student_21-4_181.pdf,255044462d312e36
https://www.biblicalstudies.org.uk/articles_bible-student_03.php,21,4,https://www.biblicalstudies.org.uk/pdf/bible-student/bible-student_21-4_188.pdf,206,True,application/pdf,https://www.biblicalstudies.org.uk/pdf/bible-student/bible-student_21-4_188.pdf,"Alfred McDonald Redwood, ""Exegetical Study of Colossians, Ch. 3, vs. 5-11,"" The Bible Student , n.s. 21.4 (Sept. 1950): 188-192. pdf [All reasonable efforts have been made to contact the copyright holder of this article without success. If you hold the rights, please contact me ]",pdf/bible-student/bible-student_21-4_188.pdf,255044462d312e36
https://www.biblicalstudies.org.uk/articles_bible-student_03.php,22,1,https://www.biblicalstudies.org.uk/pdf/bible-student/bible-student_22-1_001.pdf,206,True,application/pdf,https://www.biblicalstudies.org.uk/pdf/bible-student/bible-student_22-1_001.pdf,"Alfred McDonald Redwood, ""In the Heavenlies,"" The Bible Student , n.s. 22.1 (Jan. 1951): 1-4. pdf [All reasonable efforts have been made to contact the copyright holder of this article without success. If you hold the rights, please contact me ]",pdf/bible-student/bible-student_22-1_001.pdf,255044462d312e36
https://www.biblicalstudies.org.uk/articles_bible-student_03.php,22,1,https://www.biblicalstudies.org.uk/pdf/bible-student/bible-student_22-1_005.pdf,206,True,application/pdf,https://www.biblicalstudies.org.uk/pdf/bible-student/bible-student_22-1_005.pdf,"F.F. Bruce [1910-1990], ""The Wisdom Literature of the Bible. Introduction,"" The Bible Student , n.s. 22.1 (Jan. 1951): 5-8. pdf [© 1951 F.F. Bruce Copyright International, Inc., Bath, England, and Nashville, Tennessee. Reproduced by permission]",pdf/bible-student/bible-student_22-1_005.pdf,255044462d312e36
https://www.biblicalstudies.org.uk/articles_bible-student_03.php,22,1,https://www.biblicalstudies.org.uk/pdf/bible-student/bible-student_22-1_009.pdf,206,True,application/pdf,https://www.biblicalstudies.org.uk/pdf/bible-student/bible-student_22-1_009.pdf,"William Wooldridge Fereday [1866-1959], ""World Leaders in the Final Crisis,"" The Bible Student , n.s. 22.1 (Jan. 1951): 9-12. pdf [This material is in the Public Domain]",pdf/bible-student/bible-student_22-1_009.pdf,255044462d312e36
https://www.biblicalstudies.org.uk/articles_bible-student_03.php,22,1,https://www.biblicalstudies.org.uk/pdf/bible-student/bible-student_22-1_013.pdf,206,True,application/pdf,https://www.biblicalstudies.org.uk/pdf/bible-student/bible-student_22-1_013.pdf,"Alex Soutter, ""The Theophanies of the Old Testament,"" The Bible Student , n.s. 22.1 (Jan. 1951): 13-17. pdf [All reasonable efforts have been made to contact the copyright holder of this article without success. If you hold the rights, please contact me ]",pdf/bible-student/bible-student_22-1_013.pdf,255044462d312e36
https://www.biblicalstudies.org.uk/articles_bible-student_03.php,22,1,https://www.biblicalstudies.org.uk/pdf/bible-student/bible-student_22-1_017.pdf,206,True,application/pdf,https://www.biblicalstudies.org.uk/pdf/bible-student/bible-student_22-1_017.pdf,"""Christian Fellowship in Philippi,"" The Bible Student , n.s. 22.1 (Jan. 1951): 17-23. pdf [All reasonable efforts have been made to contact the copyright holder of this article without success. If you hold the rights, please contact me ]",pdf/bible-student/bible-student_22-1_017.pdf,255044462d312e36
https://www.biblicalstudies.org.uk/articles_bible-student_03.php,22,1,https://www.biblicalstudies.org.uk/pdf/bible-student/bible-student_22-1_023.pdf,206,True,application/pdf,https://www.biblicalstudies.org.uk/pdf/bible-student/bible-student_22-1_023.pdf,"William Edwy Vine [1873-1949], ""Notes on Hebrews, Analysis of Chap. 7:11-28: The Superiority of His Priesthood to that of Aaron (continued),"" The Bible Student , n.s. 22.1 (Jan. 1951): 23-28. pdf [This material is in the Public Domain]",pdf/bible-student/bible-student_22-1_023.pdf,255044462d312e36
https://www.biblicalstudies.org.uk/articles_bible-student_03.php,22,1,https://www.biblicalstudies.org.uk/pdf/bible-student/bible-student_22-1_028.pdf,206,True,application/pdf,https://www.biblicalstudies.org.uk/pdf/bible-student/bible-student_22-1_028.pdf,"""The Miracles in John's Gospel,"" The Bible Student , n.s. 22.1 (Jan. 1951): 28-30. pdf [All reasonable efforts have been made to contact the copyright holder of this article without success. If you hold the rights, please contact me ]",pdf/bible-student/bible-student_22-1_028.pdf,255044462d312e36
https://www.biblicalstudies.org.uk/articles_bible-student_03.php,22,1,https://www.biblicalstudies.org.uk/pdf/bible-student/bible-student_22-1_030.pdf,206,True,application/pdf,https://www.biblicalstudies.org.uk/pdf/bible-student/bible-student_22-1_030.pdf,"George Frederick Trench [1841-1915], ""A Synthetic Study of the Miracles,"" The Bible Student , n.s. 22.1 (Jan. 1951): 30-36. pdf [This material is in the Public Domain]",pdf/bible-student/bible-student_22-1_030.pdf,255044462d312e36
https://www.biblicalstudies.org.uk/articles_bible-student_03.php,22,1,https://www.biblicalstudies.org.uk/pdf/bible-student/bible-student_22-1_037.pdf,206,True,application/pdf,https://www.biblicalstudies.org.uk/pdf/bible-student/bible-student_22-1_037.pdf,"A. Naismith, ""Christ in the Four Gospels. VI. The Good Shepherd,"" The Bible Student , n.s. 22.1 (Jan. 1951): 37-40. pdf [All reasonable efforts have been made to contact the copyright holder of this article without success. If you hold the rights, please contact me ]",pdf/bible-student/bible-student_22-1_037.pdf,255044462d312e36
https://www.biblicalstudies.org.uk/articles_bible-student_03.php,22,1,https://www.biblicalstudies.org.uk/pdf/bible-student/bible-student_22-1_040.pdf,206,True,application/pdf,https://www.biblicalstudies.org.uk/pdf/bible-student/bible-student_22-1_040.pdf,"Henry F. Morgan, ""Vision,"" The Bible Student , n.s. 22.1 (Jan. 1951): 40-43. pdf [All reasonable efforts have been made to contact the copyright holder of this article without success. If you hold the rights, please contact me ]",pdf/bible-student/bible-student_22-1_040.pdf,255044462d312e36
https://www.biblicalstudies.org.uk/articles_bible-student_03.php,22,1,https://www.biblicalstudies.org.uk/pdf/bible-student/bible-student_22-1_044.pdf,206,True,application/pdf,https://www.biblicalstudies.org.uk/pdf/bible-student/bible-student_22-1_044.pdf,"Alfred McDonald Redwood, ""Exegetical Study of Colossians, Ch. 3:10 (cont.),"" The Bible Student , n.s. 22.1 (Jan. 1951): 44-48. pdf [All reasonable efforts have been made to contact the copyright holder of this article without success. If you hold the rights, please contact me ]",pdf/bible-student/bible-student_22-1_044.pdf,255044462d312e36
https://www.biblicalstudies.org.uk/articles_bible-student_03.php,22,2,https://www.biblicalstudies.org.uk/pdf/bible-student/bible-student_22-2_049.pdf,206,True,application/pdf,https://www.biblicalstudies.org.uk/pdf/bible-student/bible-student_22-2_049.pdf,"Alfred McDonald Redwood, ""In the Heavenlies,"" The Bible Student , n.s. 22.2 (April 1951): 49-52. pdf [All reasonable efforts have been made to contact the copyright holder of this article without success. If you hold the rights, please contact me ]",pdf/bible-student/bible-student_22-2_049.pdf,255044462d312e36
https://www.biblicalstudies.org.uk/articles_bible-student_03.php,22,2,https://www.biblicalstudies.org.uk/pdf/bible-student/bible-student_22-2_053.pdf,206,True,application/pdf,https://www.biblicalstudies.org.uk/pdf/bible-student/bible-student_22-2_053.pdf,"E.W. Rogers, ""The Hebrew Psalter,"" The Bible Student , n.s. 22.2 (April 1951): 53-60. pdf [All reasonable efforts have been made to contact the copyright holder of this article without success. If you hold the rights, please contact me ]",pdf/bible-student/bible-student_22-2_053.pdf,255044462d312e36
https://www.biblicalstudies.org.uk/articles_bible-student_03.php,22,2,https://www.biblicalstudies.org.uk/pdf/bible-student/bible-student_22-2_061.pdf,206,True,application/pdf,https://www.biblicalstudies.org.uk/pdf/bible-student/bible-student_22-2_061.pdf,"William Wooldridge Fereday [1866-1959], ""World Leaders in the Final Crisis. II. The Antichrist,"" The Bible Student , n.s. 22.2 (April 1951): 61-65. pdf [This material is in the Public Domain]",pdf/bible-student/bible-student_22-2_061.pdf,255044462d312e36
https://www.biblicalstudies.org.uk/articles_bible-student_03.php,22,2,https://www.biblicalstudies.org.uk/pdf/bible-student/bible-student_22-2_065.pdf,206,True,application/pdf,https://www.biblicalstudies.org.uk/pdf/bible-student/bible-student_22-2_065.pdf,"William Edwy Vine [1873-1949], ""Notes on Hebrews, Analysis of Chap. 8:1-6a,"" The Bible Student , n.s. 22.2 (April 1951): 65-72. pdf [This material is in the Public Domain]",pdf/bible-student/bible-student_22-2_065.pdf,255044462d312e36
https://www.biblicalstudies.org.uk/articles_bible-student_03.php,22,2,https://www.biblicalstudies.org.uk/pdf/bible-student/bible-student_22-2_072.pdf,206,True,application/pdf,https://www.biblicalstudies.org.uk/pdf/bible-student/bible-student_22-2_072.pdf,"Alex Soutter, ""The Theophanies of the Old Testament,"" The Bible Student , n.s. 22.2 (April 1951): 72-75. pdf [All reasonable efforts have been made to contact the copyright holder of this article without success. If you hold the rights, please contact me ]",pdf/bible-student/bible-student_22-2_072.pdf,255044462d312e36
https://www.biblicalstudies.org.uk/articles_bible-student_03.php,22,2,https://www.biblicalstudies.org.uk/pdf/bible-student/bible-student_22-2_076.pdf,206,True,application/pdf,https://www.biblicalstudies.org.uk/pdf/bible-student/bible-student_22-2_076.pdf,"F.F. Bruce [1910-1990], ""The Wisdom Literature of the Bible. The Book of Proverbs,"" The Bible Student , n.s. 22.2 (April 1951): 76-77. pdf [© 1951 F.F. Bruce Copyright International, Inc., Bath, England, and Nashville, Tennessee. Reproduced by permission]",pdf/bible-student/bible-student_22-2_076.pdf,255044462d312e36
https://www.biblicalstudies.org.uk/articles_bible-student_03.php,22,2,https://www.biblicalstudies.org.uk/pdf/bible-student/bible-student_22-2_078.pdf,206,True,application/pdf,https://www.biblicalstudies.org.uk/pdf/bible-student/bible-student_22-2_078.pdf,"Charles Frederick Hogg [1859-1943], ""The Promised Deliver. An Outline of Scripture Teaching,"" The Bible Student , n.s. 22.2 (April 1951): 78-86. pdf [This material is in the Public Domain]",pdf/bible-student/bible-student_22-2_078.pdf,255044462d312e36
https://www.biblicalstudies.org.uk/articles_bible-student_03.php,22,2,https://www.biblicalstudies.org.uk/pdf/bible-student/bible-student_22-2_087.pdf,206,True,application/pdf,https://www.biblicalstudies.org.uk/pdf/bible-student/bible-student_22-2_087.pdf,"Eugene Stock [1836-1928], ""The Place of Good Works as Seen in the Pastoral Epistles,"" The Bible Student , n.s. 22.2 (April 1951): 87-89. pdf [This material is in the Public Domain]",pdf/bible-student/bible-student_22-2_087.pdf,255044462d312e36
https://www.biblicalstudies.org.uk/articles_bible-student_03.php,22,2,https://www.biblicalstudies.org.uk/pdf/bible-student/bible-student_22-2_090.pdf,206,True,application/pdf,https://www.biblicalstudies.org.uk/pdf/bible-student/bible-student_22-2_090.pdf,"W. Wilcox, ""'Goodness': A Word Study,"" The Bible Student , n.s. 22.2 (April 1951): 90-93. pdf [All reasonable efforts have been made to contact the copyright holder of this article without success. If you hold the rights, please contact me ]",pdf/bible-student/bible-student_22-2_090.pdf,255044462d312e36
https://www.biblicalstudies.org.uk/articles_bible-student_03.php,22,2,https://www.biblicalstudies.org.uk/pdf/bible-student/bible-student_22-2_093.pdf,206,True,application/pdf,https://www.biblicalstudies.org.uk/pdf/bible-student/bible-student_22-2_093.pdf,"William Wooldridge Fereday [1866-1959], ""The Christian Assets in a World of Trouble,"" The Bible Student , n.s. 22.2 (April 1951): 93. pdf [This material is in the Public Domain]",pdf/bible-student/bible-student_22-2_093.pdf,255044462d312e36
https://www.biblicalstudies.org.uk/articles_bible-student_03.php,22,2,https://www.biblicalstudies.org.uk/pdf/bible-student/bible-student_22-2_094.pdf,206,True,application/pdf,https://www.biblicalstudies.org.uk/pdf/bible-student/bible-student_22-2_094.pdf,"""Urbane,"" The Bible Student , n.s. 22.2 (April 1951): 94-96. pdf [All reasonable efforts have been made to contact the copyright holder of this article without success. If you hold the rights, please contact me ]",pdf/bible-student/bible-student_22-2_094.pdf,255044462d312e36
https://www.biblicalstudies.org.uk/articles_bible-student_03.php,22,3,https://www.biblicalstudies.org.uk/pdf/bible-student/bible-student_22-3_097.pdf,206,True,application/pdf,https://www.biblicalstudies.org.uk/pdf/bible-student/bible-student_22-3_097.pdf,"Alfred McDonald Redwood, ""In the Heavenlies,"" The Bible Student , n.s. 22.3 (July 1951): 97-104. pdf [All reasonable efforts have been made to contact the copyright holder of this article without success. If you hold the rights, please contact me ]",pdf/bible-student/bible-student_22-3_097.pdf,255044462d312e36
https://www.biblicalstudies.org.uk/articles_bible-student_03.php,22,3,https://www.biblicalstudies.org.uk/pdf/bible-student/bible-student_22-3_104.pdf,206,True,application/pdf,https://www.biblicalstudies.org.uk/pdf/bible-student/bible-student_22-3_104.pdf,"Alex Soutter, ""The Theophanies of the Old Testament. III. Jacob at Peniel,"" The Bible Student , n.s. 22.3 (July 1951): 104-108. pdf [All reasonable efforts have been made to contact the copyright holder of this article without success. If you hold the rights, please contact me ]",pdf/bible-student/bible-student_22-3_104.pdf,255044462d312e36
https://www.biblicalstudies.org.uk/articles_bible-student_03.php,22,3,https://www.biblicalstudies.org.uk/pdf/bible-student/bible-student_22-3_108.pdf,206,True,application/pdf,https://www.biblicalstudies.org.uk/pdf/bible-student/bible-student_22-3_108.pdf,"William Wooldridge Fereday [1866-1959], ""World Leaders in the Final Crisis. III. The King of the North,"" The Bible Student , n.s. 22.3 (July 1951): 108-112. pdf [This material is in the Public Domain]",pdf/bible-student/bible-student_22-3_108.pdf,255044462d312e36
https://www.biblicalstudies.org.uk/articles_bible-student_03.php,22,3,https://www.biblicalstudies.org.uk/pdf/bible-student/bible-student_22-3_112.pdf,206,True,application/pdf,https://www.biblicalstudies.org.uk/pdf/bible-student/bible-student_22-3_112.pdf,"William Edwy Vine [1873-1949], ""Notes on Hebrews, Analysis of Chapter 9:1-10. The Early Tabernacle and its Objects,"" The Bible Student , n.s. 22.3 (July 1951): 112-116. pdf [This material is in the Public Domain]",pdf/bible-student/bible-student_22-3_112.pdf,255044462d312e36
https://www.biblicalstudies.org.uk/articles_bible-student_03.php,22,3,https://www.biblicalstudies.org.uk/pdf/bible-student/bible-student_22-3_116.pdf,206,True,application/pdf,https://www.biblicalstudies.org.uk/pdf/bible-student/bible-student_22-3_116.pdf,"F.F. Bruce [1910-1990], ""The Wisdom Literature of the Bible. The Book of Proverbs (continued),"" The Bible Student , n.s. 22.3 (July 1951): 116-118. pdf [© 1951 F.F. Bruce Copyright International, Inc., Bath, England, and Nashville, Tennessee. Reproduced by permission]",pdf/bible-student/bible-student_22-3_116.pdf,255044462d312e36
https://www.biblicalstudies.org.uk/articles_bible-student_03.php,22,3,https://www.biblicalstudies.org.uk/pdf/bible-student/bible-student_22-3_119.pdf,206,True,application/pdf,https://www.biblicalstudies.org.uk/pdf/bible-student/bible-student_22-3_119.pdf,"""Grace, Government, Glory,"" The Bible Student , n.s. 22.3 (July 1951): 119-127. pdf [All reasonable efforts have been made to contact the copyright holder of this article without success. If you hold the rights, please contact me ]",pdf/bible-student/bible-student_22-3_119.pdf,255044462d312e36
https://www.biblicalstudies.org.uk/articles_bible-student_03.php,22,3,https://www.biblicalstudies.org.uk/pdf/bible-student/bible-student_22-3_127.pdf,206,True,application/pdf,https://www.biblicalstudies.org.uk/pdf/bible-student/bible-student_22-3_127.pdf,"W. Wilcox, ""Genuine: A Word Study,"" The Bible Student , n.s. 22.3 (July 1951): 127-132. pdf [All reasonable efforts have been made to contact the copyright holder of this article without success. If you hold the rights, please contact me ]",pdf/bible-student/bible-student_22-3_127.pdf,255044462d312e36
https://www.biblicalstudies.org.uk/articles_bible-student_03.php,22,3,https://www.biblicalstudies.org.uk/pdf/bible-student/bible-student_22-3_132.pdf,206,True,application/pdf,https://www.biblicalstudies.org.uk/pdf/bible-student/bible-student_22-3_132.pdf,"E.W. Rogers, ""The Hebrew Psalter,"" The Bible Student , n.s. 22.3 (July 1951): 132-137. pdf [All reasonable efforts have been made to contact the copyright holder of this article without success. If you hold the rights, please contact me ]",pdf/bible-student/bible-student_22-3_132.pdf,255044462d312e36
https://www.biblicalstudies.org.uk/articles_bible-student_03.php,22,3,https://www.biblicalstudies.org.uk/pdf/bible-student/bible-student_22-3_138.pdf,206,True,application/pdf,https://www.biblicalstudies.org.uk/pdf/bible-student/bible-student_22-3_138.pdf,"Alfred McDonald Redwood, ""Exegetical Study of Colossians, Chapter 3:15—4:1,"" The Bible Student , n.s. 22.3 (July 1951): 138-143. pdf [All reasonable efforts have been made to contact the copyright holder of this article without success. If you hold the rights, please contact me ]",pdf/bible-student/bible-student_22-3_138.pdf,255044462d312e36
https://www.biblicalstudies.org.uk/articles_bible-student_03.php,22,3,https://www.biblicalstudies.org.uk/pdf/bible-student/bible-student_22-3_144.pdf,206,True,application/pdf,https://www.biblicalstudies.org.uk/pdf/bible-student/bible-student_22-3_144.pdf,"George Goodman, ""Is Substitution Universal?"" The Bible Student , n.s. 22.3 (July 1951): 144-145. pdf [All reasonable efforts have been made to contact the copyright holder of this article without success. If you hold the rights, please contact me ]",pdf/bible-student/bible-student_22-3_144.pdf,255044462d312e36
https://www.biblicalstudies.org.uk/articles_bible-student_03.php,22,4,https://www.biblicalstudies.org.uk/pdf/bible-student/bible-student_22-4_145.pdf,206,True,application/pdf,https://www.biblicalstudies.org.uk/pdf/bible-student/bible-student_22-4_145.pdf,"Alfred McDonald Redwood, ""The Five 'Faithful Sayings',"" The Bible Student , n.s. 22.4 (Oct. 1951): 145-153. pdf [All reasonable efforts have been made to contact the copyright holder of this article without success. If you hold the rights, please contact me ]",pdf/bible-student/bible-student_22-4_145.pdf,255044462d312e36
https://www.biblicalstudies.org.uk/articles_bible-student_03.php,22,4,https://www.biblicalstudies.org.uk/pdf/bible-student/bible-student_22-4_154.pdf,206,True,application/pdf,https://www.biblicalstudies.org.uk/pdf/bible-student/bible-student_22-4_154.pdf,"Wilbur Moorehead Smith [1894-1976], ""The Testimony of Bible Prophecy,"" The Bible Student , n.s. 22.4 (Oct. 1951): 154-161. pdf [All reasonable efforts have been made to contact the copyright holder of this article without success. If you hold the rights, please contact me ]",pdf/bible-student/bible-student_22-4_154.pdf,255044462d312e36
https://www.biblicalstudies.org.uk/articles_bible-student_03.php,22,4,https://www.biblicalstudies.org.uk/pdf/bible-student/bible-student_22-4_161.pdf,206,True,application/pdf,https://www.biblicalstudies.org.uk/pdf/bible-student/bible-student_22-4_161.pdf,"William Wooldridge Fereday [1866-1959], ""World Leaders in the Final Crises,"" The Bible Student , n.s. 22.4 (Oct. 1951): 161-165. pdf [This material is in the Public Domain]",pdf/bible-student/bible-student_22-4_161.pdf,255044462d312e36
https://www.biblicalstudies.org.uk/articles_bible-student_03.php,22,4,https://www.biblicalstudies.org.uk/pdf/bible-student/bible-student_22-4_166.pdf,206,True,application/pdf,https://www.biblicalstudies.org.uk/pdf/bible-student/bible-student_22-4_166.pdf,"Alex Soutter, ""The Theophanies of the Old Testament,IV. Moses at the Bush,"" The Bible Student , n.s. 22.4 (Oct. 1951): 166-170. pdf [All reasonable efforts have been made to contact the copyright holder of this article without success. If you hold the rights, please contact me ]",pdf/bible-student/bible-student_22-4_166.pdf,255044462d312e36
https://www.biblicalstudies.org.uk/articles_bible-student_03.php,22,4,https://www.biblicalstudies.org.uk/pdf/bible-student/bible-student_22-4_171.pdf,206,True,application/pdf,https://www.biblicalstudies.org.uk/pdf/bible-student/bible-student_22-4_171.pdf,"William Edwy Vine [1873-1949], ""Notes on Hebrews, Chapter 9:11-28,"" The Bible Student , n.s. 22.4 (Oct. 1951): 171-178. pdf [This material is in the Public Domain]",pdf/bible-student/bible-student_22-4_171.pdf,255044462d312e36
https://www.biblicalstudies.org.uk/articles_bible-student_03.php,22,4,https://www.biblicalstudies.org.uk/pdf/bible-student/bible-student_22-4_178.pdf,206,True,application/pdf,https://www.biblicalstudies.org.uk/pdf/bible-student/bible-student_22-4_178.pdf,"E.W. Rogers, ""The Hebrew Psalter. The N.T. usage of the Psalms (continued),"" The Bible Student , n.s. 22.4 (Oct. 1951): 178-184. pdf [All reasonable efforts have been made to contact the copyright holder of this article without success. If you hold the rights, please contact me ]",pdf/bible-student/bible-student_22-4_178.pdf,255044462d312e36
https://www.biblicalstudies.org.uk/articles_bible-student_03.php,22,4,https://www.biblicalstudies.org.uk/pdf/bible-student/bible-student_22-4_184.pdf,206,True,application/pdf,https://www.biblicalstudies.org.uk/pdf/bible-student/bible-student_22-4_184.pdf,"Isaac Massey Haldeman [1845-1933], ""How to Study and Understand the Bible. A Study of Proverbs 2:1-5,"" The Bible Student , n.s. 22.4 (Oct. 1951): 184-190. pdf [This material is in the Public Domain]",pdf/bible-student/bible-student_22-4_184.pdf,255044462d312e36
https://www.biblicalstudies.org.uk/articles_bible-student_03.php,22,4,https://www.biblicalstudies.org.uk/pdf/bible-student/bible-student_22-4_190.pdf,206,True,application/pdf,https://www.biblicalstudies.org.uk/pdf/bible-student/bible-student_22-4_190.pdf,"Alfred McDonald Redwood, ""Exegetical Study of Colossians, Chapter 4:2,"" The Bible Student , n.s. 22.4 (Oct. 1951): 190-193. pdf [All reasonable efforts have been made to contact the copyright holder of this article without success. If you hold the rights, please contact me ]",pdf/bible-student/bible-student_22-4_190.pdf,255044462d312e36
https://www.biblicalstudies.org.uk/articles_bible-student_03.php,23,1,https://www.biblicalstudies.org.uk/pdf/bible-student/bible-student_23-1_001.pdf,206,True,application/pdf,https://www.biblicalstudies.org.uk/pdf/bible-student/bible-student_23-1_001.pdf,"Alfred McDonald Redwood, ""'Give Heed to Reading...',"" The Bible Student , n.s. 23.1 (Jan. 1952): 1-4. pdf [All reasonable efforts have been made to contact the copyright holder of this article without success. If you hold the rights, please contact me ]",pdf/bible-student/bible-student_23-1_001.pdf,255044462d312e36
https://www.biblicalstudies.org.uk/articles_bible-student_03.php,23,1,https://www.biblicalstudies.org.uk/pdf/bible-student/bible-student_23-1_005.pdf,206,True,application/pdf,https://www.biblicalstudies.org.uk/pdf/bible-student/bible-student_23-1_005.pdf,"F.F. Bruce [1910-1990], ""The Wisdom Literature of the Bible. The Book of Proverbs (continued),"" The Bible Student , n.s. 23.1 (Jan. 1952): 5-8. pdf [© 1952 F.F. Bruce Copyright International, Inc., Bath, England, and Nashville, Tennessee. Reproduced by permission]",pdf/bible-student/bible-student_23-1_005.pdf,255044462d312e36
https://www.biblicalstudies.org.uk/articles_bible-student_03.php,23,1,https://www.biblicalstudies.org.uk/pdf/bible-student/bible-student_23-1_009.pdf,206,True,application/pdf,https://www.biblicalstudies.org.uk/pdf/bible-student/bible-student_23-1_009.pdf,"Alex Soutter, ""The Theophanies of the Old Testament. V. Joshua and the Man with the Sword,"" The Bible Student , n.s. 23.1 (Jan. 1952): 9-13. pdf [All reasonable efforts have been made to contact the copyright holder of this article without success. If you hold the rights, please contact me ]",pdf/bible-student/bible-student_23-1_009.pdf,255044462d312e36
https://www.biblicalstudies.org.uk/articles_bible-student_03.php,23,1,https://www.biblicalstudies.org.uk/pdf/bible-student/bible-student_23-1_014.pdf,206,True,application/pdf,https://www.biblicalstudies.org.uk/pdf/bible-student/bible-student_23-1_014.pdf,"William Edwy Vine [1873-1949], ""Notes on Hebrews, Chapter 9:11-28. The Contrasting Excellency of Christ's Priesthood,"" The Bible Student , n.s. 23.1 (Jan. 1952): 14-22. pdf [This material is in the Public Domain]",pdf/bible-student/bible-student_23-1_014.pdf,255044462d312e36
https://www.biblicalstudies.org.uk/articles_bible-student_03.php,23,1,https://www.biblicalstudies.org.uk/pdf/bible-student/bible-student_23-1_022.pdf,206,True,application/pdf,https://www.biblicalstudies.org.uk/pdf/bible-student/bible-student_23-1_022.pdf,"W. Wilcox, Word, ""Studies in the New Testament,"" The Bible Student , n.s. 23.1 (Jan. 1952): 22-25. pdf [All reasonable efforts have been made to contact the copyright holder of this article without success. If you hold the rights, please contact me ]",pdf/bible-student/bible-student_23-1_022.pdf,255044462d312e36
https://www.biblicalstudies.org.uk/articles_bible-student_03.php,23,1,https://www.biblicalstudies.org.uk/pdf/bible-student/bible-student_23-1_025.pdf,206,True,application/pdf,https://www.biblicalstudies.org.uk/pdf/bible-student/bible-student_23-1_025.pdf,"E.W. Rogers, ""The Hebrew Psalter. The N.T. usage of the Psalms (continued). Psalm 16,"" The Bible Student , n.s. 23.1 (Jan. 1952): 25-29. pdf [All reasonable efforts have been made to contact the copyright holder of this article without success. If you hold the rights, please contact me ]",pdf/bible-student/bible-student_23-1_025.pdf,255044462d312e36
https://www.biblicalstudies.org.uk/articles_bible-student_03.php,23,1,https://www.biblicalstudies.org.uk/pdf/bible-student/bible-student_23-1_029.pdf,206,True,application/pdf,https://www.biblicalstudies.org.uk/pdf/bible-student/bible-student_23-1_029.pdf,"Henry Allan ""Harry"" Ironside [1876-1951], ""Witness to the Word,"" The Bible Student , n.s. 23.1 (Jan. 1952): 29-36. pdf [This material is in the Public Domain]",pdf/bible-student/bible-student_23-1_029.pdf,255044462d312e36
https://www.biblicalstudies.org.uk/articles_bible-student_03.php,23,1,https://www.biblicalstudies.org.uk/pdf/bible-student/bible-student_23-1_037.pdf,206,True,application/pdf,https://www.biblicalstudies.org.uk/pdf/bible-student/bible-student_23-1_037.pdf,"D.W. Brealey, ""Christ and the Bible,"" The Bible Student , n.s. 23.1 (Jan. 1952): 37-42. pdf [All reasonable efforts have been made to contact the copyright holder of this article without success. If you hold the rights, please contact me ]",pdf/bible-student/bible-student_23-1_037.pdf,255044462d312e36
https://www.biblicalstudies.org.uk/articles_bible-student_03.php,23,1,https://www.biblicalstudies.org.uk/pdf/bible-student/bible-student_23-1_043.pdf,206,True,application/pdf,https://www.biblicalstudies.org.uk/pdf/bible-student/bible-student_23-1_043.pdf,"Alfred McDonald Redwood, ""Exegetical Study of Colossians, Chapter 4:7-18."" The Bible Student , n.s. 23.1 (Jan. 1952): 43-48. pdf [All reasonable efforts have been made to contact the copyright holder of this article without success. If you hold the rights, please contact me ]",pdf/bible-student/bible-student_23-1_043.pdf,255044462d312e36
https://www.biblicalstudies.org.uk/articles_bible-student_03.php,23,2,https://www.biblicalstudies.org.uk/pdf/bible-student/bible-student_23-2_049.pdf,206,True,application/pdf,https://www.biblicalstudies.org.uk/pdf/bible-student/bible-student_23-2_049.pdf,"Alfred McDonald Redwood, ""Paul's Letter to Philemon,"" The Bible Student , n.s. 23.2 (April. 1952): 49-57. pdf [All reasonable efforts have been made to contact the copyright holder of this article without success. If you hold the rights, please contact me ]",pdf/bible-student/bible-student_23-2_049.pdf,255044462d312e36
https://www.biblicalstudies.org.uk/articles_bible-student_03.php,23,2,https://www.biblicalstudies.org.uk/pdf/bible-student/bible-student_23-2_057.pdf,206,True,application/pdf,https://www.biblicalstudies.org.uk/pdf/bible-student/bible-student_23-2_057.pdf,"F.F. Bruce [1910-1990], The Wisdom Literature of the Bible. The Book of Job,"" The Bible Student , n.s. 23.2 (April. 1952): 57-60. pdf [© 1952 F.F. Bruce Copyright International, Inc., Bath, England, and Nashville, Tennessee. Reproduced by permission]",pdf/bible-student/bible-student_23-2_057.pdf,255044462d312e36
https://www.biblicalstudies.org.uk/articles_bible-student_03.php,23,2,https://www.biblicalstudies.org.uk/pdf/bible-student/bible-student_23-2_060.pdf,206,True,application/pdf,https://www.biblicalstudies.org.uk/pdf/bible-student/bible-student_23-2_060.pdf,"Alex Soutter, ""The Theophanies of the Old Testament. VI. Gideon and the Angel,"" The Bible Student , n.s. 23.2 (April. 1952): 60-67. pdf [All reasonable efforts have been made to contact the copyright holder of this article without success. If you hold the rights, please contact me ]",pdf/bible-student/bible-student_23-2_060.pdf,255044462d312e36
https://www.biblicalstudies.org.uk/articles_bible-student_03.php,23,2,https://www.biblicalstudies.org.uk/pdf/bible-student/bible-student_23-2_068.pdf,206,True,application/pdf,https://www.biblicalstudies.org.uk/pdf/bible-student/bible-student_23-2_068.pdf,"William Edwy Vine [1873-1949], ""Notes on Hebrews, Chapter 10:1-18. The Sacrifices and the Sacrifice (continued),"" The Bible Student , n.s. 23.2 (April. 1952): 68-75. pdf [This material is in the Public Domain]",pdf/bible-student/bible-student_23-2_068.pdf,255044462d312e36
https://www.biblicalstudies.org.uk/articles_bible-student_03.php,23,2,https://www.biblicalstudies.org.uk/pdf/bible-student/bible-student_23-2_075.pdf,206,True,application/pdf,https://www.biblicalstudies.org.uk/pdf/bible-student/bible-student_23-2_075.pdf,"E.W. Rogers, ""The Hebrew Psalter. The N.T. usage of the Psalms (continued). Psalm 32,"" The Bible Student , n.s. 23.2 (April. 1952): 75-80. pdf [All reasonable efforts have been made to contact the copyright holder of this article without success. If you hold the rights, please contact me ]",pdf/bible-student/bible-student_23-2_075.pdf,255044462d312e36
https://www.biblicalstudies.org.uk/articles_bible-student_03.php,23,2,https://www.biblicalstudies.org.uk/pdf/bible-student/bible-student_23-2_081.pdf,206,True,application/pdf,https://www.biblicalstudies.org.uk/pdf/bible-student/bible-student_23-2_081.pdf,"Alfred McDonald Redwood, ""Seven Old Testament Feasts. A Typological Study of Leviticus 23,"" The Bible Student , n.s. 23.2 (April. 1952): 81-88. pdf [All reasonable efforts have been made to contact the copyright holder of this article without success. If you hold the rights, please contact me ]",pdf/bible-student/bible-student_23-2_081.pdf,255044462d312e36
https://www.biblicalstudies.org.uk/articles_bible-student_03.php,23,2,https://www.biblicalstudies.org.uk/pdf/bible-student/bible-student_23-2_088.pdf,206,True,application/pdf,https://www.biblicalstudies.org.uk/pdf/bible-student/bible-student_23-2_088.pdf,"William Edwy Vine [1873-1949], "" 'Jesus Christ' and 'Christ Jesus',"" The Bible Student , n.s. 23.2 (April. 1952): 88-91. pdf [This material is in the Public Domain]",pdf/bible-student/bible-student_23-2_088.pdf,255044462d312e36
https://www.biblicalstudies.org.uk/articles_bible-student_03.php,23,2,https://www.biblicalstudies.org.uk/pdf/bible-student/bible-student_23-2_091.pdf,206,True,application/pdf,https://www.biblicalstudies.org.uk/pdf/bible-student/bible-student_23-2_091.pdf,"John Smart, ""Purpose, Power and Purity. Ex. 3:1-8; 4:1-8,"" The Bible Student , n.s. 23.2 (April. 1952): 91-92. pdf [All reasonable efforts have been made to contact the copyright holder of this article without success. If you hold the rights, please contact me ]",pdf/bible-student/bible-student_23-2_091.pdf,255044462d312e36
https://www.biblicalstudies.org.uk/articles_bible-student_03.php,23,3,https://www.biblicalstudies.org.uk/pdf/bible-student/bible-student_23-3_093.pdf,206,True,application/pdf,https://www.biblicalstudies.org.uk/pdf/bible-student/bible-student_23-3_093.pdf,"Alfred McDonald Redwood, ""The Epistle of Jude,"" The Bible Student , n.s. 23.3 (July 1952): 93-98. pdf [All reasonable efforts have been made to contact the copyright holder of this article without success. If you hold the rights, please contact me ]",pdf/bible-student/bible-student_23-3_093.pdf,255044462d312e36
https://www.biblicalstudies.org.uk/articles_bible-student_03.php,23,3,https://www.biblicalstudies.org.uk/pdf/bible-student/bible-student_23-3_099.pdf,206,True,application/pdf,https://www.biblicalstudies.org.uk/pdf/bible-student/bible-student_23-3_099.pdf,"F.F. Bruce [1910-1990], The Wisdom Literature of the Bible. The Book of Job (continued),"" The Bible Student , n.s. 23.3 (July 1952): 99-103. pdf [© 1952 F.F. Bruce Copyright International, Inc., Bath, England, and Nashville, Tennessee. Reproduced by permission]",pdf/bible-student/bible-student_23-3_099.pdf,255044462d312e36
https://www.biblicalstudies.org.uk/articles_bible-student_03.php,23,3,https://www.biblicalstudies.org.uk/pdf/bible-student/bible-student_23-3_103.pdf,206,True,application/pdf,https://www.biblicalstudies.org.uk/pdf/bible-student/bible-student_23-3_103.pdf,"Alex Soutter, ""The Theophanies of the Old Testament. VII. The Ascent of the Angel,"" The Bible Student , n.s. 23.3 (July 1952): 103-108. pdf [All reasonable efforts have been made to contact the copyright holder of this article without success. If you hold the rights, please contact me ]",pdf/bible-student/bible-student_23-3_103.pdf,255044462d312e36
https://www.biblicalstudies.org.uk/articles_bible-student_03.php,23,3,https://www.biblicalstudies.org.uk/pdf/bible-student/bible-student_23-3_109.pdf,206,True,application/pdf,https://www.biblicalstudies.org.uk/pdf/bible-student/bible-student_23-3_109.pdf,"William Edwy Vine [1873-1949], ""Notes on Hebrews, Chapter 10:19-25,"" The Bible Student , n.s. 23.3 (July 1952): 109-113. pdf [This material is in the Public Domain]",pdf/bible-student/bible-student_23-3_109.pdf,255044462d312e36
https://www.biblicalstudies.org.uk/articles_bible-student_03.php,23,3,https://www.biblicalstudies.org.uk/pdf/bible-student/bible-student_23-3_114.pdf,206,True,application/pdf,https://www.biblicalstudies.org.uk/pdf/bible-student/bible-student_23-3_114.pdf,"H. Dennett, ""Jesus is the Christ,"" The Bible Student , n.s. 23.3 (July 1952): 114-118. pdf [All reasonable efforts have been made to contact the copyright holder of this article without success. If you hold the rights, please contact me ]",pdf/bible-student/bible-student_23-3_114.pdf,255044462d312e36
https://www.biblicalstudies.org.uk/articles_bible-student_03.php,23,3,https://www.biblicalstudies.org.uk/pdf/bible-student/bible-student_23-3_118.pdf,206,True,application/pdf,https://www.biblicalstudies.org.uk/pdf/bible-student/bible-student_23-3_118.pdf,"Alfred McDonald Redwood, ""Seven Old Testament Feasts. A Typological Study of Leviticus 23. III. The Subject Considered Synthetically,"" The Bible Student , n.s. 23.3 (July 1952): 118-125. pdf [All reasonable efforts have been made to contact the copyright holder of this article without success. If you hold the rights, please contact me ]",pdf/bible-student/bible-student_23-3_118.pdf,255044462d312e36
https://www.biblicalstudies.org.uk/articles_bible-student_03.php,23,3,https://www.biblicalstudies.org.uk/pdf/bible-student/bible-student_23-3_125.pdf,206,True,application/pdf,https://www.biblicalstudies.org.uk/pdf/bible-student/bible-student_23-3_125.pdf,"W. Wilcox, ""Word Studies in the New Testament,"" The Bible Student , n.s. 23.3 (July 1952): 125-129. pdf [All reasonable efforts have been made to contact the copyright holder of this article without success. If you hold the rights, please contact me ]",pdf/bible-student/bible-student_23-3_125.pdf,255044462d312e36
https://www.biblicalstudies.org.uk/articles_bible-student_03.php,23,3,https://www.biblicalstudies.org.uk/pdf/bible-student/bible-student_23-3_129.pdf,206,True,application/pdf,https://www.biblicalstudies.org.uk/pdf/bible-student/bible-student_23-3_129.pdf,"E.W. Rogers, ""The Gospels,"" The Bible Student , n.s. 23.3 (July 1952): 129-135. pdf [All reasonable efforts have been made to contact the copyright holder of this article without success. If you hold the rights, please contact me ]",pdf/bible-student/bible-student_23-3_129.pdf,255044462d312e36
https://www.biblicalstudies.org.uk/articles_bible-student_03.php,23,3,https://www.biblicalstudies.org.uk/pdf/bible-student/bible-student_23-3_136.pdf,206,True,application/pdf,https://www.biblicalstudies.org.uk/pdf/bible-student/bible-student_23-3_136.pdf,"Charles Frederick Hogg [1859-1943], ""The Humanity of the Lord Jesus,"" The Bible Student , n.s. 23.3 (July 1952): 136-141. pdf [This material is in the Public Domain]",pdf/bible-student/bible-student_23-3_136.pdf,255044462d312e36
https://www.biblicalstudies.org.uk/articles_bible-student_03.php,23,4,https://www.biblicalstudies.org.uk/pdf/bible-student/bible-student_23-4_141.pdf,206,True,application/pdf,https://www.biblicalstudies.org.uk/pdf/bible-student/bible-student_23-4_141.pdf,"John William Hugh Nichols [1867-1960], ""Santification,"" The Bible Student , n.s. 23.4 (Oct. 1952): 141-144. pdf [This material is in the Public Domain]",pdf/bible-student/bible-student_23-4_141.pdf,255044462d312e36
https://www.biblicalstudies.org.uk/articles_bible-student_03.php,23,4,https://www.biblicalstudies.org.uk/pdf/bible-student/bible-student_23-4_144.pdf,206,True,application/pdf,https://www.biblicalstudies.org.uk/pdf/bible-student/bible-student_23-4_144.pdf,"F.F. Bruce [1910-1990], The Wisdom Literature of the Bible. The Book of Ecclesiastes,"" The Bible Student , n.s. 23.4 (Oct. 1952): 144-148. pdf [© 1952 F.F. Bruce Copyright International, Inc., Bath, England, and Nashville, Tennessee. Reproduced by permission]",pdf/bible-student/bible-student_23-4_144.pdf,255044462d312e36
https://www.biblicalstudies.org.uk/articles_bible-student_03.php,23,4,https://www.biblicalstudies.org.uk/pdf/bible-student/bible-student_23-4_149.pdf,206,True,application/pdf,https://www.biblicalstudies.org.uk/pdf/bible-student/bible-student_23-4_149.pdf,"Henry Leopold Ellison [1903-1983], ""The Prophecy of Ezekiel,"" The Bible Student , n.s. 23.4 (Oct. 1952): 149-154. pdf [All reasonable efforts have been made to contact the copyright holder of this article without success. If you hold the rights, please contact me ]",pdf/bible-student/bible-student_23-4_149.pdf,255044462d312e36
https://www.biblicalstudies.org.uk/articles_bible-student_03.php,23,4,https://www.biblicalstudies.org.uk/pdf/bible-student/bible-student_23-4_155.pdf,206,True,application/pdf,https://www.biblicalstudies.org.uk/pdf/bible-student/bible-student_23-4_155.pdf,"William Edwy Vine [1873-1949], ""Notes on Hebrews, Chapter 10:26-31. Wilful Apostasy and the Effects,"" The Bible Student , n.s. 23.4 (Oct. 1952): 155-158. pdf [This material is in the Public Domain]",pdf/bible-student/bible-student_23-4_155.pdf,255044462d312e36
https://www.biblicalstudies.org.uk/articles_bible-student_03.php,23,4,https://www.biblicalstudies.org.uk/pdf/bible-student/bible-student_23-4_159.pdf,206,True,application/pdf,https://www.biblicalstudies.org.uk/pdf/bible-student/bible-student_23-4_159.pdf,"Alfred McDonald Redwood, ""Seven Old Testament Feasts. A Typological Study of Leviticus 23. III. The Subject Considered Synthetically (concluded),"" The Bible Student , n.s. 23.4 (Oct. 1952): 159-166. pdf [All reasonable efforts have been made to contact the copyright holder of this article without success. If you hold the rights, please contact me ]",pdf/bible-student/bible-student_23-4_159.pdf,255044462d312e36
https://www.biblicalstudies.org.uk/articles_bible-student_03.php,23,4,https://www.biblicalstudies.org.uk/pdf/bible-student/bible-student_23-4_167.pdf,206,True,application/pdf,https://www.biblicalstudies.org.uk/pdf/bible-student/bible-student_23-4_167.pdf,"E.W. Rogers, ""The Gospels (continued),"" The Bible Student , n.s. 23.4 (Oct. 1952): 167-171. pdf [All reasonable efforts have been made to contact the copyright holder of this article without success. If you hold the rights, please contact me ]",pdf/bible-student/bible-student_23-4_167.pdf,255044462d312e36
https://www.biblicalstudies.org.uk/articles_bible-student_03.php,23,4,https://www.biblicalstudies.org.uk/pdf/bible-student/bible-student_23-4_171.pdf,206,True,application/pdf,https://www.biblicalstudies.org.uk/pdf/bible-student/bible-student_23-4_171.pdf,"Robert Rendall [1898-1967], ""The Divine Fellowship and Work. A Study of the Dispensational Signficance of John 17,"" The Bible Student , n.s. 23.4 (Oct. 1952): 171-175. pdf [All reasonable efforts have been made to contact the copyright holder of this article without success. If you hold the rights, please contact me ]",pdf/bible-student/bible-student_23-4_171.pdf,255044462d312e36
https://www.biblicalstudies.org.uk/articles_bible-student_03.php,23,4,https://www.biblicalstudies.org.uk/pdf/bible-student/bible-student_23-4_176.pdf,206,True,application/pdf,https://www.biblicalstudies.org.uk/pdf/bible-student/bible-student_23-4_176.pdf,"W. Wilcox, ""New Testament Word Studies: 'spiritual' (pneumatikos),"" The Bible Student , n.s. 23.4 (Oct. 1952): 176-178. pdf [All reasonable efforts have been made to contact the copyright holder of this article without success. If you hold the rights, please contact me ]",pdf/bible-student/bible-student_23-4_176.pdf,255044462d312e36
https://www.biblicalstudies.org.uk/articles_bible-student_03.php,23,4,https://www.biblicalstudies.org.uk/pdf/bible-student/bible-student_23-4_179.pdf,206,True,application/pdf,https://www.biblicalstudies.org.uk/pdf/bible-student/bible-student_23-4_179.pdf,"A. Lake, ""The Divine Imperative,"" The Bible Student , n.s. 23.4 (Oct. 1952): 179-184. pdf [All reasonable efforts have been made to contact the copyright holder of this article without success. If you hold the rights, please contact me ]",pdf/bible-student/bible-student_23-4_179.pdf,255044462d312e36
https://www.biblicalstudies.org.uk/articles_bible-student_03.php,23,4,https://www.biblicalstudies.org.uk/pdf/bible-student/bible-student_23-4_184.pdf,206,True,application/pdf,https://www.biblicalstudies.org.uk/pdf/bible-student/bible-student_23-4_184.pdf,"Arthur Rendle Short [1880-1953], ""The Prophet Jeremiah,"" The Bible Student , n.s. 23.4 (Oct. 1952): 184-187. pdf [This material is in the Public Domain]",pdf/bible-student/bible-student_23-4_184.pdf,255044462d312e36
https://www.biblicalstudies.org.uk/articles_bible-student_03.php,24,1,https://www.biblicalstudies.org.uk/pdf/bible-student/bible-student_24-1_001.pdf,206,True,application/pdf,https://www.biblicalstudies.org.uk/pdf/bible-student/bible-student_24-1_001.pdf,"Henry Leopold Ellison [1903-1983], ""The Prophecy of Ezekiel,"" The Bible Student , n.s. 24.1 (Jan. 1953): 1-7. pdf [All reasonable efforts have been made to contact the copyright holder of this article without success. If you hold the rights, please contact me ]",pdf/bible-student/bible-student_24-1_001.pdf,255044462d312e36
https://www.biblicalstudies.org.uk/articles_bible-student_03.php,24,1,https://www.biblicalstudies.org.uk/pdf/bible-student/bible-student_24-1_008.pdf,206,True,application/pdf,https://www.biblicalstudies.org.uk/pdf/bible-student/bible-student_24-1_008.pdf,"Robert Rendall [1898-1967], ""The Golden Chain of God's Work in Redemption,"" The Bible Student , n.s. 24.1 (Jan. 1953): 8-12. pdf [All reasonable efforts have been made to contact the copyright holder of this article without success. If you hold the rights, please contact me ]",pdf/bible-student/bible-student_24-1_008.pdf,255044462d312e36
https://www.biblicalstudies.org.uk/articles_bible-student_03.php,24,1,https://www.biblicalstudies.org.uk/pdf/bible-student/bible-student_24-1_012.pdf,206,True,application/pdf,https://www.biblicalstudies.org.uk/pdf/bible-student/bible-student_24-1_012.pdf,"F.F. Bruce [1910-1990], ""An Expository Study of St John's Gospel,"" The Bible Student , n.s. 24.1 (Jan. 1953): 12-17. pdf [© 1952 F.F. Bruce Copyright International, Inc., Bath, England, and Nashville, Tennessee. Reproduced by permission]",pdf/bible-student/bible-student_24-1_012.pdf,255044462d312e36
https://www.biblicalstudies.org.uk/articles_bible-student_03.php,24,1,https://www.biblicalstudies.org.uk/pdf/bible-student/bible-student_24-1_017.pdf,206,True,application/pdf,https://www.biblicalstudies.org.uk/pdf/bible-student/bible-student_24-1_017.pdf,"W. Wilcox, ""New Testament Word Studies. 'To hasten; give diligence', etc. (Spoudazo),"" The Bible Student , n.s. 24.1 (Jan. 1953): 17-22. pdf [All reasonable efforts have been made to contact the copyright holder of this article without success. If you hold the rights, please contact me ]",pdf/bible-student/bible-student_24-1_017.pdf,255044462d312e36
https://www.biblicalstudies.org.uk/articles_bible-student_03.php,24,1,https://www.biblicalstudies.org.uk/pdf/bible-student/bible-student_24-1_023.pdf,206,True,application/pdf,https://www.biblicalstudies.org.uk/pdf/bible-student/bible-student_24-1_023.pdf,"Alfred McDonald Redwood, ""Seven Old Testament Feasts. A Typological Study of Leviticus 23. IV. The Subject Considered Analytically,"" The Bible Student , n.s. 24.1 (Jan. 1953): 23-31. pdf [All reasonable efforts have been made to contact the copyright holder of this article without success. If you hold the rights, please contact me ]",pdf/bible-student/bible-student_24-1_023.pdf,255044462d312e36
https://www.biblicalstudies.org.uk/articles_bible-student_03.php,24,1,https://www.biblicalstudies.org.uk/pdf/bible-student/bible-student_24-1_032.pdf,206,True,application/pdf,https://www.biblicalstudies.org.uk/pdf/bible-student/bible-student_24-1_032.pdf,"E.W. Rogers, ""'Till He Heath Put All Enemies Under His Feet',"" The Bible Student , n.s. 24.1 (Jan. 1953): 32-38. pdf [All reasonable efforts have been made to contact the copyright holder of this article without success. If you hold the rights, please contact me ]",pdf/bible-student/bible-student_24-1_032.pdf,255044462d312e36
https://www.biblicalstudies.org.uk/articles_bible-student_03.php,24,1,https://www.biblicalstudies.org.uk/pdf/bible-student/bible-student_24-1_039.pdf,206,True,application/pdf,https://www.biblicalstudies.org.uk/pdf/bible-student/bible-student_24-1_039.pdf,"William Edwy Vine [1873-1949], ""Notes on Hebrews, Chapter 10:32-39,"" The Bible Student , n.s. 24.1 (Jan. 1953): 39-45. pdf [This material is in the Public Domain]",pdf/bible-student/bible-student_24-1_039.pdf,255044462d312e36
https://www.biblicalstudies.org.uk/articles_bible-student_03.php,24,1,https://www.biblicalstudies.org.uk/pdf/bible-student/bible-student_24-1_046.pdf,206,True,application/pdf,https://www.biblicalstudies.org.uk/pdf/bible-student/bible-student_24-1_046.pdf,"A. Naismith, ""An Acrostic on Study. For the Bible Student,"" The Bible Student , n.s. 24.1 (Jan. 1953): 46-48. pdf [All reasonable efforts have been made to contact the copyright holder of this article without success. If you hold the rights, please contact me ]",pdf/bible-student/bible-student_24-1_046.pdf,255044462d312e36
https://www.biblicalstudies.org.uk/articles_bible-student_03.php,24,2,https://www.biblicalstudies.org.uk/pdf/bible-student/bible-student_24-2_049.pdf,206,True,application/pdf,https://www.biblicalstudies.org.uk/pdf/bible-student/bible-student_24-2_049.pdf,"F.F. Bruce [1910-1990], ""An Expository Study of St John's Gospel,"" The Bible Student , n.s. 24.2 (April 1953): 49-53. pdf [© 1953 F.F. Bruce Copyright International, Inc., Bath, England, and Nashville, Tennessee. Reproduced by permission]",pdf/bible-student/bible-student_24-2_049.pdf,255044462d312e36
https://www.biblicalstudies.org.uk/articles_bible-student_03.php,24,2,https://www.biblicalstudies.org.uk/pdf/bible-student/bible-student_24-2_054.pdf,206,True,application/pdf,https://www.biblicalstudies.org.uk/pdf/bible-student/bible-student_24-2_054.pdf,"Charles Frederick Hogg [1859-1943], ""Spirits in Prison. Is there a Gospel for the Dead? An Exegesis of 1 Peter 3:8—4:6,"" The Bible Student , n.s. 24.2 (April 1953): 54-62. pdf [This material is in the Public Domain]",pdf/bible-student/bible-student_24-2_054.pdf,255044462d312e36
https://www.biblicalstudies.org.uk/articles_bible-student_03.php,24,2,https://www.biblicalstudies.org.uk/pdf/bible-student/bible-student_24-2_063.pdf,206,True,application/pdf,https://www.biblicalstudies.org.uk/pdf/bible-student/bible-student_24-2_063.pdf,"Henry Leopold Ellison [1903-1983], ""The Prophecy of Ezekiel. A Prophet Restrained (Ch. 3:22-27),"" The Bible Student , n.s. 24.2 (April 1953): 63-68. pdf [All reasonable efforts have been made to contact the copyright holder of this article without success. If you hold the rights, please contact me ]",pdf/bible-student/bible-student_24-2_063.pdf,255044462d312e36
https://www.biblicalstudies.org.uk/articles_bible-student_03.php,24,2,https://www.biblicalstudies.org.uk/pdf/bible-student/bible-student_24-2_069.pdf,206,True,application/pdf,https://www.biblicalstudies.org.uk/pdf/bible-student/bible-student_24-2_069.pdf,"W. Wilcox, ""New Testament Word Studies. 'Enabled' ( Edunamou ),"" The Bible Student , n.s. 24.2 (April 1953): 69-72. pdf [All reasonable efforts have been made to contact the copyright holder of this article without success. If you hold the rights, please contact me ]",pdf/bible-student/bible-student_24-2_069.pdf,255044462d312e36
https://www.biblicalstudies.org.uk/articles_bible-student_03.php,24,2,https://www.biblicalstudies.org.uk/pdf/bible-student/bible-student_24-2_072.pdf,206,True,application/pdf,https://www.biblicalstudies.org.uk/pdf/bible-student/bible-student_24-2_072.pdf,"Alfred McDonald Redwood, ""Seven Old Testament Feasts. A Typological Study of Leviticus 23. IV. The Subject Considered Analytically. The Passover (Continued),"" The Bible Student , n.s. 24.2 (April 1953): 72-79. pdf [All reasonable efforts have been made to contact the copyright holder of this article without success. If you hold the rights, please contact me ]",pdf/bible-student/bible-student_24-2_072.pdf,255044462d312e36
https://www.biblicalstudies.org.uk/articles_bible-student_03.php,24,2,https://www.biblicalstudies.org.uk/pdf/bible-student/bible-student_24-2_079.pdf,206,True,application/pdf,https://www.biblicalstudies.org.uk/pdf/bible-student/bible-student_24-2_079.pdf,"E.H. Drewery, ""Man an Endless Being,"" The Bible Student , n.s. 24.2 (April 1953): 79-83. pdf [All reasonable efforts have been made to contact the copyright holder of this article without success. If you hold the rights, please contact me ]",pdf/bible-student/bible-student_24-2_079.pdf,255044462d312e36
https://www.biblicalstudies.org.uk/articles_bible-student_03.php,24,2,https://www.biblicalstudies.org.uk/pdf/bible-student/bible-student_24-2_084.pdf,206,True,application/pdf,https://www.biblicalstudies.org.uk/pdf/bible-student/bible-student_24-2_084.pdf,"Archibald Thomas Robertson [1863-1934], ""A Misunderstood Word,"" The Bible Student , n.s. 24.2 (April 1953): 84-85. pdf [This material is in the Public Domain]",pdf/bible-student/bible-student_24-2_084.pdf,255044462d312e36
https://www.biblicalstudies.org.uk/articles_bible-student_03.php,24,2,https://www.biblicalstudies.org.uk/pdf/bible-student/bible-student_24-2_085.pdf,206,True,application/pdf,https://www.biblicalstudies.org.uk/pdf/bible-student/bible-student_24-2_085.pdf,"William Edwy Vine [1873-1949], ""Notes on Hebrews, Chapter 11 (continued),"" The Bible Student , n.s. 24.2 (April 1953): 85-91. pdf [This material is in the Public Domain]",pdf/bible-student/bible-student_24-2_085.pdf,255044462d312e36
https://www.biblicalstudies.org.uk/articles_bible-student_03.php,24,2,https://www.biblicalstudies.org.uk/pdf/bible-student/bible-student_24-2_091.pdf,206,True,application/pdf,https://www.biblicalstudies.org.uk/pdf/bible-student/bible-student_24-2_091.pdf,"Frank William Boreham [1871-1959], ""The Neglected Parable,"" The Bible Student , n.s. 24.2 (April 1953): 91-96. pdf [This material is in the Public Domain]",pdf/bible-student/bible-student_24-2_091.pdf,255044462d312e36
https://www.biblicalstudies.org.uk/articles_bible-student_03.php,24,3,https://www.biblicalstudies.org.uk/pdf/bible-student/bible-student_24-3_097.pdf,206,True,application/pdf,https://www.biblicalstudies.org.uk/pdf/bible-student/bible-student_24-3_097.pdf,"Henry Leopold Ellison [1903-1983], ""Bibical Hebrew Words,"" The Bible Student , n.s. 24.3 (July 1953): 97-103. pdf [All reasonable efforts have been made to contact the copyright holder of this article without success. If you hold the rights, please contact me ]",pdf/bible-student/bible-student_24-3_097.pdf,255044462d312e36
https://www.biblicalstudies.org.uk/articles_bible-student_03.php,24,3,https://www.biblicalstudies.org.uk/pdf/bible-student/bible-student_24-3_103.pdf,206,True,application/pdf,https://www.biblicalstudies.org.uk/pdf/bible-student/bible-student_24-3_103.pdf,"F.F. Bruce [1910-1990], ""An Expository Study of St. John's Gospel. (1. Prologue, Ch, 1:1-18),"" The Bible Student , n.s. 24.3 (July 1953): 103-109. pdf [© 1953 F.F. Bruce Copyright International, Inc., Bath, England, and Nashville, Tennessee. Reproduced by permission]",pdf/bible-student/bible-student_24-3_103.pdf,255044462d312e36
https://www.biblicalstudies.org.uk/articles_bible-student_03.php,24,3,https://www.biblicalstudies.org.uk/pdf/bible-student/bible-student_24-3_109.pdf,206,True,application/pdf,https://www.biblicalstudies.org.uk/pdf/bible-student/bible-student_24-3_109.pdf,"Frederick Albert Tatford [1901-1986], ""The Virgin Birth,"" The Bible Student , n.s. 24.3 (July 1953): 109-114. pdf [All reasonable efforts have been made to contact the copyright holder of this article without success. If you hold the rights, please contact me ]",pdf/bible-student/bible-student_24-3_109.pdf,255044462d312e36
https://www.biblicalstudies.org.uk/articles_bible-student_03.php,24,3,https://www.biblicalstudies.org.uk/pdf/bible-student/bible-student_24-3_115.pdf,206,True,application/pdf,https://www.biblicalstudies.org.uk/pdf/bible-student/bible-student_24-3_115.pdf,"Henry Leopold Ellison [1903-1983], ""The Prophecy of Ezekiel. (Jehovah abandons His Temple 8:1—11:25),"" The Bible Student , n.s. 24.3 (July 1953): 115-121. pdf [All reasonable efforts have been made to contact the copyright holder of this article without success. If you hold the rights, please contact me ]",pdf/bible-student/bible-student_24-3_115.pdf,255044462d312e36
https://www.biblicalstudies.org.uk/articles_bible-student_03.php,24,3,https://www.biblicalstudies.org.uk/pdf/bible-student/bible-student_24-3_121.pdf,206,True,application/pdf,https://www.biblicalstudies.org.uk/pdf/bible-student/bible-student_24-3_121.pdf,"Alfred McDonald Redwood, ""Seven Old Testament Feasts. A Typological Study of Leviticus 23. IV. The Subject Considered Analytically,"" The Bible Student , n.s. 24.3 (July 1953): 121-126. pdf [All reasonable efforts have been made to contact the copyright holder of this article without success. If you hold the rights, please contact me ]",pdf/bible-student/bible-student_24-3_121.pdf,255044462d312e36
https://www.biblicalstudies.org.uk/articles_bible-student_03.php,24,3,https://www.biblicalstudies.org.uk/pdf/bible-student/bible-student_24-3_127.pdf,206,True,application/pdf,https://www.biblicalstudies.org.uk/pdf/bible-student/bible-student_24-3_127.pdf,"A.C. Rose, ""Ponder the 'Afterword',"" The Bible Student , n.s. 24.3 (July 1953): 127-129. pdf [All reasonable efforts have been made to contact the copyright holder of this article without success. If you hold the rights, please contact me ]",pdf/bible-student/bible-student_24-3_127.pdf,255044462d312e36
https://www.biblicalstudies.org.uk/articles_bible-student_03.php,24,3,https://www.biblicalstudies.org.uk/pdf/bible-student/bible-student_24-3_130.pdf,206,True,application/pdf,https://www.biblicalstudies.org.uk/pdf/bible-student/bible-student_24-3_130.pdf,"William Edwy Vine [1873-1949], ""Notes on Hebrews, Chapter 11:21-40,"" The Bible Student , n.s. 24.3 (July 1953): 130-135. pdf [This material is in the Public Domain]",pdf/bible-student/bible-student_24-3_130.pdf,255044462d312e36
https://www.biblicalstudies.org.uk/articles_bible-student_03.php,24,3,https://www.biblicalstudies.org.uk/pdf/bible-student/bible-student_24-3_136.pdf,206,True,application/pdf,https://www.biblicalstudies.org.uk/pdf/bible-student/bible-student_24-3_136.pdf,"W. Graham Scroggie [1877-1958], ""The True Relation to Life,"" The Bible Student , n.s. 24.3 (July 1953): 136-141. pdf [This material is in the Public Domain]",pdf/bible-student/bible-student_24-3_136.pdf,255044462d312e36
https://www.biblicalstudies.org.uk/articles_bible-student_03.php,24,3,https://www.biblicalstudies.org.uk/pdf/bible-student/bible-student_24-3_141.pdf,206,True,application/pdf,https://www.biblicalstudies.org.uk/pdf/bible-student/bible-student_24-3_141.pdf,"Eugene Price, ""Word Study. 'Doctrine' in the Pastoral Epistles,"" The Bible Student , n.s. 24.3 (July 1953): 141-144. pdf [All reasonable efforts have been made to contact the copyright holder of this article without success. If you hold the rights, please contact me ]",pdf/bible-student/bible-student_24-3_141.pdf,255044462d312e36
https://www.biblicalstudies.org.uk/articles_bible-student_03.php,24,4,https://www.biblicalstudies.org.uk/pdf/bible-student/bible-student_24-4_145.pdf,206,True,application/pdf,https://www.biblicalstudies.org.uk/pdf/bible-student/bible-student_24-4_145.pdf,"F.F. Bruce [1910-1990], ""An Expository Study of St. John's Gospel. (Prologue, Ch, 1:1-18 continued),"" The Bible Student , n.s. 24.4 (Oct. 1953): 145-150. pdf [© 1953 F.F. Bruce Copyright International, Inc., Bath, England, and Nashville, Tennessee. Reproduced by permission]",pdf/bible-student/bible-student_24-4_145.pdf,255044462d312e36
https://www.biblicalstudies.org.uk/articles_bible-student_03.php,24,4,https://www.biblicalstudies.org.uk/pdf/bible-student/bible-student_24-4_151.pdf,206,True,application/pdf,https://www.biblicalstudies.org.uk/pdf/bible-student/bible-student_24-4_151.pdf,"W. Wilcox, ""New Testament Word Studies. 'Sincerity' ( haplotes ),"" The Bible Student , n.s. 24.4 (Oct. 1953): 151-154. pdf [All reasonable efforts have been made to contact the copyright holder of this article without success. If you hold the rights, please contact me ]",pdf/bible-student/bible-student_24-4_151.pdf,255044462d312e36
https://www.biblicalstudies.org.uk/articles_bible-student_03.php,24,4,https://www.biblicalstudies.org.uk/pdf/bible-student/bible-student_24-4_154.pdf,206,True,application/pdf,https://www.biblicalstudies.org.uk/pdf/bible-student/bible-student_24-4_154.pdf,"Henry Leopold Ellison [1903-1983], ""The Prophecy of Ezekiel. The Judgment on the Priestly Leaders, 11:1-12,"" The Bible Student , n.s. 24.4 (Oct. 1953): 154-160. pdf [All reasonable efforts have been made to contact the copyright holder of this article without success. If you hold the rights, please contact me ]",pdf/bible-student/bible-student_24-4_154.pdf,255044462d312e36
https://www.biblicalstudies.org.uk/articles_bible-student_03.php,24,4,https://www.biblicalstudies.org.uk/pdf/bible-student/bible-student_24-4_160.pdf,206,True,application/pdf,https://www.biblicalstudies.org.uk/pdf/bible-student/bible-student_24-4_160.pdf,"Alfred McDonald Redwood, "" 'Behold My Servant'!"" The Bible Student , n.s. 24.4 (Oct. 1953): 160-166. pdf [All reasonable efforts have been made to contact the copyright holder of this article without success. If you hold the rights, please contact me ]",pdf/bible-student/bible-student_24-4_160.pdf,255044462d312e36
https://www.biblicalstudies.org.uk/articles_bible-student_03.php,24,4,https://www.biblicalstudies.org.uk/pdf/bible-student/bible-student_24-4_167.pdf,206,True,application/pdf,https://www.biblicalstudies.org.uk/pdf/bible-student/bible-student_24-4_167.pdf,"Henry Leopold Ellison [1903-1983], ""Biblical Hebrew Words. The 'Names' of God (continued),"" The Bible Student , n.s. 24.4 (Oct. 1953): 167-172. pdf [All reasonable efforts have been made to contact the copyright holder of this article without success. If you hold the rights, please contact me ]",pdf/bible-student/bible-student_24-4_167.pdf,255044462d312e36
https://www.biblicalstudies.org.uk/articles_bible-student_03.php,24,4,https://www.biblicalstudies.org.uk/pdf/bible-student/bible-student_24-4_172.pdf,206,True,application/pdf,https://www.biblicalstudies.org.uk/pdf/bible-student/bible-student_24-4_172.pdf,"Alfred McDonald Redwood, ""Seven Old Testament Feasts. A Typological Study of Leviticus 23. IV. The Subject Considered Analytically.3. The Feast of First-Fruits,"" The Bible Student , n.s. 24.4 (Oct. 1953): 172-178. pdf [All reasonable efforts have been made to contact the copyright holder of this article without success. If you hold the rights, please contact me ]",pdf/bible-student/bible-student_24-4_172.pdf,255044462d312e36
https://www.biblicalstudies.org.uk/articles_bible-student_03.php,24,4,https://www.biblicalstudies.org.uk/pdf/bible-student/bible-student_24-4_179.pdf,206,True,application/pdf,https://www.biblicalstudies.org.uk/pdf/bible-student/bible-student_24-4_179.pdf,"Arthur Tappan Pierson [1837-1911], ""The Progressive Revelation of the Holy Spirit,"" The Bible Student , n.s. 24.4 (Oct. 1953): 179-184. pdf [This material is in the Public Domain]",pdf/bible-student/bible-student_24-4_179.pdf,255044462d312e36
https://www.biblicalstudies.org.uk/articles_bible-student_03.php,24,4,https://www.biblicalstudies.org.uk/pdf/bible-student/bible-student_24-4_185.pdf,206,True,application/pdf,https://www.biblicalstudies.org.uk/pdf/bible-student/bible-student_24-4_185.pdf,"William Edwy Vine [1873-1949], ""Notes on Hebrews, Chapter 12,"" The Bible Student , n.s. 24.4 (Oct. 1953): 185-189. [This material is in the Public Domain]",pdf/bible-student/bible-student_24-4_185.pdf,255044462d312e36
https://www.biblicalstudies.org.uk/articles_bible-student_03.php,24,4,https://www.biblicalstudies.org.uk/pdf/bible-student/bible-student_24-4_190.pdf,206,True,application/pdf,https://www.biblicalstudies.org.uk/pdf/bible-student/bible-student_24-4_190.pdf,"""The Story of High Altitudes,"" The Bible Student , n.s. 24.4 (Oct. 1953): 190-193. pdf [All reasonable efforts have been made to contact the copyright holder of this article without success. If you hold the rights, please contact me ]",pdf/bible-student/bible-student_24-4_190.pdf,255044462d312e36
https://www.biblicalstudies.org.uk/articles_bible-student_03.php,25,1,https://www.biblicalstudies.org.uk/pdf/bible-student/bible-student_25-1_001.pdf,206,True,application/pdf,https://www.biblicalstudies.org.uk/pdf/bible-student/bible-student_25-1_001.pdf,"Henry Leopold Ellison [1903-1983], ""The Prophecy of Ezekiel. The Problem of Prophets and of Prophecy (12:—14:11),"" The Bible Student , n.s. 25.1 (Jan. 1954): 1-8. pdf [All reasonable efforts have been made to contact the copyright holder of this article without success. If you hold the rights, please contact me ]",pdf/bible-student/bible-student_25-1_001.pdf,255044462d312e36
https://www.biblicalstudies.org.uk/articles_bible-student_03.php,25,1,https://www.biblicalstudies.org.uk/pdf/bible-student/bible-student_25-1_009.pdf,206,True,application/pdf,https://www.biblicalstudies.org.uk/pdf/bible-student/bible-student_25-1_009.pdf,"A. Naismith, "" 'The Heights of the Hills Are His'. I. Mount Moriah,"" The Bible Student , n.s. 25.1 (Jan. 1954): 9-14. pdf [All reasonable efforts have been made to contact the copyright holder of this article without success. If you hold the rights, please contact me ]",pdf/bible-student/bible-student_25-1_009.pdf,255044462d312e36
https://www.biblicalstudies.org.uk/articles_bible-student_03.php,25,1,https://www.biblicalstudies.org.uk/pdf/bible-student/bible-student_25-1_014.pdf,206,True,application/pdf,https://www.biblicalstudies.org.uk/pdf/bible-student/bible-student_25-1_014.pdf,"F.F. Bruce [1910-1990], ""An Expository Study of St. John's Gospel. II. Jesus Reveals Himself to the World: 'His own received Him not' (John 1:19—11:50,"" The Bible Student , n.s. 25.1 (Jan. 1954): 14-20. pdf [© 1954 F.F. Bruce Copyright International, Inc., Bath, England, and Nashville, Tennessee. Reproduced by permission]",pdf/bible-student/bible-student_25-1_014.pdf,255044462d312e36
https://www.biblicalstudies.org.uk/articles_bible-student_03.php,25,1,https://www.biblicalstudies.org.uk/pdf/bible-student/bible-student_25-1_020.pdf,206,True,application/pdf,https://www.biblicalstudies.org.uk/pdf/bible-student/bible-student_25-1_020.pdf,"Martin A. Hopkins, ""The Necessity of the Cross,"" The Bible Student , n.s. 25.1 (Jan. 1954): 20-25. pdf [All reasonable efforts have been made to contact the copyright holder of this article without success. If you hold the rights, please contact me ]",pdf/bible-student/bible-student_25-1_020.pdf,255044462d312e36
https://www.biblicalstudies.org.uk/articles_bible-student_03.php,25,1,https://www.biblicalstudies.org.uk/pdf/bible-student/bible-student_25-1_026.pdf,206,True,application/pdf,https://www.biblicalstudies.org.uk/pdf/bible-student/bible-student_25-1_026.pdf,"Henry Leopold Ellison [1903-1983], ""Biblical Hebrew Words. Words of Relationship,"" The Bible Student , n.s. 25.1 (Jan. 1954): 26-29. pdf [All reasonable efforts have been made to contact the copyright holder of this article without success. If you hold the rights, please contact me ]",pdf/bible-student/bible-student_25-1_026.pdf,255044462d312e36
https://www.biblicalstudies.org.uk/articles_bible-student_03.php,25,1,https://www.biblicalstudies.org.uk/pdf/bible-student/bible-student_25-1_030.pdf,206,True,application/pdf,https://www.biblicalstudies.org.uk/pdf/bible-student/bible-student_25-1_030.pdf,"Alfred McDonald Redwood, ""Seven Old Testament Feasts. A Typological Study of Leviticus 23. IV. The Subject Considered Analytically.3. The Feast of First-Fruits,"" The Bible Student , n.s. 25.1 (Jan. 1954): 30-35. pdf [All reasonable efforts have been made to contact the copyright holder of this article without success. If you hold the rights, please contact me ]",pdf/bible-student/bible-student_25-1_030.pdf,255044462d312e36
https://www.biblicalstudies.org.uk/articles_bible-student_03.php,25,1,https://www.biblicalstudies.org.uk/pdf/bible-student/bible-student_25-1_035.pdf,206,True,application/pdf,https://www.biblicalstudies.org.uk/pdf/bible-student/bible-student_25-1_035.pdf,"Eugene Stock [1836-1928], ""Who Was Timothy?"" The Bible Student , n.s. 25.1 (Jan. 1954): 35-40. pdf [This material is in the Public Domain]",pdf/bible-student/bible-student_25-1_035.pdf,255044462d312e36
https://www.biblicalstudies.org.uk/articles_bible-student_03.php,25,1,https://www.biblicalstudies.org.uk/pdf/bible-student/bible-student_25-1_040.pdf,206,True,application/pdf,https://www.biblicalstudies.org.uk/pdf/bible-student/bible-student_25-1_040.pdf,"William Edwy Vine [1873-1949], ""Notes on Hebrews, Chapter 12 (continued),"" The Bible Student , n.s. 25.1 (Jan. 1954): 40-45. pdf [This material is in the Public Domain]",pdf/bible-student/bible-student_25-1_040.pdf,255044462d312e36
https://www.biblicalstudies.org.uk/articles_bible-student_03.php,25,1,https://www.biblicalstudies.org.uk/pdf/bible-student/bible-student_25-1_046.pdf,206,True,application/pdf,https://www.biblicalstudies.org.uk/pdf/bible-student/bible-student_25-1_046.pdf,"W. Wilcox, ""New Testament Word Studies. 'Of what manner, or sort' ( Potapos ),"" The Bible Student , n.s. 25.1 (Jan. 1954): 46-49. pdf [All reasonable efforts have been made to contact the copyright holder of this article without success. If you hold the rights, please contact me ]",pdf/bible-student/bible-student_25-1_046.pdf,255044462d312e36
https://www.biblicalstudies.org.uk/articles_bible-student_03.php,25,2,https://www.biblicalstudies.org.uk/pdf/bible-student/bible-student_25-2_049.pdf,206,True,application/pdf,https://www.biblicalstudies.org.uk/pdf/bible-student/bible-student_25-2_049.pdf,"F.F. Bruce [1910-1990], ""An Expository Study of St. John's Gospel. II. Jesus Reveals Himself to the World: 'His own received Him not' (John 1:19—11:50,"" The Bible Student , n.s. 25.2 (April 1954): 49-54. pdf [© 1954 F.F. Bruce Copyright International, Inc., Bath, England, and Nashville, Tennessee. Reproduced by permission]",pdf/bible-student/bible-student_25-2_049.pdf,255044462d312e36
https://www.biblicalstudies.org.uk/articles_bible-student_03.php,25,2,https://www.biblicalstudies.org.uk/pdf/bible-student/bible-student_25-2_055.pdf,206,True,application/pdf,https://www.biblicalstudies.org.uk/pdf/bible-student/bible-student_25-2_055.pdf,"Frank William Boreham [1871-1959], ""The Deathless Heritage,"" The Bible Student , n.s. 25.2 (April 1954): 55-60. pdf [This material is in the Public Domain]",pdf/bible-student/bible-student_25-2_055.pdf,255044462d312e36
https://www.biblicalstudies.org.uk/articles_bible-student_03.php,25,2,https://www.biblicalstudies.org.uk/pdf/bible-student/bible-student_25-2_061.pdf,206,True,application/pdf,https://www.biblicalstudies.org.uk/pdf/bible-student/bible-student_25-2_061.pdf,"Henry Leopold Ellison [1903-1983], ""The Prophecy of Ezekiel. The Absolute Justice of Jerusalem's Punishment (14:123-23),"" The Bible Student , n.s. 25.2 (April 1954): 61-71. pdf [All reasonable efforts have been made to contact the copyright holder of this article without success. If you hold the rights, please contact me ]",pdf/bible-student/bible-student_25-2_061.pdf,255044462d312e36
https://www.biblicalstudies.org.uk/articles_bible-student_03.php,25,2,https://www.biblicalstudies.org.uk/pdf/bible-student/bible-student_25-2_071.pdf,206,True,application/pdf,https://www.biblicalstudies.org.uk/pdf/bible-student/bible-student_25-2_071.pdf,"A. Naismith, "" 'The Heights of the Hills Are His'. II. The Mount of Olives,"" The Bible Student , n.s. 25.2 (April 1954): 71-75. pdf [All reasonable efforts have been made to contact the copyright holder of this article without success. If you hold the rights, please contact me ]",pdf/bible-student/bible-student_25-2_071.pdf,255044462d312e36
https://www.biblicalstudies.org.uk/articles_bible-student_03.php,25,2,https://www.biblicalstudies.org.uk/pdf/bible-student/bible-student_25-2_076.pdf,206,True,application/pdf,https://www.biblicalstudies.org.uk/pdf/bible-student/bible-student_25-2_076.pdf,"Harold St. John [1876-1957], ""'Written That Ye May Believe',"" The Bible Student , n.s. 25.2 (April 1954): 76-83. pdf [This material is in the Public Domain]",pdf/bible-student/bible-student_25-2_076.pdf,255044462d312e36
https://www.biblicalstudies.org.uk/articles_bible-student_03.php,25,2,https://www.biblicalstudies.org.uk/pdf/bible-student/bible-student_25-2_083.pdf,206,True,application/pdf,https://www.biblicalstudies.org.uk/pdf/bible-student/bible-student_25-2_083.pdf,"Harold P. Barker, ""The Paired Words of the New Testament,"" The Bible Student , n.s. 25.2 (April 1954): 83-88. pdf [All reasonable efforts have been made to contact the copyright holder of this article without success. If you hold the rights, please contact me ]",pdf/bible-student/bible-student_25-2_083.pdf,255044462d312e36
https://www.biblicalstudies.org.uk/articles_bible-student_03.php,25,2,https://www.biblicalstudies.org.uk/pdf/bible-student/bible-student_25-2_089.pdf,206,True,application/pdf,https://www.biblicalstudies.org.uk/pdf/bible-student/bible-student_25-2_089.pdf,"Alfred McDonald Redwood, ""Seven Old Testament Feasts. A Typological Study of Leviticus 23. IV. The Subject Considered Analytically. 4. The Feast of Weeks,"" The Bible Student , n.s. 25.2 (April 1954): 89-94. pdf [All reasonable efforts have been made to contact the copyright holder of this article without success. If you hold the rights, please contact me ]",pdf/bible-student/bible-student_25-2_089.pdf,255044462d312e36
https://www.biblicalstudies.org.uk/articles_bible-student_03.php,25,2,https://www.biblicalstudies.org.uk/pdf/bible-student/bible-student_25-2_095.pdf,206,True,application/pdf,https://www.biblicalstudies.org.uk/pdf/bible-student/bible-student_25-2_095.pdf,"William Edwy Vine [1873-1949], ""Notes on Hebrews, Chapter 12 (continued),"" The Bible Student , n.s. 25.2 (April 1954): 95-104. pdf [This material is in the Public Domain]",pdf/bible-student/bible-student_25-2_095.pdf,255044462d312e36
https://www.biblicalstudies.org.uk/articles_bible-student_03.php,25,2,https://www.biblicalstudies.org.uk/pdf/bible-student/bible-student_25-2_099.pdf,206,True,application/pdf,https://www.biblicalstudies.org.uk/pdf/bible-student/bible-student_25-2_099.pdf,"Martin A, Hopkins, ""The Necessity of the Cross,"" The Bible Student , n.s. 25.2 (April 1954): 99-104. pdf [All reasonable efforts have been made to contact the copyright holder of this article without success. If you hold the rights, please contact me ]",pdf/bible-student/bible-student_25-2_099.pdf,255044462d312e36
https://www.biblicalstudies.org.uk/articles_bible-student_03.php,25,3,https://www.biblicalstudies.org.uk/pdf/bible-student/bible-student_25-3_105.pdf,206,True,application/pdf,https://www.biblicalstudies.org.uk/pdf/bible-student/bible-student_25-3_105.pdf,"Henry Leopold Ellison [1903-1983], ""The Prophecy of Ezekiel. The Treacherous Folly of Zedekiah (17:1-24),"" The Bible Student , n.s. 25.3 (July 1954): 105-111. pdf [All reasonable efforts have been made to contact the copyright holder of this article without success. If you hold the rights, please contact me ]",pdf/bible-student/bible-student_25-3_105.pdf,255044462d312e36
https://www.biblicalstudies.org.uk/articles_bible-student_03.php,25,3,https://www.biblicalstudies.org.uk/pdf/bible-student/bible-student_25-3_112.pdf,206,True,application/pdf,https://www.biblicalstudies.org.uk/pdf/bible-student/bible-student_25-3_112.pdf,"Alfred McDonald Redwood, ""The Glory of the Unashamed,"" The Bible Student , n.s. 25.3 (July 1954): 112-117. pdf [All reasonable efforts have been made to contact the copyright holder of this article without success. If you hold the rights, please contact me ]",pdf/bible-student/bible-student_25-3_112.pdf,255044462d312e36
https://www.biblicalstudies.org.uk/articles_bible-student_03.php,25,3,https://www.biblicalstudies.org.uk/pdf/bible-student/bible-student_25-3_118.pdf,206,True,application/pdf,https://www.biblicalstudies.org.uk/pdf/bible-student/bible-student_25-3_118.pdf,"William Edwy Vine [1873-1949], ""Notes on Hebrews, Chapter 13 (continued),"" The Bible Student , n.s. 25.3 (July 1954): 118-124. pdf [This material is in the Public Domain]",pdf/bible-student/bible-student_25-3_118.pdf,255044462d312e36
https://www.biblicalstudies.org.uk/articles_bible-student_03.php,25,3,https://www.biblicalstudies.org.uk/pdf/bible-student/bible-student_25-3_125.pdf,206,True,application/pdf,https://www.biblicalstudies.org.uk/pdf/bible-student/bible-student_25-3_125.pdf,"F.F. Bruce [1910-1990], ""An Expository Study of St. John's Gospel. II. Jesus Reveals Himself to the World (John 1:19—12:50,"" The Bible Student , n.s. 25.3 (July 1954): 125-130. pdf [© 1954 F.F. Bruce Copyright International, Inc., Bath, England, and Nashville, Tennessee. Reproduced by permission]",pdf/bible-student/bible-student_25-3_125.pdf,255044462d312e36
https://www.biblicalstudies.org.uk/articles_bible-student_03.php,25,3,https://www.biblicalstudies.org.uk/pdf/bible-student/bible-student_25-3_131.pdf,206,True,application/pdf,https://www.biblicalstudies.org.uk/pdf/bible-student/bible-student_25-3_131.pdf,"A. Naismith, "" 'The Heights of the Hills Are His'. III. Mount Sinai,"" The Bible Student , n.s. 25.3 (July 1954): 131-137. pdf [All reasonable efforts have been made to contact the copyright holder of this article without success. If you hold the rights, please contact me ]",pdf/bible-student/bible-student_25-3_131.pdf,255044462d312e36
https://www.biblicalstudies.org.uk/articles_bible-student_03.php,25,3,https://www.biblicalstudies.org.uk/pdf/bible-student/bible-student_25-3_137.pdf,206,True,application/pdf,https://www.biblicalstudies.org.uk/pdf/bible-student/bible-student_25-3_137.pdf,"Henry Leopold Ellison [1903-1983], ""Biblical Hebrew Words. Words of Relationship (continued),"" The Bible Student , n.s. 25.3 (July 1954): 137-141. pdf [All reasonable efforts have been made to contact the copyright holder of this article without success. If you hold the rights, please contact me ]",pdf/bible-student/bible-student_25-3_137.pdf,255044462d312e36
https://www.biblicalstudies.org.uk/articles_bible-student_03.php,25,3,https://www.biblicalstudies.org.uk/pdf/bible-student/bible-student_25-3_141.pdf,206,True,application/pdf,https://www.biblicalstudies.org.uk/pdf/bible-student/bible-student_25-3_141.pdf,"E.W. Rogers, ""The Humanity of the Lord Jesus,"" The Bible Student , n.s. 25.3 (July 1954): 141-144. pdf [All reasonable efforts have been made to contact the copyright holder of this article without success. If you hold the rights, please contact me ]",pdf/bible-student/bible-student_25-3_141.pdf,255044462d312e36
https://www.biblicalstudies.org.uk/articles_bible-student_03.php,25,3,https://www.biblicalstudies.org.uk/pdf/bible-student/bible-student_25-3_144.pdf,206,True,application/pdf,https://www.biblicalstudies.org.uk/pdf/bible-student/bible-student_25-3_144.pdf,"Alfred McDonald Redwood, ""Seven Old Testament Feasts. A Typological Study of Leviticus 23. IV. The Subject Considered Analytically. 5. The Feast of Trumpets,"" The Bible Student , n.s. 25.3 (July 1954): 144-149. pdf [All reasonable efforts have been made to contact the copyright holder of this article without success. If you hold the rights, please contact me ]",pdf/bible-student/bible-student_25-3_144.pdf,255044462d312e36
https://www.biblicalstudies.org.uk/articles_bible-student_03.php,25,3,https://www.biblicalstudies.org.uk/pdf/bible-student/bible-student_25-3_150.pdf,206,True,application/pdf,https://www.biblicalstudies.org.uk/pdf/bible-student/bible-student_25-3_150.pdf,"A. Naismith, ""New Testament Word Studies. 'Harmless' (akeraios),"" The Bible Student , n.s. 25.3 (July 1954): 150-153. pdf [All reasonable efforts have been made to contact the copyright holder of this article without success. If you hold the rights, please contact me ]",pdf/bible-student/bible-student_25-3_150.pdf,255044462d312e36
https://www.biblicalstudies.org.uk/articles_bible-student_03.php,25,4,https://www.biblicalstudies.org.uk/pdf/bible-student/bible-student_25-4_157.pdf,206,True,application/pdf,https://www.biblicalstudies.org.uk/pdf/bible-student/bible-student_25-4_157.pdf,"L.W.G. Alexander [1867–1951], ""Conscience,"" The Bible Student , n.s. 25.4 (Oct. 1954): 157-161. pdf [This material is in the Public Domain]",pdf/bible-student/bible-student_25-4_157.pdf,255044462d312e36
https://www.biblicalstudies.org.uk/articles_bible-student_03.php,25,4,https://www.biblicalstudies.org.uk/pdf/bible-student/bible-student_25-4_162.pdf,206,True,application/pdf,https://www.biblicalstudies.org.uk/pdf/bible-student/bible-student_25-4_162.pdf,"F.F. Bruce [1910-1990], ""An Expository Study of St. John's Gospel. II. Jesus Reveals Himself to the World (John 1:19—12:50,"" The Bible Student , n.s. 25.4 (Oct. 1954): 162-166. pdf [© 1954 F.F. Bruce Copyright International, Inc., Bath, England, and Nashville, Tennessee. Reproduced by permission]",pdf/bible-student/bible-student_25-4_162.pdf,255044462d312e36
https://www.biblicalstudies.org.uk/articles_bible-student_03.php,25,4,https://www.biblicalstudies.org.uk/pdf/bible-student/bible-student_25-4_171.pdf,206,True,application/pdf,https://www.biblicalstudies.org.uk/pdf/bible-student/bible-student_25-4_171.pdf,"Alfred McDonald Redwood, ""The Glory of the Unashamed,"" The Bible Student , n.s. 25.4 (Oct. 1954): 166-170. pdf [All reasonable efforts have been made to contact the copyright holder of this article without success. If you hold the rights, please contact me ]",pdf/bible-student/bible-student_25-4_171.pdf,255044462d312e36
https://www.biblicalstudies.org.uk/articles_bible-student_03.php,25,4,https://www.biblicalstudies.org.uk/pdf/bible-student/bible-student_25-4_175.pdf,206,True,application/pdf,https://www.biblicalstudies.org.uk/pdf/bible-student/bible-student_25-4_175.pdf,"Henry Leopold Ellison [1903-1983], ""The Prophecy of Ezekiel. A Lament (19:1-14),"" The Bible Student , n.s. 25.4 (Oct. 1954): 175-188. pdf [All reasonable efforts have been made to contact the copyright holder of this article without success. If you hold the rights, please contact me ]",pdf/bible-student/bible-student_25-4_175.pdf,255044462d312e36
https://www.biblicalstudies.org.uk/articles_bible-student_03.php,25,4,https://www.biblicalstudies.org.uk/pdf/bible-student/bible-student_25-4_188.pdf,206,True,application/pdf,https://www.biblicalstudies.org.uk/pdf/bible-student/bible-student_25-4_188.pdf,"A. Naismith, "" 'The Heights of the Hills Are His'. III. Mount Zion,"" The Bible Student , n.s. 25.4 (Oct. 1954): 188-193. pdf [All reasonable efforts have been made to contact the copyright holder of this article without success. If you hold the rights, please contact me ]",pdf/bible-student/bible-student_25-4_188.pdf,255044462d312e36
https://www.biblicalstudies.org.uk/articles_bible-student_03.php,25,4,https://www.biblicalstudies.org.uk/pdf/bible-student/bible-student_25-4_193.pdf,206,True,application/pdf,https://www.biblicalstudies.org.uk/pdf/bible-student/bible-student_25-4_193.pdf,"E.W. Rogers, ""The Apokalyptics Letters (Revelation, chs. 2 and 3),"" The Bible Student , n.s. 25.4 (Oct. 1954): 193-197. pdf [All reasonable efforts have been made to contact the copyright holder of this article without success. If you hold the rights, please contact me ]",pdf/bible-student/bible-student_25-4_193.pdf,255044462d312e36
https://www.biblicalstudies.org.uk/articles_bible-student_03.php,25,4,https://www.biblicalstudies.org.uk/pdf/bible-student/bible-student_25-4_197.pdf,206,True,application/pdf,https://www.biblicalstudies.org.uk/pdf/bible-student/bible-student_25-4_197.pdf,"J.E. Shelley, ""A Third Temple in Jerusalem,"" The Bible Student , n.s. 25.4 (Oct. 1954): 197, 204. pdf [All reasonable efforts have been made to contact the copyright holder of this article without success. If you hold the rights, please contact me ]",pdf/bible-student/bible-student_25-4_197.pdf,255044462d312e36
https://www.biblicalstudies.org.uk/articles_bible-student_03.php,25,4,https://www.biblicalstudies.org.uk/pdf/bible-student/bible-student_25-4_198.pdf,206,True,application/pdf,https://www.biblicalstudies.org.uk/pdf/bible-student/bible-student_25-4_198.pdf,"Alfred McDonald Redwood, ""Seven Old Testament Feasts. A Typological Study of Leviticus 23. IV. The Subject Considered Analytically. 5. The Feast of Trumpets (continued),"" The Bible Student , n.s. 25.4 (Oct. 1954): 198-204. pdf [All reasonable efforts have been made to contact the copyright holder of this article without success. If you hold the rights, please contact me ]",pdf/bible-student/bible-student_25-4_198.pdf,255044462d312e36
https://www.biblicalstudies.org.uk/articles_bible-student_03.php,26,1,https://www.biblicalstudies.org.uk/pdf/bible-student/bible-student_26-1_001.pdf,206,True,application/pdf,https://www.biblicalstudies.org.uk/pdf/bible-student/bible-student_26-1_001.pdf,"Charles Frederick Hogg [1859-1943], "" 'A New Creation' (Galatians 6:15),"" The Bible Student , n.s. 26.1 (Jan. 1955): 1-4. pdf [This material is in the Public Domain]",pdf/bible-student/bible-student_26-1_001.pdf,255044462d312e36
https://www.biblicalstudies.org.uk/articles_bible-student_03.php,26,1,https://www.biblicalstudies.org.uk/pdf/bible-student/bible-student_26-1_004.pdf,206,True,application/pdf,https://www.biblicalstudies.org.uk/pdf/bible-student/bible-student_26-1_004.pdf,"Henry Leopold Ellison [1903-1983], ""The Prophecy of Ezekiel. The Bloody City (22:1-16),"" The Bible Student , n.s. 26.1 (Jan. 1955): 4-13. pdf [All reasonable efforts have been made to contact the copyright holder of this article without success. If you hold the rights, please contact me ]",pdf/bible-student/bible-student_26-1_004.pdf,255044462d312e36
https://www.biblicalstudies.org.uk/articles_bible-student_03.php,26,1,https://www.biblicalstudies.org.uk/pdf/bible-student/bible-student_26-1_013.pdf,206,True,application/pdf,https://www.biblicalstudies.org.uk/pdf/bible-student/bible-student_26-1_013.pdf,"Edmund Kidley Simpson [1874-1961], ""Was the Word Merely Divine? (John 1:1),"" The Bible Student , n.s. 26.1 (Jan. 1955): 13-19. pdf [This material is in the Public Domain]",pdf/bible-student/bible-student_26-1_013.pdf,255044462d312e36
https://www.biblicalstudies.org.uk/articles_bible-student_03.php,26,1,https://www.biblicalstudies.org.uk/pdf/bible-student/bible-student_26-1_020.pdf,206,True,application/pdf,https://www.biblicalstudies.org.uk/pdf/bible-student/bible-student_26-1_020.pdf,"F.F. Bruce [1910-1990], ""An Expository Study of St. John's Gospel. II. Jesus Reveals Himself to the World (John 1:19—12:50,"" The Bible Student , n.s. 26.1 (Jan. 1955): 20-26. pdf [© 1954 F.F. Bruce Copyright International, Inc., Bath, England, and Nashville, Tennessee. Reproduced by permission]",pdf/bible-student/bible-student_26-1_020.pdf,255044462d312e36
https://www.biblicalstudies.org.uk/articles_bible-student_03.php,26,1,https://www.biblicalstudies.org.uk/pdf/bible-student/bible-student_26-1_026.pdf,206,True,application/pdf,https://www.biblicalstudies.org.uk/pdf/bible-student/bible-student_26-1_026.pdf,"Alfred McDonald Redwood, ""Seven Old Testament Feasts. A Typological Study of Leviticus 23. IV. The Subject Considered Analytically. 5. The Feast of Trumpets (continued),"" The Bible Student , n.s. 26.1 (Jan. 1955): 26-32. pdf [All reasonable efforts have been made to contact the copyright holder of this article without success. If you hold the rights, please contact me ]",pdf/bible-student/bible-student_26-1_026.pdf,255044462d312e36
https://www.biblicalstudies.org.uk/articles_bible-student_03.php,26,1,https://www.biblicalstudies.org.uk/pdf/bible-student/bible-student_26-1_033.pdf,206,True,application/pdf,https://www.biblicalstudies.org.uk/pdf/bible-student/bible-student_26-1_033.pdf,"Henry Leopold Ellison [1903-1983], ""Biblical Hebrew Words. Man and Woman,"" The Bible Student , n.s. 26.1 (Jan. 1955): 33-36. pdf [All reasonable efforts have been made to contact the copyright holder of this article without success. If you hold the rights, please contact me ]",pdf/bible-student/bible-student_26-1_033.pdf,255044462d312e36
https://www.biblicalstudies.org.uk/articles_bible-student_03.php,26,1,https://www.biblicalstudies.org.uk/pdf/bible-student/bible-student_26-1_037.pdf,206,True,application/pdf,https://www.biblicalstudies.org.uk/pdf/bible-student/bible-student_26-1_037.pdf,"E.W. Rogers, ""The Apokalyptics Letters. Revelation, chs. 2 and 3—concluded,"" The Bible Student , n.s. 26.1 (Jan. 1955): 37-39. pdf [All reasonable efforts have been made to contact the copyright holder of this article without success. If you hold the rights, please contact me ]",pdf/bible-student/bible-student_26-1_037.pdf,255044462d312e36
https://www.biblicalstudies.org.uk/articles_bible-student_03.php,26,1,https://www.biblicalstudies.org.uk/pdf/bible-student/bible-student_26-1_039.pdf,206,True,application/pdf,https://www.biblicalstudies.org.uk/pdf/bible-student/bible-student_26-1_039.pdf,"Harold St. John [1876-1957], ""The Compensating Grace of God. A Study of Psalm 49,"" The Bible Student , n.s. 26.1 (Jan. 1955): 39-43. pdf [This material is in the Public Domain]",pdf/bible-student/bible-student_26-1_039.pdf,255044462d312e36
https://www.biblicalstudies.org.uk/articles_bible-student_03.php,26,1,https://www.biblicalstudies.org.uk/pdf/bible-student/bible-student_26-1_044.pdf,206,True,application/pdf,https://www.biblicalstudies.org.uk/pdf/bible-student/bible-student_26-1_044.pdf,"W. Wilcox, ""New Testament Word Studies. 'Irreproachable' ( anegkletos ),"" The Bible Student , n.s. 26.1 (Jan. 1955): 44-47. pdf [All reasonable efforts have been made to contact the copyright holder of this article without success. If you hold the rights, please contact me ]",pdf/bible-student/bible-student_26-1_044.pdf,255044462d312e36
https://www.biblicalstudies.org.uk/articles_bible-student_03.php,26,1,https://www.biblicalstudies.org.uk/pdf/bible-student/bible-student_26-1_047.pdf,206,True,application/pdf,https://www.biblicalstudies.org.uk/pdf/bible-student/bible-student_26-1_047.pdf,""" 'Mine Own Vineyard Have I Not Kept',"" The Bible Student , n.s. 26.1 (Jan. 1955): 47-49. pdf [All reasonable efforts have been made to contact the copyright holder of this article without success. If you hold the rights, please contact me ]",pdf/bible-student/bible-student_26-1_047.pdf,255044462d312e36
https://www.biblicalstudies.org.uk/articles_bible-student_03.php,26,2,https://www.biblicalstudies.org.uk/pdf/bible-student/bible-student_26-2_051.pdf,206,True,application/pdf,https://www.biblicalstudies.org.uk/pdf/bible-student/bible-student_26-2_051.pdf,"Alfred McDonald Redwood, "" 'The Life That Is Life Indeed',"" The Bible Student , n.s. 26.2 (April 1955): 51-59. pdf [All reasonable efforts have been made to contact the copyright holder of this article without success. If you hold the rights, please contact me ]",pdf/bible-student/bible-student_26-2_051.pdf,255044462d312e36
https://www.biblicalstudies.org.uk/articles_bible-student_03.php,26,2,https://www.biblicalstudies.org.uk/pdf/bible-student/bible-student_26-2_059.pdf,206,True,application/pdf,https://www.biblicalstudies.org.uk/pdf/bible-student/bible-student_26-2_059.pdf,"F.F. Bruce [1910-1990], ""An Expository Study of St. John's Gospel. II. Jesus Reveals Himself to the World (John 1:19—12:50,"" The Bible Student , n.s. 26.2 (April 1955): 59-66. pdf [© 1955 F.F. Bruce Copyright International, Inc., Bath, England, and Nashville, Tennessee. Reproduced by permission]",pdf/bible-student/bible-student_26-2_059.pdf,255044462d312e36
https://www.biblicalstudies.org.uk/articles_bible-student_03.php,26,2,https://www.biblicalstudies.org.uk/pdf/bible-student/bible-student_26-2_067.pdf,206,True,application/pdf,https://www.biblicalstudies.org.uk/pdf/bible-student/bible-student_26-2_067.pdf,"W. Graham Scroggie [1877-1958], ""Delivering the Message,"" The Bible Student , n.s. 26.2 (April 1955): 67-69. pdf [This material is in the Public Domain]",pdf/bible-student/bible-student_26-2_067.pdf,255044462d312e36
https://www.biblicalstudies.org.uk/articles_bible-student_03.php,26,2,https://www.biblicalstudies.org.uk/pdf/bible-student/bible-student_26-2_069.pdf,206,True,application/pdf,https://www.biblicalstudies.org.uk/pdf/bible-student/bible-student_26-2_069.pdf,"Henry Leopold Ellison [1903-1983], ""The Prophecy of Ezekiel. The Midnight Hour (24:1-27),"" The Bible Student , n.s. 26.2 (April 1955): 69-79. pdf [All reasonable efforts have been made to contact the copyright holder of this article without success. If you hold the rights, please contact me ]",pdf/bible-student/bible-student_26-2_069.pdf,255044462d312e36
https://www.biblicalstudies.org.uk/articles_bible-student_03.php,26,2,https://www.biblicalstudies.org.uk/pdf/bible-student/bible-student_26-2_079.pdf,206,True,application/pdf,https://www.biblicalstudies.org.uk/pdf/bible-student/bible-student_26-2_079.pdf,"James Willoughby, ""The New Testament Canon,"" The Bible Student , n.s. 26.2 (April 1955): 79-86. pdf [All reasonable efforts have been made to contact the copyright holder of this article without success. If you hold the rights, please contact me ]",pdf/bible-student/bible-student_26-2_079.pdf,255044462d312e36
https://www.biblicalstudies.org.uk/articles_bible-student_03.php,26,2,https://www.biblicalstudies.org.uk/pdf/bible-student/bible-student_26-2_086.pdf,206,True,application/pdf,https://www.biblicalstudies.org.uk/pdf/bible-student/bible-student_26-2_086.pdf,"Henry Leopold Ellison [1903-1983], ""Biblical Hebrew Words. Man in Society,"" The Bible Student , n.s. 26.2 (April 1955): 86-91. pdf [All reasonable efforts have been made to contact the copyright holder of this article without success. If you hold the rights, please contact me ]",pdf/bible-student/bible-student_26-2_086.pdf,255044462d312e36
https://www.biblicalstudies.org.uk/articles_bible-student_03.php,26,2,https://www.biblicalstudies.org.uk/pdf/bible-student/bible-student_26-2_091.pdf,206,True,application/pdf,https://www.biblicalstudies.org.uk/pdf/bible-student/bible-student_26-2_091.pdf,"Alfred McDonald Redwood, ""Seven Old Testament Feasts. A Typological Study of Leviticus 23. IV. The Subject Considered Analytically. 5. The Feast of Trumpets (continued),"" The Bible Student , n.s. 26.2 (April 1955): 91-96. pdf [All reasonable efforts have been made to contact the copyright holder of this article without success. If you hold the rights, please contact me ]",pdf/bible-student/bible-student_26-2_091.pdf,255044462d312e36
https://www.biblicalstudies.org.uk/articles_bible-student_03.php,26,2,https://www.biblicalstudies.org.uk/pdf/bible-student/bible-student_26-2_097.pdf,206,True,application/pdf,https://www.biblicalstudies.org.uk/pdf/bible-student/bible-student_26-2_097.pdf,"S.E. Dutton, ""Christ's Parting Words,"" The Bible Student , n.s. 26.2 (April 1955): 97-99. pdf [All reasonable efforts have been made to contact the copyright holder of this article without success. If you hold the rights, please contact me ]",pdf/bible-student/bible-student_26-2_097.pdf,255044462d312e36
https://www.biblicalstudies.org.uk/articles_bible-student_03.php,26,3,https://www.biblicalstudies.org.uk/pdf/bible-student/bible-student_26-3_103.pdf,206,True,application/pdf,https://www.biblicalstudies.org.uk/pdf/bible-student/bible-student_26-3_103.pdf,"Henry Leopold Ellison [1903-1983], ""The Prophecy of Ezekiel. The Doom of Tyre (ch. 26),"" The Bible Student , n.s. 26.3 (July 1955): 103-110. pdf [All reasonable efforts have been made to contact the copyright holder of this article without success. If you hold the rights, please contact me ]",pdf/bible-student/bible-student_26-3_103.pdf,255044462d312e36
https://www.biblicalstudies.org.uk/articles_bible-student_03.php,26,3,https://www.biblicalstudies.org.uk/pdf/bible-student/bible-student_26-3_110.pdf,206,True,application/pdf,https://www.biblicalstudies.org.uk/pdf/bible-student/bible-student_26-3_110.pdf,"Alfred McDonald Redwood, "" 'Till I Come',"" The Bible Student , n.s. 26.3 (July 1955): 110-116. pdf [All reasonable efforts have been made to contact the copyright holder of this article without success. If you hold the rights, please contact me ]",pdf/bible-student/bible-student_26-3_110.pdf,255044462d312e36
https://www.biblicalstudies.org.uk/articles_bible-student_03.php,26,3,https://www.biblicalstudies.org.uk/pdf/bible-student/bible-student_26-3_117.pdf,206,True,application/pdf,https://www.biblicalstudies.org.uk/pdf/bible-student/bible-student_26-3_117.pdf,"William Hoste [1860-1938], ""Who are the Overcomers? (Revelation 2 and 3),"" The Bible Student , n.s. 26.3 (July 1955): 117-122. pdf [This material is in the Public Domain]",pdf/bible-student/bible-student_26-3_117.pdf,255044462d312e36
https://www.biblicalstudies.org.uk/articles_bible-student_03.php,26,3,https://www.biblicalstudies.org.uk/pdf/bible-student/bible-student_26-3_122.pdf,206,True,application/pdf,https://www.biblicalstudies.org.uk/pdf/bible-student/bible-student_26-3_122.pdf,"F.F. Bruce [1910-1990], ""An Expository Study of St. John's Gospel. II. Jesus Reveals Himself to the World (John 1:19—12:50,"" The Bible Student , n.s. 26.3 (July 1955): 122-129. pdf [© 1955 F.F. Bruce Copyright International, Inc., Bath, England, and Nashville, Tennessee. Reproduced by permission]",pdf/bible-student/bible-student_26-3_122.pdf,255044462d312e36
https://www.biblicalstudies.org.uk/articles_bible-student_03.php,26,3,https://www.biblicalstudies.org.uk/pdf/bible-student/bible-student_26-3_129.pdf,206,True,application/pdf,https://www.biblicalstudies.org.uk/pdf/bible-student/bible-student_26-3_129.pdf,"Henry Leopold Ellison [1903-1983], ""Biblical Hebrew Words. Man in Society (continued),"" The Bible Student , n.s. 26.3 (July 1955): 129-132. pdf [All reasonable efforts have been made to contact the copyright holder of this article without success. If you hold the rights, please contact me ]",pdf/bible-student/bible-student_26-3_129.pdf,255044462d312e36
https://www.biblicalstudies.org.uk/articles_bible-student_03.php,26,3,https://www.biblicalstudies.org.uk/pdf/bible-student/bible-student_26-3_132.pdf,206,True,application/pdf,https://www.biblicalstudies.org.uk/pdf/bible-student/bible-student_26-3_132.pdf,"T. Norton Sterrett, "" 'The Mystery of God, Even Christ,"" The Bible Student , n.s. 26.3 (July 1955): 132-139. pdf [All reasonable efforts have been made to contact the copyright holder of this article without success. If you hold the rights, please contact me ]",pdf/bible-student/bible-student_26-3_132.pdf,255044462d312e36
https://www.biblicalstudies.org.uk/articles_bible-student_03.php,26,3,https://www.biblicalstudies.org.uk/pdf/bible-student/bible-student_26-3_140.pdf,206,True,application/pdf,https://www.biblicalstudies.org.uk/pdf/bible-student/bible-student_26-3_140.pdf,"W. Wilcox, ""New Testament Word Studies,"" The Bible Student , n.s. 26.3 (July 1955): 140-142. pdf [All reasonable efforts have been made to contact the copyright holder of this article without success. If you hold the rights, please contact me ]",pdf/bible-student/bible-student_26-3_140.pdf,255044462d312e36
https://www.biblicalstudies.org.uk/articles_bible-student_03.php,26,3,https://www.biblicalstudies.org.uk/pdf/bible-student/bible-student_26-3_143.pdf,206,True,application/pdf,https://www.biblicalstudies.org.uk/pdf/bible-student/bible-student_26-3_143.pdf,"Alfred McDonald Redwood, ""Seven Old Testament Feasts. A Typological Study of Leviticus 23. 7. The Feast of Trumpets (continued),"" The Bible Student , n.s. 26.3 (July 1955): 143-151. pdf [All reasonable efforts have been made to contact the copyright holder of this article without success. If you hold the rights, please contact me ]",pdf/bible-student/bible-student_26-3_143.pdf,255044462d312e36
https://www.biblicalstudies.org.uk/articles_bible-student_03.php,26,4,https://www.biblicalstudies.org.uk/pdf/bible-student/bible-student_26-4_155.pdf,206,True,application/pdf,https://www.biblicalstudies.org.uk/pdf/bible-student/bible-student_26-4_155.pdf,"F.F. Bruce [1910-1990], ""An Expository Study of St. John's Gospel. II. Jesus Reveals Himself to the World (John 1:19—12:50,"" The Bible Student , n.s. 26.4 (Oct. 1955): 155-160. pdf [© 1955 F.F. Bruce Copyright International, Inc., Bath, England, and Nashville, Tennessee. Reproduced by permission]",pdf/bible-student/bible-student_26-4_155.pdf,255044462d312e36
https://www.biblicalstudies.org.uk/articles_bible-student_03.php,26,4,https://www.biblicalstudies.org.uk/pdf/bible-student/bible-student_26-4_161.pdf,206,True,application/pdf,https://www.biblicalstudies.org.uk/pdf/bible-student/bible-student_26-4_161.pdf,"Frederick Albert Tatford [1901-1986], ""Our Lord's Nescience,"" The Bible Student , n.s. 26.4 (Oct. 1955): 161-164. pdf [All reasonable efforts have been made to contact the copyright holder of this article without success. If you hold the rights, please contact me ]",pdf/bible-student/bible-student_26-4_161.pdf,255044462d312e36
https://www.biblicalstudies.org.uk/articles_bible-student_03.php,26,4,https://www.biblicalstudies.org.uk/pdf/bible-student/bible-student_26-4_165.pdf,206,True,application/pdf,https://www.biblicalstudies.org.uk/pdf/bible-student/bible-student_26-4_165.pdf,"Frank William Boreham [1871-1959], ""'The Greatness of Scripture,"" The Bible Student , n.s. 26.4 (Oct. 1955): 165-169. pdf [This material is in the Public Domain]",pdf/bible-student/bible-student_26-4_165.pdf,255044462d312e36
https://www.biblicalstudies.org.uk/articles_bible-student_03.php,26,4,https://www.biblicalstudies.org.uk/pdf/bible-student/bible-student_26-4_170.pdf,206,True,application/pdf,https://www.biblicalstudies.org.uk/pdf/bible-student/bible-student_26-4_170.pdf,"Henry Leopold Ellison [1903-1983], ""The Prophecy of Ezekiel. The Doom of Sidon (28:20-23),"" The Bible Student , n.s. 26.4 (Oct. 1955): 170-176. pdf [All reasonable efforts have been made to contact the copyright holder of this article without success. If you hold the rights, please contact me ]",pdf/bible-student/bible-student_26-4_170.pdf,255044462d312e36
https://www.biblicalstudies.org.uk/articles_bible-student_03.php,26,4,https://www.biblicalstudies.org.uk/pdf/bible-student/bible-student_26-4_176.pdf,206,True,application/pdf,https://www.biblicalstudies.org.uk/pdf/bible-student/bible-student_26-4_176.pdf,"William Hoste [1860-1938], ""Who Are the Overcomers? (Revelation 2 and 3),"" The Bible Student , n.s. 26.4 (Oct. 1955): 176-182. pdf [This material is in the Public Domain]",pdf/bible-student/bible-student_26-4_176.pdf,255044462d312e36
https://www.biblicalstudies.org.uk/articles_bible-student_03.php,26,4,https://www.biblicalstudies.org.uk/pdf/bible-student/bible-student_26-4_182.pdf,206,True,application/pdf,https://www.biblicalstudies.org.uk/pdf/bible-student/bible-student_26-4_182.pdf,"Henry Leopold Ellison [1903-1983], ""Biblical Hebrew Words. Man in Society (cont.),"" The Bible Student , n.s. 26.4 (Oct. 1955): 182-187. pdf [All reasonable efforts have been made to contact the copyright holder of this article without success. If you hold the rights, please contact me ]",pdf/bible-student/bible-student_26-4_182.pdf,255044462d312e36
https://www.biblicalstudies.org.uk/articles_bible-student_03.php,26,4,https://www.biblicalstudies.org.uk/pdf/bible-student/bible-student_26-4_187.pdf,206,True,application/pdf,https://www.biblicalstudies.org.uk/pdf/bible-student/bible-student_26-4_187.pdf,"T. Norton Sterrett, ""'The Mystery of God, Even Christ (concluded),"" The Bible Student , n.s. 26.4 (Oct. 1955): 187-194. pdf [All reasonable efforts have been made to contact the copyright holder of this article without success. If you hold the rights, please contact me ]",pdf/bible-student/bible-student_26-4_187.pdf,255044462d312e36
https://www.biblicalstudies.org.uk/articles_bible-student_03.php,26,4,https://www.biblicalstudies.org.uk/pdf/bible-student/bible-student_26-4_194.pdf,206,True,application/pdf,https://www.biblicalstudies.org.uk/pdf/bible-student/bible-student_26-4_194.pdf,"W. Wilcox, ""New Testament Word Studies: Katartizo='to perfect',"" The Bible Student , n.s. 26.4 (Oct. 1955): 194-198. pdf [All reasonable efforts have been made to contact the copyright holder of this article without success. If you hold the rights, please contact me ]",pdf/bible-student/bible-student_26-4_194.pdf,255044462d312e36
https://www.biblicalstudies.org.uk/articles_bible-student_03.php,26,4,https://www.biblicalstudies.org.uk/pdf/bible-student/bible-student_26-4_199.pdf,206,True,application/pdf,https://www.biblicalstudies.org.uk/pdf/bible-student/bible-student_26-4_199.pdf,"""Psalm XVI. A Meditation,"" The Bible Student , n.s. 26.4 (Oct. 1955): 199-204. pdf [This material is in the Public Domain]",pdf/bible-student/bible-student_26-4_199.pdf,255044462d312e36
https://www.biblicalstudies.org.uk/articles_bible-student_03.php,27,1,https://www.biblicalstudies.org.uk/pdf/bible-student/bible-student_27-1_001.pdf,206,True,application/pdf,https://www.biblicalstudies.org.uk/pdf/bible-student/bible-student_27-1_001.pdf,"Alfred McDonald Redwood, ""The Realism of the Yoke in Scripture,"" The Bible Student , n.s. 27.1 (Jan. 1956): 1-7. pdf [All reasonable efforts have been made to contact the copyright holder of this article without success. If you hold the rights, please contact me ]",pdf/bible-student/bible-student_27-1_001.pdf,255044462d312e36
https://www.biblicalstudies.org.uk/articles_bible-student_03.php,27,1,https://www.biblicalstudies.org.uk/pdf/bible-student/bible-student_27-1_008.pdf,206,True,application/pdf,https://www.biblicalstudies.org.uk/pdf/bible-student/bible-student_27-1_008.pdf,"Henry Leopold Ellison [1903-1983], ""The Prophecy of Ezekiel. The prophet's Re-commissioning (33:1-20),"" The Bible Student , n.s. 27.1 (Jan. 1956): 8-14. pdf [All reasonable efforts have been made to contact the copyright holder of this article without success. If you hold the rights, please contact me ]",pdf/bible-student/bible-student_27-1_008.pdf,255044462d312e36
https://www.biblicalstudies.org.uk/articles_bible-student_03.php,27,1,https://www.biblicalstudies.org.uk/pdf/bible-student/bible-student_27-1_014.pdf,206,True,application/pdf,https://www.biblicalstudies.org.uk/pdf/bible-student/bible-student_27-1_014.pdf,"Charles Frederick Hogg [1859-1943], The Prologue of the Fourth Gospel (A Study of John 1:1-18),"" The Bible Student , n.s. 27.1 (Jan. 1956): 14-24. pdf [All reasonable efforts have been made to contact the copyright holder of this article without success. If you hold the rights, please contact me ]",pdf/bible-student/bible-student_27-1_014.pdf,255044462d312e36
https://www.biblicalstudies.org.uk/articles_bible-student_03.php,27,1,https://www.biblicalstudies.org.uk/pdf/bible-student/bible-student_27-1_025.pdf,206,True,application/pdf,https://www.biblicalstudies.org.uk/pdf/bible-student/bible-student_27-1_025.pdf,"H.C. Hewlett, ""The Pentateuch of Suffering,"" The Bible Student , n.s. 27.1 (Jan. 1956): 25-31. pdf [All reasonable efforts have been made to contact the copyright holder of this article without success. If you hold the rights, please contact me ]",pdf/bible-student/bible-student_27-1_025.pdf,255044462d312e36
https://www.biblicalstudies.org.uk/articles_bible-student_03.php,27,1,https://www.biblicalstudies.org.uk/pdf/bible-student/bible-student_27-1_032.pdf,206,True,application/pdf,https://www.biblicalstudies.org.uk/pdf/bible-student/bible-student_27-1_032.pdf,"F.F. Bruce [1910-1990], ""An Expository Study of St. John's Gospel. II. Jesus Reveals Himself to the World (John 1:19—12:50,"" The Bible Student , n.s. 27.1 (Jan. 1956): 32-36. pdf [© 1956 F.F. Bruce Copyright International, Inc., Bath, England, and Nashville, Tennessee. Reproduced by permission]",pdf/bible-student/bible-student_27-1_032.pdf,255044462d312e36
https://www.biblicalstudies.org.uk/articles_bible-student_03.php,27,1,https://www.biblicalstudies.org.uk/pdf/bible-student/bible-student_27-1_036.pdf,206,True,application/pdf,https://www.biblicalstudies.org.uk/pdf/bible-student/bible-student_27-1_036.pdf,"W. Wilcox, ""New Testament Word Studies,"" The Bible Student , n.s. 27.1 (Jan. 1956): 36-39. pdf [All reasonable efforts have been made to contact the copyright holder of this article without success. If you hold the rights, please contact me ]",pdf/bible-student/bible-student_27-1_036.pdf,255044462d312e36
https://www.biblicalstudies.org.uk/articles_bible-student_03.php,27,1,https://www.biblicalstudies.org.uk/pdf/bible-student/bible-student_27-1_040.pdf,206,True,application/pdf,https://www.biblicalstudies.org.uk/pdf/bible-student/bible-student_27-1_040.pdf,"D.M. Panton, ""The Way to Find the Truth,"" The Bible Student , n.s. 27.1 (Jan. 1956): 40-43. pdf [All reasonable efforts have been made to contact the copyright holder of this article without success. If you hold the rights, please contact me ]",pdf/bible-student/bible-student_27-1_040.pdf,255044462d312e36
https://www.biblicalstudies.org.uk/articles_bible-student_03.php,27,1,https://www.biblicalstudies.org.uk/pdf/bible-student/bible-student_27-1_044.pdf,206,True,application/pdf,https://www.biblicalstudies.org.uk/pdf/bible-student/bible-student_27-1_044.pdf,"Henry Leopold Ellison [1903-1983], ""Biblical Hebrew Words. Man in Society (cont.) Slaves,"" The Bible Student , n.s. 27.1 (Jan. 1956): 44-46. pdf [All reasonable efforts have been made to contact the copyright holder of this article without success. If you hold the rights, please contact me ]",pdf/bible-student/bible-student_27-1_044.pdf,255044462d312e36
https://www.biblicalstudies.org.uk/articles_bible-student_03.php,27,1,https://www.biblicalstudies.org.uk/pdf/bible-student/bible-student_27-1_047.pdf,206,True,application/pdf,https://www.biblicalstudies.org.uk/pdf/bible-student/bible-student_27-1_047.pdf,"J.C. Ryle [1816-1900], ""Simplicity in Preaching,"" The Bible Student , n.s. 27.1 (Jan. 1956): 47-48. pdf [This material is in the Public Domain]",pdf/bible-student/bible-student_27-1_047.pdf,255044462d312e36
https://www.biblicalstudies.org.uk/articles_bible-student_03.php,27,2,https://www.biblicalstudies.org.uk/pdf/bible-student/bible-student_27-2_051.pdf,206,True,application/pdf,https://www.biblicalstudies.org.uk/pdf/bible-student/bible-student_27-2_051.pdf,"F.F. Bruce [1910-1990], ""An Expository Study of St. John's Gospel. II. Jesus Reveals Himself to the World (John 1:19—12:50,"" The Bible Student , n.s. 27.2 (April 1956): 51-60. pdf [© 1956 F.F. Bruce Copyright International, Inc., Bath, England, and Nashville, Tennessee. Reproduced by permission]",pdf/bible-student/bible-student_27-2_051.pdf,255044462d312e36
https://www.biblicalstudies.org.uk/articles_bible-student_03.php,27,2,https://www.biblicalstudies.org.uk/pdf/bible-student/bible-student_27-2_060.pdf,206,True,application/pdf,https://www.biblicalstudies.org.uk/pdf/bible-student/bible-student_27-2_060.pdf,"W.M. Clow, ""Nebuchanezzar: Giant of Babylon,"" The Bible Student , n.s. 27.2 (April 1956): 60-65. pdf [All reasonable efforts have been made to contact the copyright holder of this article without success. If you hold the rights, please contact me ]",pdf/bible-student/bible-student_27-2_060.pdf,255044462d312e36
https://www.biblicalstudies.org.uk/articles_bible-student_03.php,27,2,https://www.biblicalstudies.org.uk/pdf/bible-student/bible-student_27-2_066.pdf,206,True,application/pdf,https://www.biblicalstudies.org.uk/pdf/bible-student/bible-student_27-2_066.pdf,"Henry Leopold Ellison [1903-1983], ""The Prophecy of Ezekiel. The Doom of those that hate Israel (ch. 35),"" The Bible Student , n.s. 27.2 (April 1956): 66-72. pdf [All reasonable efforts have been made to contact the copyright holder of this article without success. If you hold the rights, please contact me ]",pdf/bible-student/bible-student_27-2_066.pdf,255044462d312e36
https://www.biblicalstudies.org.uk/articles_bible-student_03.php,27,2,https://www.biblicalstudies.org.uk/pdf/bible-student/bible-student_27-2_073.pdf,206,True,application/pdf,https://www.biblicalstudies.org.uk/pdf/bible-student/bible-student_27-2_073.pdf,"H.C. Hewlett, ""The Pentateuch of Suffering. 2. 'The Arm of Jehovah' (Isaiah 53-1-3),"" The Bible Student , n.s. 27.2 (April 1956): 73-80. pdf [All reasonable efforts have been made to contact the copyright holder of this article without success. If you hold the rights, please contact me ]",pdf/bible-student/bible-student_27-2_073.pdf,255044462d312e36
https://www.biblicalstudies.org.uk/articles_bible-student_03.php,27,2,https://www.biblicalstudies.org.uk/pdf/bible-student/bible-student_27-2_080.pdf,206,True,application/pdf,https://www.biblicalstudies.org.uk/pdf/bible-student/bible-student_27-2_080.pdf,"W. Wilcox, ""New Testament Word Studies,"" The Bible Student , n.s. 27.2 (April 1956): 80-83. pdf [All reasonable efforts have been made to contact the copyright holder of this article without success. If you hold the rights, please contact me ]",pdf/bible-student/bible-student_27-2_080.pdf,255044462d312e36
https://www.biblicalstudies.org.uk/articles_bible-student_03.php,27,2,https://www.biblicalstudies.org.uk/pdf/bible-student/bible-student_27-2_084.pdf,206,True,application/pdf,https://www.biblicalstudies.org.uk/pdf/bible-student/bible-student_27-2_084.pdf,"Henry Leopold Ellison [1903-1983], ""Biblical Hebrew Words. Man in Society (cont.) The Man of Property,"" The Bible Student , n.s. 27.2 (April 1956): 84-86. pdf [All reasonable efforts have been made to contact the copyright holder of this article without success. If you hold the rights, please contact me ]",pdf/bible-student/bible-student_27-2_084.pdf,255044462d312e36
https://www.biblicalstudies.org.uk/articles_bible-student_03.php,27,2,https://www.biblicalstudies.org.uk/pdf/bible-student/bible-student_27-2_086.pdf,206,True,application/pdf,https://www.biblicalstudies.org.uk/pdf/bible-student/bible-student_27-2_086.pdf,"""'There are Many Adversaries',"" The Bible Student , n.s. 27.2 (April 1956): 86-91. pdf [This material is in the Public Domain]",pdf/bible-student/bible-student_27-2_086.pdf,255044462d312e36
https://www.biblicalstudies.org.uk/articles_bible-student_03.php,27,2,https://www.biblicalstudies.org.uk/pdf/bible-student/bible-student_27-2_091.pdf,206,True,application/pdf,https://www.biblicalstudies.org.uk/pdf/bible-student/bible-student_27-2_091.pdf,"James Orr [1844-1913], ""The Atonement,"" The Bible Student , n.s. 27.2 (April 1956): 91-97. pdf [All reasonable efforts have been made to contact the copyright holder of this article without success. If you hold the rights, please contact me ]",pdf/bible-student/bible-student_27-2_091.pdf,255044462d312e36
https://www.biblicalstudies.org.uk/articles_bible-student_03.php,27,3,https://www.biblicalstudies.org.uk/pdf/bible-student/bible-student_27-3_099.pdf,206,True,application/pdf,https://www.biblicalstudies.org.uk/pdf/bible-student/bible-student_27-3_099.pdf,"Alfred McDonald Redwood, ""'The God of Peace',"" The Bible Student , n.s. 27.3 (July 1956): 99-104. pdf [All reasonable efforts have been made to contact the copyright holder of this article without success. If you hold the rights, please contact me ]",pdf/bible-student/bible-student_27-3_099.pdf,255044462d312e36
https://www.biblicalstudies.org.uk/articles_bible-student_03.php,27,3,https://www.biblicalstudies.org.uk/pdf/bible-student/bible-student_27-3_104.pdf,206,True,application/pdf,https://www.biblicalstudies.org.uk/pdf/bible-student/bible-student_27-3_104.pdf,"F.F. Bruce [1910-1990], ""An Expository Study of St. John's Gospel. II. Jesus Reveals Himself to the World (John 1:19—12:50,"" The Bible Student , n.s. 27.3 (July 1956): 104-110. pdf [© 1956 F.F. Bruce Copyright International, Inc., Bath, England, and Nashville, Tennessee. Reproduced by permission]",pdf/bible-student/bible-student_27-3_104.pdf,255044462d312e36
https://www.biblicalstudies.org.uk/articles_bible-student_03.php,27,3,https://www.biblicalstudies.org.uk/pdf/bible-student/bible-student_27-3_111.pdf,206,True,application/pdf,https://www.biblicalstudies.org.uk/pdf/bible-student/bible-student_27-3_111.pdf,"H.C. Hewlett, ""The Pentateuch of Suffering. 3. The Sin Bearer (Isaiah 53:4-6),"" The Bible Student , n.s. 27.3 (July 1956): 111-118. pdf [All reasonable efforts have been made to contact the copyright holder of this article without success. If you hold the rights, please contact me ]",pdf/bible-student/bible-student_27-3_111.pdf,255044462d312e36
https://www.biblicalstudies.org.uk/articles_bible-student_03.php,27,3,https://www.biblicalstudies.org.uk/pdf/bible-student/bible-student_27-3_118.pdf,206,True,application/pdf,https://www.biblicalstudies.org.uk/pdf/bible-student/bible-student_27-3_118.pdf,"A. Naismith, ""The Imprecatory Psalms,"" The Bible Student , n.s. 27.3 (July 1956): 118-124. pdf [All reasonable efforts have been made to contact the copyright holder of this article without success. If you hold the rights, please contact me ]",pdf/bible-student/bible-student_27-3_118.pdf,255044462d312e36
https://www.biblicalstudies.org.uk/articles_bible-student_03.php,27,3,https://www.biblicalstudies.org.uk/pdf/bible-student/bible-student_27-3_124.pdf,206,True,application/pdf,https://www.biblicalstudies.org.uk/pdf/bible-student/bible-student_27-3_124.pdf,"Henry Leopold Ellison [1903-1983], ""The Prophecy of Ezekiel. The National Resurrection of Israel (37:1-14),"" The Bible Student , n.s. 27.3 (July 1956): 124-133. pdf [All reasonable efforts have been made to contact the copyright holder of this article without success. If you hold the rights, please contact me ]",pdf/bible-student/bible-student_27-3_124.pdf,255044462d312e36
https://www.biblicalstudies.org.uk/articles_bible-student_03.php,27,3,https://www.biblicalstudies.org.uk/pdf/bible-student/bible-student_27-3_133.pdf,206,True,application/pdf,https://www.biblicalstudies.org.uk/pdf/bible-student/bible-student_27-3_133.pdf,"W. Wilcox, ""Alive Unto God. Epistle to the Romans 6:11."" The Bible Student , n.s. 27.3 (July 1956): 133-138. pdf [All reasonable efforts have been made to contact the copyright holder of this article without success. If you hold the rights, please contact me ]",pdf/bible-student/bible-student_27-3_133.pdf,255044462d312e36
https://www.biblicalstudies.org.uk/articles_bible-student_03.php,27,3,https://www.biblicalstudies.org.uk/pdf/bible-student/bible-student_27-3_138.pdf,206,True,application/pdf,https://www.biblicalstudies.org.uk/pdf/bible-student/bible-student_27-3_138.pdf,"Henry Leopold Ellison [1903-1983], ""Biblical Hebrew Words. The Organisation of Society,"" The Bible Student , n.s. 27.3 (July 1956): 138-141. pdf [All reasonable efforts have been made to contact the copyright holder of this article without success. If you hold the rights, please contact me ]",pdf/bible-student/bible-student_27-3_138.pdf,255044462d312e36
https://www.biblicalstudies.org.uk/articles_bible-student_03.php,27,3,https://www.biblicalstudies.org.uk/pdf/bible-student/bible-student_27-3_142.pdf,206,True,application/pdf,https://www.biblicalstudies.org.uk/pdf/bible-student/bible-student_27-3_142.pdf,"James Orr [1844-1913], ""The Atonement,"" The Bible Student , n.s. 27.3 (July 1956): 142-146. pdf [This material is in the Public Domain]",pdf/bible-student/bible-student_27-3_142.pdf,255044462d312e36
https://www.biblicalstudies.org.uk/articles_bible-student_03.php,27,4,https://www.biblicalstudies.org.uk/pdf/bible-student/bible-student_27-4_147.pdf,206,True,application/pdf,https://www.biblicalstudies.org.uk/pdf/bible-student/bible-student_27-4_147.pdf,"Alfred McDonald Redwood, ""The Will of God,"" The Bible Student , n.s. 24.4 (Oct. 1956): 147-152. pdf [All reasonable efforts have been made to contact the copyright holder of this article without success. If you hold the rights, please contact me ]",pdf/bible-student/bible-student_27-4_147.pdf,255044462d312e36
https://www.biblicalstudies.org.uk/articles_bible-student_03.php,27,4,https://www.biblicalstudies.org.uk/pdf/bible-student/bible-student_27-4_152.pdf,206,True,application/pdf,https://www.biblicalstudies.org.uk/pdf/bible-student/bible-student_27-4_152.pdf,"F.F. Bruce [1910-1990], ""An Expository Study of St. John's Gospel. II. Jesus Reveals Himself to the World (John 1:19—12:50,"" The Bible Student , n.s. 24.4 (Oct. 1956): 152-159. pdf [© 1956 F.F. Bruce Copyright International, Inc., Bath, England, and Nashville, Tennessee. Reproduced by permission]",pdf/bible-student/bible-student_27-4_152.pdf,255044462d312e36
https://www.biblicalstudies.org.uk/articles_bible-student_03.php,27,4,https://www.biblicalstudies.org.uk/pdf/bible-student/bible-student_27-4_159.pdf,206,True,application/pdf,https://www.biblicalstudies.org.uk/pdf/bible-student/bible-student_27-4_159.pdf,"H.C. Hewlett, ""The Pentateuch of Suffering. 4. The Meekness of the Lamb (Isaiah 53:7-9)."" The Bible Student , n.s. 24.4 (Oct. 1956): 159-165. pdf [All reasonable efforts have been made to contact the copyright holder of this article without success. If you hold the rights, please contact me ]",pdf/bible-student/bible-student_27-4_159.pdf,255044462d312e36
https://www.biblicalstudies.org.uk/articles_bible-student_03.php,27,4,https://www.biblicalstudies.org.uk/pdf/bible-student/bible-student_27-4_166.pdf,206,True,application/pdf,https://www.biblicalstudies.org.uk/pdf/bible-student/bible-student_27-4_166.pdf,"Henry Leopold Ellison [1903-1983], ""The Prophecy of Ezekiel. Problems of Interpretation (ch. 40-48),"" The Bible Student , n.s. 24.4 (Oct. 1956): 166-173. pdf [All reasonable efforts have been made to contact the copyright holder of this article without success. If you hold the rights, please contact me ]",pdf/bible-student/bible-student_27-4_166.pdf,255044462d312e36
https://www.biblicalstudies.org.uk/articles_bible-student_03.php,27,4,https://www.biblicalstudies.org.uk/pdf/bible-student/bible-student_27-4_174.pdf,206,True,application/pdf,https://www.biblicalstudies.org.uk/pdf/bible-student/bible-student_27-4_174.pdf,"R. North, ""God's Perect Servant (Mark 1:1-3),"" The Bible Student , n.s. 24.4 (Oct. 1956): 174-179. pdf [All reasonable efforts have been made to contact the copyright holder of this article without success. If you hold the rights, please contact me ]",pdf/bible-student/bible-student_27-4_174.pdf,255044462d312e36
https://www.biblicalstudies.org.uk/articles_bible-student_03.php,27,4,https://www.biblicalstudies.org.uk/pdf/bible-student/bible-student_27-4_180.pdf,206,True,application/pdf,https://www.biblicalstudies.org.uk/pdf/bible-student/bible-student_27-4_180.pdf,"Henry Leopold Ellison [1903-1983], ""Biblical Hebrew Words. The Organisation of Society (continued) Justice,"" The Bible Student , n.s. 24.4 (Oct. 1956): 180-185. pdf [All reasonable efforts have been made to contact the copyright holder of this article without success. If you hold the rights, please contact me ]",pdf/bible-student/bible-student_27-4_180.pdf,255044462d312e36
https://www.biblicalstudies.org.uk/articles_bible-student_03.php,27,4,https://www.biblicalstudies.org.uk/pdf/bible-student/bible-student_27-4_185.pdf,206,True,application/pdf,https://www.biblicalstudies.org.uk/pdf/bible-student/bible-student_27-4_185.pdf,"J.H. Todd, ""'Thine is the Kingdom, The Power and the Glory',"" The Bible Student , n.s. 24.4 (Oct. 1956): 185-190. pdf [All reasonable efforts have been made to contact the copyright holder of this article without success. If you hold the rights, please contact me ]",pdf/bible-student/bible-student_27-4_185.pdf,255044462d312e36
https://www.biblicalstudies.org.uk/articles_bible-student_03.php,27,4,https://www.biblicalstudies.org.uk/pdf/bible-student/bible-student_27-4_190.pdf,206,True,application/pdf,https://www.biblicalstudies.org.uk/pdf/bible-student/bible-student_27-4_190.pdf,"W.D. Moorehead, ""The Book of Job,"" The Bible Student , n.s. 24.4 (Oct. 1956): 190-195. pdf [All reasonable efforts have been made to contact the copyright holder of this article without success. If you hold the rights, please contact me ]",pdf/bible-student/bible-student_27-4_190.pdf,255044462d312e36
https://www.biblicalstudies.org.uk/articles_bible-student_03.php,28,1,https://www.biblicalstudies.org.uk/pdf/bible-student/bible-student_28-1_001.pdf,206,True,application/pdf,https://www.biblicalstudies.org.uk/pdf/bible-student/bible-student_28-1_001.pdf,"Alfred McDonald Redwood, ""The Will of God,"" The Bible Student , n.s. 28.1 (Jan. 1957): 1-7. pdf [All reasonable efforts have been made to contact the copyright holder of this article without success. If you hold the rights, please contact me ]",pdf/bible-student/bible-student_28-1_001.pdf,255044462d312e36
https://www.biblicalstudies.org.uk/articles_bible-student_03.php,28,1,https://www.biblicalstudies.org.uk/pdf/bible-student/bible-student_28-1_008.pdf,206,True,application/pdf,https://www.biblicalstudies.org.uk/pdf/bible-student/bible-student_28-1_008.pdf,"F.F. Bruce [1910-1990], ""An Expository Study of St. John's Gospel. II. Jesus Reveals Himself to the World (John 1:19—12:50,"" The Bible Student , n.s. 28.1 (Jan. 1957): 8-13. pdf [© 1957 F.F. Bruce Copyright International, Inc., Bath, England, and Nashville, Tennessee. Reproduced by permission]",pdf/bible-student/bible-student_28-1_008.pdf,255044462d312e36
https://www.biblicalstudies.org.uk/articles_bible-student_03.php,28,1,https://www.biblicalstudies.org.uk/pdf/bible-student/bible-student_28-1_014.pdf,206,True,application/pdf,https://www.biblicalstudies.org.uk/pdf/bible-student/bible-student_28-1_014.pdf,"R. North, ""The Perfect Son,"" The Bible Student , n.s. 28.1 (Jan. 1957): 14-17. pdf [All reasonable efforts have been made to contact the copyright holder of this article without success. If you hold the rights, please contact me ]",pdf/bible-student/bible-student_28-1_014.pdf,255044462d312e36
https://www.biblicalstudies.org.uk/articles_bible-student_03.php,28,1,https://www.biblicalstudies.org.uk/pdf/bible-student/bible-student_28-1_018.pdf,206,True,application/pdf,https://www.biblicalstudies.org.uk/pdf/bible-student/bible-student_28-1_018.pdf,"Henry Leopold Ellison [1903-1983], ""Biblical Hebrew Words. Man in Society (continued),"" The Bible Student , n.s. 28.1 (Jan. 1957): 18-23. pdf [All reasonable efforts have been made to contact the copyright holder of this article without success. If you hold the rights, please contact me ]",pdf/bible-student/bible-student_28-1_018.pdf,255044462d312e36
https://www.biblicalstudies.org.uk/articles_bible-student_03.php,28,1,https://www.biblicalstudies.org.uk/pdf/bible-student/bible-student_28-1_023.pdf,206,True,application/pdf,https://www.biblicalstudies.org.uk/pdf/bible-student/bible-student_28-1_023.pdf,"H.C. Hewlett, ""The Pentateuch of Suffering. 5. The Gain of the Cross (Isaiah 53:10-12),"" The Bible Student , n.s. 28.1 (Jan. 1957): 23-30. pdf [All reasonable efforts have been made to contact the copyright holder of this article without success. If you hold the rights, please contact me ]",pdf/bible-student/bible-student_28-1_023.pdf,255044462d312e36
https://www.biblicalstudies.org.uk/articles_bible-student_03.php,28,1,https://www.biblicalstudies.org.uk/pdf/bible-student/bible-student_28-1_031.pdf,206,True,application/pdf,https://www.biblicalstudies.org.uk/pdf/bible-student/bible-student_28-1_031.pdf,"W. Wilcox, ""New Testament Word Studies. ( Elegchein = to reprove, convict, convince ),"" The Bible Student , n.s. 28.1 (Jan. 1957): 31-34. pdf [All reasonable efforts have been made to contact the copyright holder of this article without success. If you hold the rights, please contact me ]",pdf/bible-student/bible-student_28-1_031.pdf,255044462d312e36
https://www.biblicalstudies.org.uk/articles_bible-student_03.php,28,1,https://www.biblicalstudies.org.uk/pdf/bible-student/bible-student_28-1_034.pdf,206,True,application/pdf,https://www.biblicalstudies.org.uk/pdf/bible-student/bible-student_28-1_034.pdf,"James H. Todd, ""The Fatherhood of God—Four Views,"" The Bible Student , n.s. 28.1 (Jan. 1957): 34-37. pdf [All reasonable efforts have been made to contact the copyright holder of this article without success. If you hold the rights, please contact me ]",pdf/bible-student/bible-student_28-1_034.pdf,255044462d312e36
https://www.biblicalstudies.org.uk/articles_bible-student_03.php,28,1,https://www.biblicalstudies.org.uk/pdf/bible-student/bible-student_28-1_037.pdf,206,True,application/pdf,https://www.biblicalstudies.org.uk/pdf/bible-student/bible-student_28-1_037.pdf,"A. Naismith, ""Daniel, the Prophet,"" The Bible Student , n.s. 28.1 (Jan. 1957): 37-46. pdf [All reasonable efforts have been made to contact the copyright holder of this article without success. If you hold the rights, please contact me ]",pdf/bible-student/bible-student_28-1_037.pdf,255044462d312e36
https://www.biblicalstudies.org.uk/articles_bible-student_03.php,28,1,https://www.biblicalstudies.org.uk/pdf/bible-student/bible-student_28-1_046.pdf,206,True,application/pdf,https://www.biblicalstudies.org.uk/pdf/bible-student/bible-student_28-1_046.pdf,"A.G. Phair, ""Under Control,"" The Bible Student , n.s. 28.1 (Jan. 1957): 46-49. pdf [All reasonable efforts have been made to contact the copyright holder of this article without success. If you hold the rights, please contact me ]",pdf/bible-student/bible-student_28-1_046.pdf,255044462d312e36
https://www.biblicalstudies.org.uk/articles_bible-student_03.php,28,2,https://www.biblicalstudies.org.uk/pdf/bible-student/bible-student_28-2_051.pdf,206,True,application/pdf,https://www.biblicalstudies.org.uk/pdf/bible-student/bible-student_28-2_051.pdf,"Alfred McDonald Redwood, ""'That I May Know Him'. The Passionate Pursuit of a Life Purpose,"" The Bible Student , n.s. 28.2 (April 1957): 51-56. pdf [All reasonable efforts have been made to contact the copyright holder of this article without success. If you hold the rights, please contact me ]",pdf/bible-student/bible-student_28-2_051.pdf,255044462d312e36
https://www.biblicalstudies.org.uk/articles_bible-student_03.php,28,2,https://www.biblicalstudies.org.uk/pdf/bible-student/bible-student_28-2_057.pdf,206,True,application/pdf,https://www.biblicalstudies.org.uk/pdf/bible-student/bible-student_28-2_057.pdf,"E.G. Ashby, ""Apt to Teach,"" The Bible Student , n.s. 28.2 (April 1957): 57-62. pdf [All reasonable efforts have been made to contact the copyright holder of this article without success. If you hold the rights, please contact me ]",pdf/bible-student/bible-student_28-2_057.pdf,255044462d312e36
https://www.biblicalstudies.org.uk/articles_bible-student_03.php,28,2,https://www.biblicalstudies.org.uk/pdf/bible-student/bible-student_28-2_063.pdf,206,True,application/pdf,https://www.biblicalstudies.org.uk/pdf/bible-student/bible-student_28-2_063.pdf,"F.F. Bruce [1910-1990], ""An Expository Study of St. John's Gospel. II. Jesus Reveals Himself to the World (John 1:19—12:50,"" The Bible Student , n.s. 28.2 (April 1957): 63-66. pdf [© 1957 F.F. Bruce Copyright International, Inc., Bath, England, and Nashville, Tennessee. Reproduced by permission]",pdf/bible-student/bible-student_28-2_063.pdf,255044462d312e36
https://www.biblicalstudies.org.uk/articles_bible-student_03.php,28,2,https://www.biblicalstudies.org.uk/pdf/bible-student/bible-student_28-2_067.pdf,206,True,application/pdf,https://www.biblicalstudies.org.uk/pdf/bible-student/bible-student_28-2_067.pdf,"A. Naismith, ""Daniel, the Prophet. Daniel and Principalities and Powers,"" The Bible Student , n.s. 28.2 (April 1957): 67-71. pdf [All reasonable efforts have been made to contact the copyright holder of this article without success. If you hold the rights, please contact me ]",pdf/bible-student/bible-student_28-2_067.pdf,255044462d312e36
https://www.biblicalstudies.org.uk/articles_bible-student_03.php,28,2,https://www.biblicalstudies.org.uk/pdf/bible-student/bible-student_28-2_071.pdf,206,True,application/pdf,https://www.biblicalstudies.org.uk/pdf/bible-student/bible-student_28-2_071.pdf,"W. Graham Scroggie [1877-1958], ""'Ye Are... That Ye May Be',"" The Bible Student , n.s. 28.2 (April 1957): 71-77. pdf [This material is in the Public Domain]",pdf/bible-student/bible-student_28-2_071.pdf,255044462d312e36
https://www.biblicalstudies.org.uk/articles_bible-student_03.php,28,2,https://www.biblicalstudies.org.uk/pdf/bible-student/bible-student_28-2_078.pdf,206,True,application/pdf,https://www.biblicalstudies.org.uk/pdf/bible-student/bible-student_28-2_078.pdf,"W. Wilcox, ""New Testament Word Studies. (Anapausis = 'Rest' ),"" The Bible Student , n.s. 28.2 (April 1957): 78-80. pdf [All reasonable efforts have been made to contact the copyright holder of this article without success. If you hold the rights, please contact me ]",pdf/bible-student/bible-student_28-2_078.pdf,255044462d312e36
https://www.biblicalstudies.org.uk/articles_bible-student_03.php,28,2,https://www.biblicalstudies.org.uk/pdf/bible-student/bible-student_28-2_081.pdf,206,True,application/pdf,https://www.biblicalstudies.org.uk/pdf/bible-student/bible-student_28-2_081.pdf,"W.H. Griffith-Thomas, ""The Resurrection,"" The Bible Student , n.s. 28.2 (April 1957): 81-92. pdf [This material is in the Public Domain]",pdf/bible-student/bible-student_28-2_081.pdf,255044462d312e36
https://www.biblicalstudies.org.uk/articles_bible-student_03.php,28,2,https://www.biblicalstudies.org.uk/pdf/bible-student/bible-student_28-2_093.pdf,206,True,application/pdf,https://www.biblicalstudies.org.uk/pdf/bible-student/bible-student_28-2_093.pdf,"W. Fraser Naismith, ""The Father's House. The Tribulation Theory,"" The Bible Student , n.s. 28.2 (April 1957): 93-98. pdf [All reasonable efforts have been made to contact the copyright holder of this article without success. If you hold the rights, please contact me ]",pdf/bible-student/bible-student_28-2_093.pdf,255044462d312e36
https://www.biblicalstudies.org.uk/articles_bible-student_03.php,28,3,https://www.biblicalstudies.org.uk/pdf/bible-student/bible-student_28-3_103.pdf,206,True,application/pdf,https://www.biblicalstudies.org.uk/pdf/bible-student/bible-student_28-3_103.pdf,"Alfred McDonald Redwood, ""'That I May Know Him'. The Passionate Pursuit of a Life Purpose,"" The Bible Student , n.s. 28.3 (July 1957): 103-109. pdf [All reasonable efforts have been made to contact the copyright holder of this article without success. If you hold the rights, please contact me ]",pdf/bible-student/bible-student_28-3_103.pdf,255044462d312e36
https://www.biblicalstudies.org.uk/articles_bible-student_03.php,28,3,https://www.biblicalstudies.org.uk/pdf/bible-student/bible-student_28-3_109.pdf,206,True,application/pdf,https://www.biblicalstudies.org.uk/pdf/bible-student/bible-student_28-3_109.pdf,"E.G. Ashby, ""The Place of Thought in the Christian Life,"" The Bible Student , n.s. 28.3 (July 1957): 109-116. pdf [All reasonable efforts have been made to contact the copyright holder of this article without success. If you hold the rights, please contact me ]",pdf/bible-student/bible-student_28-3_109.pdf,255044462d312e36
https://www.biblicalstudies.org.uk/articles_bible-student_03.php,28,3,https://www.biblicalstudies.org.uk/pdf/bible-student/bible-student_28-3_117.pdf,206,True,application/pdf,https://www.biblicalstudies.org.uk/pdf/bible-student/bible-student_28-3_117.pdf,"F.F. Bruce [1910-1990], ""An Expository Study of St. John's Gospel. II. Jesus Reveals Himself to the World (John 1:19—12:50,"" The Bible Student , n.s. 28.3 (July 1957): 117-122. pdf [© 1957 F.F. Bruce Copyright International, Inc., Bath, England, and Nashville, Tennessee. Reproduced by permission]",pdf/bible-student/bible-student_28-3_117.pdf,255044462d312e36
https://www.biblicalstudies.org.uk/articles_bible-student_03.php,28,3,https://www.biblicalstudies.org.uk/pdf/bible-student/bible-student_28-3_122.pdf,206,True,application/pdf,https://www.biblicalstudies.org.uk/pdf/bible-student/bible-student_28-3_122.pdf,"W. Graham Scroggie [1877-1958], ""Guidance,"" The Bible Student , n.s. 28.3 (July 1957): 122-130. pdf [This material is in the Public Domain]",pdf/bible-student/bible-student_28-3_122.pdf,255044462d312e36
https://www.biblicalstudies.org.uk/articles_bible-student_03.php,28,3,https://www.biblicalstudies.org.uk/pdf/bible-student/bible-student_28-3_130.pdf,206,True,application/pdf,https://www.biblicalstudies.org.uk/pdf/bible-student/bible-student_28-3_130.pdf,"A. Naismith, ""The Prophecies of Daniel. I. The Great Image of Nebuchadnezzar's Dream,"" The Bible Student , n.s. 28.3 (July 1957): 130-136. pdf [All reasonable efforts have been made to contact the copyright holder of this article without success. If you hold the rights, please contact me ]",pdf/bible-student/bible-student_28-3_130.pdf,255044462d312e36
https://www.biblicalstudies.org.uk/articles_bible-student_03.php,28,3,https://www.biblicalstudies.org.uk/pdf/bible-student/bible-student_28-3_137.pdf,206,True,application/pdf,https://www.biblicalstudies.org.uk/pdf/bible-student/bible-student_28-3_137.pdf,"W. Wilcox, ""New Testament Word Studies. (Didaktikos—' Able to Teach '; Didaskalos—' The Teacher ',"" The Bible Student , n.s. 28.3 (July 1957): 137-141. pdf [All reasonable efforts have been made to contact the copyright holder of this article without success. If you hold the rights, please contact me ]",pdf/bible-student/bible-student_28-3_137.pdf,255044462d312e36
https://www.biblicalstudies.org.uk/articles_bible-student_03.php,28,3,https://www.biblicalstudies.org.uk/pdf/bible-student/bible-student_28-3_141.pdf,206,True,application/pdf,https://www.biblicalstudies.org.uk/pdf/bible-student/bible-student_28-3_141.pdf,"W. Fraser Naismith, ""The Kingdom and the Rewards,"" The Bible Student , n.s. 28.3 (July 1957): 141-148. pdf [All reasonable efforts have been made to contact the copyright holder of this article without success. If you hold the rights, please contact me ]",pdf/bible-student/bible-student_28-3_141.pdf,255044462d312e36
https://www.biblicalstudies.org.uk/articles_bible-student_03.php,28,3,https://www.biblicalstudies.org.uk/pdf/bible-student/bible-student_28-3_148.pdf,206,True,application/pdf,https://www.biblicalstudies.org.uk/pdf/bible-student/bible-student_28-3_148.pdf,"A.C. Rose, ""The Royal Owner,"" The Bible Student , n.s. 28.3 (July 1957): 148-151. pdf [All reasonable efforts have been made to contact the copyright holder of this article without success. If you hold the rights, please contact me ]",pdf/bible-student/bible-student_28-3_148.pdf,255044462d312e36
https://www.biblicalstudies.org.uk/articles_bible-student_03.php,28,4,https://www.biblicalstudies.org.uk/pdf/bible-student/bible-student_28-4_153.pdf,206,True,application/pdf,https://www.biblicalstudies.org.uk/pdf/bible-student/bible-student_28-4_153.pdf,"Alfred McDonald Redwood, ""How We Got Our Bible,"" The Bible Student , n.s. 28.4 (Oct. 1957): 153-158. pdf [All reasonable efforts have been made to contact the copyright holder of this article without success. If you hold the rights, please contact me ]",pdf/bible-student/bible-student_28-4_153.pdf,255044462d312e36
https://www.biblicalstudies.org.uk/articles_bible-student_03.php,28,4,https://www.biblicalstudies.org.uk/pdf/bible-student/bible-student_28-4_159.pdf,206,True,application/pdf,https://www.biblicalstudies.org.uk/pdf/bible-student/bible-student_28-4_159.pdf,"F.F. Bruce [1910-1990], ""An Expository Study of St. John's Gospel. II. Jesus Reveals Himself to the World (John 1:19—12:50,"" The Bible Student , n.s. 28.4 (Oct. 1957): 159-163. pdf [© 1957 F.F. Bruce Copyright International, Inc., Bath, England, and Nashville, Tennessee. Reproduced by permission]",pdf/bible-student/bible-student_28-4_159.pdf,255044462d312e36
https://www.biblicalstudies.org.uk/articles_bible-student_03.php,28,4,https://www.biblicalstudies.org.uk/pdf/bible-student/bible-student_28-4_164.pdf,206,True,application/pdf,https://www.biblicalstudies.org.uk/pdf/bible-student/bible-student_28-4_164.pdf,"R. North, ""'Lord, Teach Us to Pray',"" The Bible Student , n.s. 28.4 (Oct. 1957): 164-171. pdf [All reasonable efforts have been made to contact the copyright holder of this article without success. If you hold the rights, please contact me ]",pdf/bible-student/bible-student_28-4_164.pdf,255044462d312e36
https://www.biblicalstudies.org.uk/articles_bible-student_03.php,28,4,https://www.biblicalstudies.org.uk/pdf/bible-student/bible-student_28-4_171.pdf,206,True,application/pdf,https://www.biblicalstudies.org.uk/pdf/bible-student/bible-student_28-4_171.pdf,"A. Naismith, ""The Prophecies of Daniel. II. The Four Beasts of Daniel's Visions,"" The Bible Student , n.s. 28.4 (Oct. 1957): 171-177. pdf [All reasonable efforts have been made to contact the copyright holder of this article without success. If you hold the rights, please contact me ]",pdf/bible-student/bible-student_28-4_171.pdf,255044462d312e36
https://www.biblicalstudies.org.uk/articles_bible-student_03.php,28,4,https://www.biblicalstudies.org.uk/pdf/bible-student/bible-student_28-4_178.pdf,206,True,application/pdf,https://www.biblicalstudies.org.uk/pdf/bible-student/bible-student_28-4_178.pdf,"W. Wilcox, ""Pen Portraits From Old Records. 1 Chronicles 1:9,"" The Bible Student , n.s. 28.4 (Oct. 1957): 178-181. pdf [All reasonable efforts have been made to contact the copyright holder of this article without success. If you hold the rights, please contact me ]",pdf/bible-student/bible-student_28-4_178.pdf,255044462d312e36
https://www.biblicalstudies.org.uk/articles_bible-student_03.php,28,4,https://www.biblicalstudies.org.uk/pdf/bible-student/bible-student_28-4_182.pdf,206,True,application/pdf,https://www.biblicalstudies.org.uk/pdf/bible-student/bible-student_28-4_182.pdf,"W. Fraser Naismith, ""The Four Watches,"" The Bible Student , n.s. 28.4 (Oct. 1957): 182-186. pdf [All reasonable efforts have been made to contact the copyright holder of this article without success. If you hold the rights, please contact me ]",pdf/bible-student/bible-student_28-4_182.pdf,255044462d312e36
https://www.biblicalstudies.org.uk/articles_bible-student_03.php,28,4,https://www.biblicalstudies.org.uk/pdf/bible-student/bible-student_28-4_187.pdf,206,True,application/pdf,https://www.biblicalstudies.org.uk/pdf/bible-student/bible-student_28-4_187.pdf,"E.G. Ashby, ""The Book of Nehemiah. I. Request (Ch. 1, 2),"" The Bible Student , n.s. 28.4 (Oct. 1957): 187-192. pdf [All reasonable efforts have been made to contact the copyright holder of this article without success. If you hold the rights, please contact me ]",pdf/bible-student/bible-student_28-4_187.pdf,255044462d312e36
https://www.biblicalstudies.org.uk/articles_bible-student_03.php,28,4,https://www.biblicalstudies.org.uk/pdf/bible-student/bible-student_28-4_193.pdf,206,True,application/pdf,https://www.biblicalstudies.org.uk/pdf/bible-student/bible-student_28-4_193.pdf,"Frederick A. Tatford, ""The Deity of the King,"" The Bible Student , n.s. 28.4 (Oct. 1957): 193-199. pdf [All reasonable efforts have been made to contact the copyright holder of this article without success. If you hold the rights, please contact me ]",pdf/bible-student/bible-student_28-4_193.pdf,255044462d312e36
https://www.biblicalstudies.org.uk/articles_bible-student_03.php,28,4,https://www.biblicalstudies.org.uk/pdf/bible-student/bible-student_28-4_194.pdf,206,True,application/pdf,https://www.biblicalstudies.org.uk/pdf/bible-student/bible-student_28-4_194.pdf,"Amos R. Wells, ""Bible Saturation,"" The Bible Student , n.s. 28.4 (Oct. 1957): 200. pdf [All reasonable efforts have been made to contact the copyright holder of this article without success. If you hold the rights, please contact me ]",pdf/bible-student/bible-student_28-4_194.pdf,255044462d312e36
https://www.biblicalstudies.org.uk/articles_bible-student_03.php,29,1,https://www.biblicalstudies.org.uk/pdf/bible-student/bible-student_29-1_001.pdf,206,True,application/pdf,https://www.biblicalstudies.org.uk/pdf/bible-student/bible-student_29-1_001.pdf,"Alfred McDonald Redwood, ""How We Got Our Bible. The New Testament Canon (continued),"" The Bible Student , n.s. 29.1 (Jan. 1958): 1-8. pdf [All reasonable efforts have been made to contact the copyright holder of this article without success. If you hold the rights, please contact me ]",pdf/bible-student/bible-student_29-1_001.pdf,255044462d312e36
https://www.biblicalstudies.org.uk/articles_bible-student_03.php,29,1,https://www.biblicalstudies.org.uk/pdf/bible-student/bible-student_29-1_009.pdf,206,True,application/pdf,https://www.biblicalstudies.org.uk/pdf/bible-student/bible-student_29-1_009.pdf,"F.F. Bruce [1910-1990], ""An Expository Study of St. John's Gospel. II. Jesus Reveals Himself to the World (John 1:19—12:50,"" The Bible Student , n.s. 29.1 (Jan. 1958): 9-14. pdf [© 1958 F.F. Bruce Copyright International, Inc., Bath, England, and Nashville, Tennessee. Reproduced by permission]",pdf/bible-student/bible-student_29-1_009.pdf,255044462d312e36
https://www.biblicalstudies.org.uk/articles_bible-student_03.php,29,1,https://www.biblicalstudies.org.uk/pdf/bible-student/bible-student_29-1_014.pdf,206,True,application/pdf,https://www.biblicalstudies.org.uk/pdf/bible-student/bible-student_29-1_014.pdf,"A. Naismith, ""The Prophecies of Daniel. III. The Ram and the He-Goat—Chapter 8,"" The Bible Student , n.s. 29.1 (Jan. 1958): 14-20. pdf [All reasonable efforts have been made to contact the copyright holder of this article without success. If you hold the rights, please contact me ]",pdf/bible-student/bible-student_29-1_014.pdf,255044462d312e36
https://www.biblicalstudies.org.uk/articles_bible-student_03.php,29,1,https://www.biblicalstudies.org.uk/pdf/bible-student/bible-student_29-1_020.pdf,206,True,application/pdf,https://www.biblicalstudies.org.uk/pdf/bible-student/bible-student_29-1_020.pdf,"E.G. Ashby, ""The Book of Nehemiah. II. Rebuilding (chs. 3-4),"" The Bible Student , n.s. 29.1 (Jan. 1958): 20-28. pdf [All reasonable efforts have been made to contact the copyright holder of this article without success. If you hold the rights, please contact me ]",pdf/bible-student/bible-student_29-1_020.pdf,255044462d312e36
https://www.biblicalstudies.org.uk/articles_bible-student_03.php,29,1,https://www.biblicalstudies.org.uk/pdf/bible-student/bible-student_29-1_028.pdf,206,True,application/pdf,https://www.biblicalstudies.org.uk/pdf/bible-student/bible-student_29-1_028.pdf,"W. Wilcox, ""Pen Portraits From Old Records. 2. Potters and Planters (1 Chron. 4:22, 23),"" The Bible Student , n.s. 29.1 (Jan. 1958): 28-31. pdf [All reasonable efforts have been made to contact the copyright holder of this article without success. If you hold the rights, please contact me ]",pdf/bible-student/bible-student_29-1_028.pdf,255044462d312e36
https://www.biblicalstudies.org.uk/articles_bible-student_03.php,29,1,https://www.biblicalstudies.org.uk/pdf/bible-student/bible-student_29-1_032.pdf,206,True,application/pdf,https://www.biblicalstudies.org.uk/pdf/bible-student/bible-student_29-1_032.pdf,"S. Burrows, ""The Resurrection of the Dead. An Exegetical Study of Romans 1:4,"" The Bible Student , n.s. 29.1 (Jan. 1958): 32-36. pdf [All reasonable efforts have been made to contact the copyright holder of this article without success. If you hold the rights, please contact me ]",pdf/bible-student/bible-student_29-1_032.pdf,255044462d312e36
https://www.biblicalstudies.org.uk/articles_bible-student_03.php,29,1,https://www.biblicalstudies.org.uk/pdf/bible-student/bible-student_29-1_037.pdf,206,True,application/pdf,https://www.biblicalstudies.org.uk/pdf/bible-student/bible-student_29-1_037.pdf,"Frank William Boreham [1871-1959], ""'Arise, Let Us Go Hence' (John 14:31),"" The Bible Student , n.s. 29.1 (Jan. 1958): 37-43. pdf [This material is in the Public Domain]",pdf/bible-student/bible-student_29-1_037.pdf,255044462d312e36
https://www.biblicalstudies.org.uk/articles_bible-student_03.php,29,1,https://www.biblicalstudies.org.uk/pdf/bible-student/bible-student_29-1_043.pdf,206,True,application/pdf,https://www.biblicalstudies.org.uk/pdf/bible-student/bible-student_29-1_043.pdf,"J.B. Watson, ""On Having Convictions,"" The Bible Student , n.s. 29.1 (Jan. 1958): 43-47. pdf [All reasonable efforts have been made to contact the copyright holder of this article without success. If you hold the rights, please contact me ]",pdf/bible-student/bible-student_29-1_043.pdf,255044462d312e36
https://www.biblicalstudies.org.uk/articles_bible-student_03.php,29,1,https://www.biblicalstudies.org.uk/pdf/bible-student/bible-student_29-1_048.pdf,206,True,application/pdf,https://www.biblicalstudies.org.uk/pdf/bible-student/bible-student_29-1_048.pdf,"A. Naismith, ""'Worship the lord in the Beauty of Holiness',"" The Bible Student , n.s. 29.1 (Jan. 1958): 48. pdf [All reasonable efforts have been made to contact the copyright holder of this article without success. If you hold the rights, please contact me ]",pdf/bible-student/bible-student_29-1_048.pdf,255044462d312e36
https://www.biblicalstudies.org.uk/articles_bible-student_03.php,29,2,https://www.biblicalstudies.org.uk/pdf/bible-student/bible-student_29-2_051.pdf,206,True,application/pdf,https://www.biblicalstudies.org.uk/pdf/bible-student/bible-student_29-2_051.pdf,"Alfred McDonald Redwood, ""'The Peace of God',"" The Bible Student , n.s. 29.2 (April 1958): 51-55. pdf [All reasonable efforts have been made to contact the copyright holder of this article without success. If you hold the rights, please contact me ]",pdf/bible-student/bible-student_29-2_051.pdf,255044462d312e36
https://www.biblicalstudies.org.uk/articles_bible-student_03.php,29,2,https://www.biblicalstudies.org.uk/pdf/bible-student/bible-student_29-2_055.pdf,206,True,application/pdf,https://www.biblicalstudies.org.uk/pdf/bible-student/bible-student_29-2_055.pdf,"F.F. Bruce [1910-1990], ""An Expository Study of St. John's Gospel. II. Jesus Reveals Himself to the World (John 1:19—12:50,"" The Bible Student , n.s. 29.2 (Aprill 1958): 55-61. pdf [© 1958 F.F. Bruce Copyright International, Inc., Bath, England, and Nashville, Tennessee. Reproduced by permission]",pdf/bible-student/bible-student_29-2_055.pdf,255044462d312e36
https://www.biblicalstudies.org.uk/articles_bible-student_03.php,29,2,https://www.biblicalstudies.org.uk/pdf/bible-student/bible-student_29-2_062.pdf,206,True,application/pdf,https://www.biblicalstudies.org.uk/pdf/bible-student/bible-student_29-2_062.pdf,"Robert Rendall [1898-1967], ""From Egypt to Canaan. A Study in Colossians, Ch. 1:10-14,"" The Bible Student , n.s. 29.2 (April 1958): 62-65. pdf [All reasonable efforts have been made to contact the copyright holder of this article without success. If you hold the rights, please contact me ]",pdf/bible-student/bible-student_29-2_062.pdf,255044462d312e36
https://www.biblicalstudies.org.uk/articles_bible-student_03.php,29,2,https://www.biblicalstudies.org.uk/pdf/bible-student/bible-student_29-2_066.pdf,206,True,application/pdf,https://www.biblicalstudies.org.uk/pdf/bible-student/bible-student_29-2_066.pdf,"A. Naismith, ""The Prophecies of Daniel. IV. The Seventy Weeks—Chapter 9,"" The Bible Student , n.s. 29.2 (April 1958): 66-73. pdf [All reasonable efforts have been made to contact the copyright holder of this article without success. If you hold the rights, please contact me ]",pdf/bible-student/bible-student_29-2_066.pdf,255044462d312e36
https://www.biblicalstudies.org.uk/articles_bible-student_03.php,29,2,https://www.biblicalstudies.org.uk/pdf/bible-student/bible-student_29-2_073.pdf,206,True,application/pdf,https://www.biblicalstudies.org.uk/pdf/bible-student/bible-student_29-2_073.pdf,"E.G. Ashby, ""The Book of Nehemiah. 3. Reformation (chs. 7-12),"" The Bible Student , n.s. 29.2 (April 1958): 73-79. pdf [All reasonable efforts have been made to contact the copyright holder of this article without success. If you hold the rights, please contact me ]",pdf/bible-student/bible-student_29-2_073.pdf,255044462d312e36
https://www.biblicalstudies.org.uk/articles_bible-student_03.php,29,2,https://www.biblicalstudies.org.uk/pdf/bible-student/bible-student_29-2_079.pdf,206,True,application/pdf,https://www.biblicalstudies.org.uk/pdf/bible-student/bible-student_29-2_079.pdf,"W. Fraser Naismith, ""The Prelude to the Millennial Kingdom of Christ,"" The Bible Student , n.s. 29.2 (April 1958): 79-84. pdf [All reasonable efforts have been made to contact the copyright holder of this article without success. If you hold the rights, please contact me ]",pdf/bible-student/bible-student_29-2_079.pdf,255044462d312e36
https://www.biblicalstudies.org.uk/articles_bible-student_03.php,29,2,https://www.biblicalstudies.org.uk/pdf/bible-student/bible-student_29-2_084.pdf,206,True,application/pdf,https://www.biblicalstudies.org.uk/pdf/bible-student/bible-student_29-2_084.pdf,"W. Wilcox, ""Pen Portraits From Old Records. 3. Keepers of the Sheep. I Chron. 4:39, 41,"" The Bible Student , n.s. 29.2 (April 1958): 84-87. pdf [All reasonable efforts have been made to contact the copyright holder of this article without success. If you hold the rights, please contact me ]",pdf/bible-student/bible-student_29-2_084.pdf,255044462d312e36
https://www.biblicalstudies.org.uk/articles_bible-student_03.php,29,2,https://www.biblicalstudies.org.uk/pdf/bible-student/bible-student_29-2_088.pdf,206,True,application/pdf,https://www.biblicalstudies.org.uk/pdf/bible-student/bible-student_29-2_088.pdf,"R. North, ""The Kingdom of God Out of Judah (1 Kings 13),"" The Bible Student , n.s. 29.2 (April 1958): 88-93. pdf [All reasonable efforts have been made to contact the copyright holder of this article without success. If you hold the rights, please contact me ]",pdf/bible-student/bible-student_29-2_088.pdf,255044462d312e36
https://www.biblicalstudies.org.uk/articles_bible-student_03.php,29,2,https://www.biblicalstudies.org.uk/pdf/bible-student/bible-student_29-2_093.pdf,206,True,application/pdf,https://www.biblicalstudies.org.uk/pdf/bible-student/bible-student_29-2_093.pdf,"Joseph Armitage Robinson [1858-1933], ""'The Middle Wall of Partition',"" The Bible Student , n.s. 29.2 (April 1958): 93-95. pdf [This material is in the Public Domain]",pdf/bible-student/bible-student_29-2_093.pdf,255044462d312e36
https://www.biblicalstudies.org.uk/articles_bible-student_03.php,29,2,https://www.biblicalstudies.org.uk/pdf/bible-student/bible-student_29-2_096.pdf,206,True,application/pdf,https://www.biblicalstudies.org.uk/pdf/bible-student/bible-student_29-2_096.pdf,"H.P. Hawkins, ""A Study in Synonyms. 'Worship',"" The Bible Student , n.s. 29.2 (April 1958): 96. pdf [All reasonable efforts have been made to contact the copyright holder of this article without success. If you hold the rights, please contact me ]",pdf/bible-student/bible-student_29-2_096.pdf,255044462d312e36
https://www.biblicalstudies.org.uk/articles_bible-student_03.php,29,3,https://www.biblicalstudies.org.uk/pdf/bible-student/bible-student_29-3_097.pdf,206,True,application/pdf,https://www.biblicalstudies.org.uk/pdf/bible-student/bible-student_29-3_097.pdf,"R. North, ""The Church of the Thessalonians,"" The Bible Student , n.s. 29.3 (July 1958): 97-101. pdf [All reasonable efforts have been made to contact the copyright holder of this article without success. If you hold the rights, please contact me ]",pdf/bible-student/bible-student_29-3_097.pdf,255044462d312e36
https://www.biblicalstudies.org.uk/articles_bible-student_03.php,29,3,https://www.biblicalstudies.org.uk/pdf/bible-student/bible-student_29-3_102.pdf,206,True,application/pdf,https://www.biblicalstudies.org.uk/pdf/bible-student/bible-student_29-3_102.pdf,"W. Wilcox, ""Pen Portraits From Old Records. 4. Men of the Tribes. 1 Chron. 5:18-22,"" The Bible Student , n.s. 29.3 (July 1958): 102-105. pdf [All reasonable efforts have been made to contact the copyright holder of this article without success. If you hold the rights, please contact me ]",pdf/bible-student/bible-student_29-3_102.pdf,255044462d312e36
https://www.biblicalstudies.org.uk/articles_bible-student_03.php,29,3,https://www.biblicalstudies.org.uk/pdf/bible-student/bible-student_29-3_106.pdf,206,True,application/pdf,https://www.biblicalstudies.org.uk/pdf/bible-student/bible-student_29-3_106.pdf,"F.F. Bruce [1910-1990], ""An Expository Study of St. John's Gospel. II. Jesus Reveals Himself to the World (John 1:19—12:50,"" The Bible Student , n.s. 29.3 (July 1958): 106-113. pdf [© 1958 F.F. Bruce Copyright International, Inc., Bath, England, and Nashville, Tennessee. Reproduced by permission]",pdf/bible-student/bible-student_29-3_106.pdf,255044462d312e36
https://www.biblicalstudies.org.uk/articles_bible-student_03.php,29,3,https://www.biblicalstudies.org.uk/pdf/bible-student/bible-student_29-3_114.pdf,206,True,application/pdf,https://www.biblicalstudies.org.uk/pdf/bible-student/bible-student_29-3_114.pdf,"A. Naismith, ""The Prophecies of Daniel. V. The Vision Glorious—Chapter 10,"" The Bible Student , n.s. 29.3 (July 1958): 114-118. pdf [All reasonable efforts have been made to contact the copyright holder of this article without success. If you hold the rights, please contact me ]",pdf/bible-student/bible-student_29-3_114.pdf,255044462d312e36
https://www.biblicalstudies.org.uk/articles_bible-student_03.php,29,3,https://www.biblicalstudies.org.uk/pdf/bible-student/bible-student_29-3_119.pdf,206,True,application/pdf,https://www.biblicalstudies.org.uk/pdf/bible-student/bible-student_29-3_119.pdf,"E.G. Ashby, ""The Book of Nehemiah. 4. Restoration (Ch. 13),"" The Bible Student , n.s. 29.3 (July 1958): 119-125. pdf [All reasonable efforts have been made to contact the copyright holder of this article without success. If you hold the rights, please contact me ]",pdf/bible-student/bible-student_29-3_119.pdf,255044462d312e36
https://www.biblicalstudies.org.uk/articles_bible-student_03.php,29,3,https://www.biblicalstudies.org.uk/pdf/bible-student/bible-student_29-3_125.pdf,206,True,application/pdf,https://www.biblicalstudies.org.uk/pdf/bible-student/bible-student_29-3_125.pdf,"H. Bell, ""Studies in the Gospels. The Gospel of Matthew,"" The Bible Student , n.s. 29.3 (July 1958): 125-128. pdf [All reasonable efforts have been made to contact the copyright holder of this article without success. If you hold the rights, please contact me ]",pdf/bible-student/bible-student_29-3_125.pdf,255044462d312e36
https://www.biblicalstudies.org.uk/articles_bible-student_03.php,29,3,https://www.biblicalstudies.org.uk/pdf/bible-student/bible-student_29-3_129.pdf,206,True,application/pdf,https://www.biblicalstudies.org.uk/pdf/bible-student/bible-student_29-3_129.pdf,"C.E. Stokes, ""The Throne of God (Revelation, chs. 4:1 to 5:6),"" The Bible Student , n.s. 29.3 (July 1958): 129-133. pdf [All reasonable efforts have been made to contact the copyright holder of this article without success. If you hold the rights, please contact me ]",pdf/bible-student/bible-student_29-3_129.pdf,255044462d312e36
https://www.biblicalstudies.org.uk/articles_bible-student_03.php,29,3,https://www.biblicalstudies.org.uk/pdf/bible-student/bible-student_29-3_134.pdf,206,True,application/pdf,https://www.biblicalstudies.org.uk/pdf/bible-student/bible-student_29-3_134.pdf,"Samuel Marinus Zwemer [1867-1952], ""'The Power of His Resurrection',"" The Bible Student , n.s. 29.3 (July 1958): 134-139. pdf [This material is in the Public Domain]",pdf/bible-student/bible-student_29-3_134.pdf,255044462d312e36
https://www.biblicalstudies.org.uk/articles_bible-student_03.php,29,4,https://www.biblicalstudies.org.uk/pdf/bible-student/bible-student_29-4_141.pdf,206,True,application/pdf,https://www.biblicalstudies.org.uk/pdf/bible-student/bible-student_29-4_141.pdf,"J. Bellow, ""The Prophecy of Jeremiah,"" The Bible Student , n.s. 29.4 (Oct. 1958): 141-148. pdf [All reasonable efforts have been made to contact the copyright holder of this article without success. If you hold the rights, please contact me ]",pdf/bible-student/bible-student_29-4_141.pdf,255044462d312e36
https://www.biblicalstudies.org.uk/articles_bible-student_03.php,29,4,https://www.biblicalstudies.org.uk/pdf/bible-student/bible-student_29-4_149.pdf,206,True,application/pdf,https://www.biblicalstudies.org.uk/pdf/bible-student/bible-student_29-4_149.pdf,"Alfred McDonald Redwood, ""'O God, Who is Like Unto Thee?'"" The Bible Student , n.s. 29.4 (Oct. 1958): 149-157. pdf [All reasonable efforts have been made to contact the copyright holder of this article without success. If you hold the rights, please contact me ]",pdf/bible-student/bible-student_29-4_149.pdf,255044462d312e36
https://www.biblicalstudies.org.uk/articles_bible-student_03.php,29,4,https://www.biblicalstudies.org.uk/pdf/bible-student/bible-student_29-4_157.pdf,206,True,application/pdf,https://www.biblicalstudies.org.uk/pdf/bible-student/bible-student_29-4_157.pdf,"W. Wilcox, ""Pen Portraits From Old Records. 5. Servers of the Tabernacle and the Temple 1 Chronicles 6:31-50,"" The Bible Student , n.s. 29.4 (Oct. 1958): 157-161. pdf [All reasonable efforts have been made to contact the copyright holder of this article without success. If you hold the rights, please contact me ]",pdf/bible-student/bible-student_29-4_157.pdf,255044462d312e36
https://www.biblicalstudies.org.uk/articles_bible-student_03.php,29,4,https://www.biblicalstudies.org.uk/pdf/bible-student/bible-student_29-4_161.pdf,206,True,application/pdf,https://www.biblicalstudies.org.uk/pdf/bible-student/bible-student_29-4_161.pdf,"F.F. Bruce [1910-1990], ""An Expository Study of St. John's Gospel. II. Jesus Reveals Himself to the World (John 1:19—12:50,"" The Bible Student , n.s. 29.4 (Oct. 1958): 161-169. pdf [© 1958 F.F. Bruce Copyright International, Inc., Bath, England, and Nashville, Tennessee. Reproduced by permission]",pdf/bible-student/bible-student_29-4_161.pdf,255044462d312e36
https://www.biblicalstudies.org.uk/articles_bible-student_03.php,29,4,https://www.biblicalstudies.org.uk/pdf/bible-student/bible-student_29-4_169.pdf,206,True,application/pdf,https://www.biblicalstudies.org.uk/pdf/bible-student/bible-student_29-4_169.pdf,"R. North, ""Mary Magdalene (Luke 8:1-3; Mark 15:40-47; John 20:1-18) Demon Possession,"" The Bible Student , n.s. 29.4 (Oct. 1958): 169-175. pdf [All reasonable efforts have been made to contact the copyright holder of this article without success. If you hold the rights, please contact me ]",pdf/bible-student/bible-student_29-4_169.pdf,255044462d312e36
https://www.biblicalstudies.org.uk/articles_bible-student_03.php,29,4,https://www.biblicalstudies.org.uk/pdf/bible-student/bible-student_29-4_175.pdf,206,True,application/pdf,https://www.biblicalstudies.org.uk/pdf/bible-student/bible-student_29-4_175.pdf,"A. Naismith, ""Daniel's Final Prophecy. Daniel, Chapters 11 and 12,"" The Bible Student , n.s. 29.4 (Oct. 1958): 175-180. pdf [All reasonable efforts have been made to contact the copyright holder of this article without success. If you hold the rights, please contact me ]",pdf/bible-student/bible-student_29-4_175.pdf,255044462d312e36
https://www.biblicalstudies.org.uk/articles_bible-student_03.php,29,4,https://www.biblicalstudies.org.uk/pdf/bible-student/bible-student_29-4_181.pdf,206,True,application/pdf,https://www.biblicalstudies.org.uk/pdf/bible-student/bible-student_29-4_181.pdf,"E.P.Y. Simpson, ""Judas—'Who Also Betrayed Him',"" The Bible Student , n.s. 29.4 (Oct. 1958): 181-191. pdf [All reasonable efforts have been made to contact the copyright holder of this article without success. If you hold the rights, please contact me ]",pdf/bible-student/bible-student_29-4_181.pdf,255044462d312e36
https://www.biblicalstudies.org.uk/articles_bible-student_03.php,30,4,https://www.biblicalstudies.org.uk/pdf/bible-student/bible-student_30-4_147.pdf,206,True,application/pdf,https://www.biblicalstudies.org.uk/pdf/bible-student/bible-student_30-4_147.pdf,"Alfred McDonald Redwood, ""Four Feahers of Christian Character,"" The Bible Student , n.s. 30.4 (Oct. 1959): 147-150. pdf [All reasonable efforts have been made to contact the copyright holder of this article without success. If you hold the rights, please contact me ]",pdf/bible-student/bible-student_30-4_147.pdf,255044462d312e36
https://www.biblicalstudies.org.uk/articles_bible-student_03.php,30,4,https://www.biblicalstudies.org.uk/pdf/bible-student/bible-student_30-4_150.pdf,206,True,application/pdf,https://www.biblicalstudies.org.uk/pdf/bible-student/bible-student_30-4_150.pdf,"W. Fraser Naismith, ""The Millennium,"" The Bible Student , n.s. 30.4 (Oct. 1959): 150-157. pdf [All reasonable efforts have been made to contact the copyright holder of this article without success. If you hold the rights, please contact me ]",pdf/bible-student/bible-student_30-4_150.pdf,255044462d312e36
https://www.biblicalstudies.org.uk/articles_bible-student_03.php,30,4,https://www.biblicalstudies.org.uk/pdf/bible-student/bible-student_30-4_157.pdf,206,True,application/pdf,https://www.biblicalstudies.org.uk/pdf/bible-student/bible-student_30-4_157.pdf,"Charles Frederick Hogg [1859-1943], ""Councerning the Holy Spirit (Continued). 2. The Epistle to the Ephesians,"" The Bible Student , n.s. 30.4 (Oct. 1959): 157-166. pdf [All reasonable efforts have been made to contact the copyright holder of this article without success. If you hold the rights, please contact me ]",pdf/bible-student/bible-student_30-4_157.pdf,255044462d312e36
https://www.biblicalstudies.org.uk/articles_bible-student_03.php,30,4,https://www.biblicalstudies.org.uk/pdf/bible-student/bible-student_30-4_167.pdf,206,True,application/pdf,https://www.biblicalstudies.org.uk/pdf/bible-student/bible-student_30-4_167.pdf,"H.C. Hewlett, ""Studies in 1 Corinthians 15. 4.The Resurrection Body (Vs. 35-49),"" The Bible Student , n.s. 30.4 (Oct. 1959): 167-173. pdf [All reasonable efforts have been made to contact the copyright holder of this article without success. If you hold the rights, please contact me ]",pdf/bible-student/bible-student_30-4_167.pdf,255044462d312e36
https://www.biblicalstudies.org.uk/articles_bible-student_03.php,30,4,https://www.biblicalstudies.org.uk/pdf/bible-student/bible-student_30-4_173.pdf,206,True,application/pdf,https://www.biblicalstudies.org.uk/pdf/bible-student/bible-student_30-4_173.pdf,"R. North, ""The Pre-Eminance of Love (1 Cor. 13),"" The Bible Student , n.s. 30.4 (Oct. 1959): 173-179. pdf [All reasonable efforts have been made to contact the copyright holder of this article without success. If you hold the rights, please contact me ]",pdf/bible-student/bible-student_30-4_173.pdf,255044462d312e36
https://www.biblicalstudies.org.uk/articles_bible-student_03.php,30,4,https://www.biblicalstudies.org.uk/pdf/bible-student/bible-student_30-4_180.pdf,206,True,application/pdf,https://www.biblicalstudies.org.uk/pdf/bible-student/bible-student_30-4_180.pdf,"F.F. Bruce [1910-1990], ""An Expository Study of St. John's Gospel. II. Jesus Reveals Himself to the World (John 1:19—12:50,"" The Bible Student , n.s. 30.4 (Oct. 1959): 180-184. pdf [© 1959 F.F. Bruce Copyright International, Inc., Bath, England, and Nashville, Tennessee. Reproduced by permission]",pdf/bible-student/bible-student_30-4_180.pdf,255044462d312e36
https://www.biblicalstudies.org.uk/articles_bible-student_03.php,30,4,https://www.biblicalstudies.org.uk/pdf/bible-student/bible-student_30-4_185.pdf,206,True,application/pdf,https://www.biblicalstudies.org.uk/pdf/bible-student/bible-student_30-4_185.pdf,"J. Bellew, ""The Prophecy of Jeremiah (concluding study). The last kings of Judah,"" The Bible Student , n.s. 30.4 (Oct. 1959): 185-191. pdf [All reasonable efforts have been made to contact the copyright holder of this article without success. If you hold the rights, please contact me ]",pdf/bible-student/bible-student_30-4_185.pdf,255044462d312e36
https://www.biblicalstudies.org.uk/articles_bible-student_03.php,30,4,https://www.biblicalstudies.org.uk/pdf/bible-student/bible-student_30-4_192.pdf,206,True,application/pdf,https://www.biblicalstudies.org.uk/pdf/bible-student/bible-student_30-4_192.pdf,"H. Bell, ""'The Gospel of Jesus Christ By St. Mark',"" The Bible Student , n.s. 30.4 (Oct. 1959): 192-194. pdf [All reasonable efforts have been made to contact the copyright holder of this article without success. If you hold the rights, please contact me ]",pdf/bible-student/bible-student_30-4_192.pdf,255044462d312e36
https://www.biblicalstudies.org.uk/articles_bible-student_03.php,30,4,https://www.biblicalstudies.org.uk/pdf/bible-student/bible-student_30-4_194.pdf,206,True,application/pdf,https://www.biblicalstudies.org.uk/pdf/bible-student/bible-student_30-4_194.pdf,"J.C. Ryle [1816-1900], ""The Power of Prayer,"" The Bible Student , n.s. 30.4 (Oct. 1959): 194. pdf [This material is in the Public Domain]",pdf/bible-student/bible-student_30-4_194.pdf,255044462d312e36
https://www.biblicalstudies.org.uk/articles_bible-student_04.php,31,1,https://www.biblicalstudies.org.uk/pdf/bible-student/bible-student_31-1_001.pdf,206,True,application/pdf,https://www.biblicalstudies.org.uk/pdf/bible-student/bible-student_31-1_001.pdf,"Alfred McDonald Redwood, ""The Crowns of Scripture,"" The Bible Student , n.s. 31.1 (Jan. 1960): 1-5. pdf [All reasonable efforts have been made to contact the copyright holder of this article without success. If you hold the rights, please contact me ]",pdf/bible-student/bible-student_31-1_001.pdf,255044462d312e36
https://www.biblicalstudies.org.uk/articles_bible-student_04.php,31,1,https://www.biblicalstudies.org.uk/pdf/bible-student/bible-student_31-1_005.pdf,206,True,application/pdf,https://www.biblicalstudies.org.uk/pdf/bible-student/bible-student_31-1_005.pdf,"Henry Leopold Ellison [1903-1983], ""The Geographical Background of the Old Testament. 1. The Fertile Crescent,"" The Bible Student , n.s. 31.1 (Jan. 1960): 5-11. pdf [All reasonable efforts have been made to contact the copyright holder of this article without success. If you hold the rights, please contact me ]",pdf/bible-student/bible-student_31-1_005.pdf,255044462d312e36
https://www.biblicalstudies.org.uk/articles_bible-student_04.php,31,1,https://www.biblicalstudies.org.uk/pdf/bible-student/bible-student_31-1_011.pdf,206,True,application/pdf,https://www.biblicalstudies.org.uk/pdf/bible-student/bible-student_31-1_011.pdf,"J. Boyd, ""The Relationship of the Holy Spirit to the Individual Believer,"" The Bible Student , n.s. 31.1 (Jan. 1960): 11-19. pdf [All reasonable efforts have been made to contact the copyright holder of this article without success. If you hold the rights, please contact me ]",pdf/bible-student/bible-student_31-1_011.pdf,255044462d312e36
https://www.biblicalstudies.org.uk/articles_bible-student_04.php,31,1,https://www.biblicalstudies.org.uk/pdf/bible-student/bible-student_31-1_019.pdf,206,True,application/pdf,https://www.biblicalstudies.org.uk/pdf/bible-student/bible-student_31-1_019.pdf,"W. Wilcox, ""'Touched of God',"" The Bible Student , n.s. 31.1 (Jan. 1960): 19-24. pdf [All reasonable efforts have been made to contact the copyright holder of this article without success. If you hold the rights, please contact me ]",pdf/bible-student/bible-student_31-1_019.pdf,255044462d312e36
https://www.biblicalstudies.org.uk/articles_bible-student_04.php,31,1,https://www.biblicalstudies.org.uk/pdf/bible-student/bible-student_31-1_024.pdf,206,True,application/pdf,https://www.biblicalstudies.org.uk/pdf/bible-student/bible-student_31-1_024.pdf,"H.C. Hewlett, ""Studies in 1 Corinthians 15. 5. The Day of Victory (1 Cor. 15:50-28),"" The Bible Student , n.s. 31.1 (Jan. 1960): 24-29. pdf [All reasonable efforts have been made to contact the copyright holder of this article without success. If you hold the rights, please contact me ]",pdf/bible-student/bible-student_31-1_024.pdf,255044462d312e36
https://www.biblicalstudies.org.uk/articles_bible-student_04.php,31,1,https://www.biblicalstudies.org.uk/pdf/bible-student/bible-student_31-1_030.pdf,206,True,application/pdf,https://www.biblicalstudies.org.uk/pdf/bible-student/bible-student_31-1_030.pdf,"Charles Frederick Hogg [1859-1943], ""Concerning the Holy Spirit,"" The Bible Student , n.s. 31.1 (Jan. 1960): 30-36. pdf [This material is in the Public Domain]",pdf/bible-student/bible-student_31-1_030.pdf,255044462d312e36
https://www.biblicalstudies.org.uk/articles_bible-student_04.php,31,1,https://www.biblicalstudies.org.uk/pdf/bible-student/bible-student_31-1_037.pdf,206,True,application/pdf,https://www.biblicalstudies.org.uk/pdf/bible-student/bible-student_31-1_037.pdf,"W. Fraser Naismith, ""The Prelude to the Eternal State,"" The Bible Student , n.s. 31.1 (Jan. 1960): 37-42. pdf [All reasonable efforts have been made to contact the copyright holder of this article without success. If you hold the rights, please contact me ]",pdf/bible-student/bible-student_31-1_037.pdf,255044462d312e36
https://www.biblicalstudies.org.uk/articles_bible-student_04.php,31,1,https://www.biblicalstudies.org.uk/pdf/bible-student/bible-student_31-1_042.pdf,206,True,application/pdf,https://www.biblicalstudies.org.uk/pdf/bible-student/bible-student_31-1_042.pdf,"Harold St. John, ""The Joys of Bible Study,"" The Bible Student , n.s. 31.1 (Jan. 1960): 42-49. pdf [All reasonable efforts have been made to contact the copyright holder of this article without success. If you hold the rights, please contact me ]",pdf/bible-student/bible-student_31-1_042.pdf,255044462d312e36
https://www.biblicalstudies.org.uk/articles_bible-student_04.php,31,2,https://www.biblicalstudies.org.uk/pdf/bible-student/bible-student_31-2_051.pdf,206,True,application/pdf,https://www.biblicalstudies.org.uk/pdf/bible-student/bible-student_31-2_051.pdf,"Alfred McDonald Redwood, ""Amos and His Book,"" The Bible Student , n.s. 31.2 (April 1960): 51-58. pdf [All reasonable efforts have been made to contact the copyright holder of this article without success. If you hold the rights, please contact me ]",pdf/bible-student/bible-student_31-2_051.pdf,255044462d312e36
https://www.biblicalstudies.org.uk/articles_bible-student_04.php,31,2,https://www.biblicalstudies.org.uk/pdf/bible-student/bible-student_31-2_058.pdf,206,True,application/pdf,https://www.biblicalstudies.org.uk/pdf/bible-student/bible-student_31-2_058.pdf,"A. Naismith, ""The Little Psalter,"" The Bible Student , n.s. 31.2 (April 1960): 58-62. pdf [All reasonable efforts have been made to contact the copyright holder of this article without success. If you hold the rights, please contact me ]",pdf/bible-student/bible-student_31-2_058.pdf,255044462d312e36
https://www.biblicalstudies.org.uk/articles_bible-student_04.php,31,2,https://www.biblicalstudies.org.uk/pdf/bible-student/bible-student_31-2_062.pdf,206,True,application/pdf,https://www.biblicalstudies.org.uk/pdf/bible-student/bible-student_31-2_062.pdf,"""Divine Paradoxes,"" The Bible Student , n.s. 31.2 (April 1960): 62, 97. pdf [This material is in the Public Domain]",pdf/bible-student/bible-student_31-2_062.pdf,255044462d312e36
https://www.biblicalstudies.org.uk/articles_bible-student_04.php,31,2,https://www.biblicalstudies.org.uk/pdf/bible-student/bible-student_31-2_063.pdf,206,True,application/pdf,https://www.biblicalstudies.org.uk/pdf/bible-student/bible-student_31-2_063.pdf,"F.F. Bruce [1910-1990], ""An Expository Study of St. John's Gospel. II. Jesus Reveals Himself to the World (John 1:19—12:50,"" The Bible Student , n.s. 31.2 (April 1960): 63-67. pdf [© 1960 F.F. Bruce Copyright International, Inc., Bath, England, and Nashville, Tennessee. Reproduced by permission]",pdf/bible-student/bible-student_31-2_063.pdf,255044462d312e36
https://www.biblicalstudies.org.uk/articles_bible-student_04.php,31,2,https://www.biblicalstudies.org.uk/pdf/bible-student/bible-student_31-2_067.pdf,206,True,application/pdf,https://www.biblicalstudies.org.uk/pdf/bible-student/bible-student_31-2_067.pdf,"W. Wilcox, ""'In Love',"" The Bible Student , n.s. 31.2 (April 1960): 67-73. pdf [All reasonable efforts have been made to contact the copyright holder of this article without success. If you hold the rights, please contact me ]",pdf/bible-student/bible-student_31-2_067.pdf,255044462d312e36
https://www.biblicalstudies.org.uk/articles_bible-student_04.php,31,2,https://www.biblicalstudies.org.uk/pdf/bible-student/bible-student_31-2_073.pdf,206,True,application/pdf,https://www.biblicalstudies.org.uk/pdf/bible-student/bible-student_31-2_073.pdf,"Henry Leopold Ellison [1903-1983], ""The Georgraphical Background of the Old Testament,"" The Bible Student , n.s. 31.2 (April 1960): 73-78. pdf [All reasonable efforts have been made to contact the copyright holder of this article without success. If you hold the rights, please contact me ]",pdf/bible-student/bible-student_31-2_073.pdf,255044462d312e36
https://www.biblicalstudies.org.uk/articles_bible-student_04.php,31,2,https://www.biblicalstudies.org.uk/pdf/bible-student/bible-student_31-2_079.pdf,206,True,application/pdf,https://www.biblicalstudies.org.uk/pdf/bible-student/bible-student_31-2_079.pdf,"W. Fraser Naismith, ""The Word of God,"" The Bible Student , n.s. 31.2 (April 1960): 79-86. pdf [All reasonable efforts have been made to contact the copyright holder of this article without success. If you hold the rights, please contact me ]",pdf/bible-student/bible-student_31-2_079.pdf,255044462d312e36
https://www.biblicalstudies.org.uk/articles_bible-student_04.php,31,2,https://www.biblicalstudies.org.uk/pdf/bible-student/bible-student_31-2_086.pdf,206,True,application/pdf,https://www.biblicalstudies.org.uk/pdf/bible-student/bible-student_31-2_086.pdf,"R. North, ""Studies in Philippians. Introduction,"" The Bible Student , n.s. 31.2 (April 1960): 86-94. pdf [All reasonable efforts have been made to contact the copyright holder of this article without success. If you hold the rights, please contact me ]",pdf/bible-student/bible-student_31-2_086.pdf,255044462d312e36
https://www.biblicalstudies.org.uk/articles_bible-student_04.php,31,2,https://www.biblicalstudies.org.uk/pdf/bible-student/bible-student_31-2_094.pdf,206,True,application/pdf,https://www.biblicalstudies.org.uk/pdf/bible-student/bible-student_31-2_094.pdf,"Ernest Barker, ""For His Name's Sake,"" The Bible Student , n.s. 31.2 (April 1960): 94-98. pdf [All reasonable efforts have been made to contact the copyright holder of this article without success. If you hold the rights, please contact me ]",pdf/bible-student/bible-student_31-2_094.pdf,255044462d312e36
https://www.biblicalstudies.org.uk/articles_bible-student_04.php,31,3,https://www.biblicalstudies.org.uk/pdf/bible-student/bible-student_31-3_099.pdf,206,True,application/pdf,https://www.biblicalstudies.org.uk/pdf/bible-student/bible-student_31-3_099.pdf,"Alfred McDonald Redwood, ""Ideals of the Christian Life."" The Bible Student , n.s. 31.3 (July 1960): 99-103. pdf [All reasonable efforts have been made to contact the copyright holder of this article without success. If you hold the rights, please contact me ]",pdf/bible-student/bible-student_31-3_099.pdf,255044462d312e36
https://www.biblicalstudies.org.uk/articles_bible-student_04.php,31,3,https://www.biblicalstudies.org.uk/pdf/bible-student/bible-student_31-3_103.pdf,206,True,application/pdf,https://www.biblicalstudies.org.uk/pdf/bible-student/bible-student_31-3_103.pdf,"W. Wilcox, ""Dangers in Life and Testimony (A Study of 2 John),"" The Bible Student , n.s. 31.3 (July 1960): 103-106. pdf [All reasonable efforts have been made to contact the copyright holder of this article without success. If you hold the rights, please contact me ]",pdf/bible-student/bible-student_31-3_103.pdf,255044462d312e36
https://www.biblicalstudies.org.uk/articles_bible-student_04.php,31,3,https://www.biblicalstudies.org.uk/pdf/bible-student/bible-student_31-3_107.pdf,206,True,application/pdf,https://www.biblicalstudies.org.uk/pdf/bible-student/bible-student_31-3_107.pdf,"R. North, ""Studies in Philippians.Chapter 2. Christ the Believer's Pattern,"" The Bible Student , n.s. 31.3 (July 1960): 107-113. pdf [All reasonable efforts have been made to contact the copyright holder of this article without success. If you hold the rights, please contact me ]",pdf/bible-student/bible-student_31-3_107.pdf,255044462d312e36
https://www.biblicalstudies.org.uk/articles_bible-student_04.php,31,3,https://www.biblicalstudies.org.uk/pdf/bible-student/bible-student_31-3_114.pdf,206,True,application/pdf,https://www.biblicalstudies.org.uk/pdf/bible-student/bible-student_31-3_114.pdf,"F.F. Bruce [1910-1990], ""An Expository Study of St. John's Gospel. II. Jesus Reveals Himself to the World (John 1:19—12:50,"" The Bible Student , n.s. 31.3 (July 1960): 114-119. pdf [© 1960 F.F. Bruce Copyright International, Inc., Bath, England, and Nashville, Tennessee. Reproduced by permission]",pdf/bible-student/bible-student_31-3_114.pdf,255044462d312e36
https://www.biblicalstudies.org.uk/articles_bible-student_04.php,31,3,https://www.biblicalstudies.org.uk/pdf/bible-student/bible-student_31-3_119.pdf,206,True,application/pdf,https://www.biblicalstudies.org.uk/pdf/bible-student/bible-student_31-3_119.pdf,"A. Naismith, ""The Little Psalter. II. The Songs of the Pilgrims,"" The Bible Student , n.s. 31.3 (July 1960): 119-123. pdf [All reasonable efforts have been made to contact the copyright holder of this article without success. If you hold the rights, please contact me ]",pdf/bible-student/bible-student_31-3_119.pdf,255044462d312e36
https://www.biblicalstudies.org.uk/articles_bible-student_04.php,31,3,https://www.biblicalstudies.org.uk/pdf/bible-student/bible-student_31-3_123.pdf,206,True,application/pdf,https://www.biblicalstudies.org.uk/pdf/bible-student/bible-student_31-3_123.pdf,"W. Fraser Naismith, ""Distinguishing Things That Differ,"" The Bible Student , n.s. 31.3 (July 1960): 123-129. pdf [All reasonable efforts have been made to contact the copyright holder of this article without success. If you hold the rights, please contact me ]",pdf/bible-student/bible-student_31-3_123.pdf,255044462d312e36
https://www.biblicalstudies.org.uk/articles_bible-student_04.php,31,3,https://www.biblicalstudies.org.uk/pdf/bible-student/bible-student_31-3_130.pdf,206,True,application/pdf,https://www.biblicalstudies.org.uk/pdf/bible-student/bible-student_31-3_130.pdf,"J.H. Todd, ""Jehovah Shalom. 'The Lord send Peace',"" The Bible Student , n.s. 31.3 (July 1960): 130-135. pdf [All reasonable efforts have been made to contact the copyright holder of this article without success. If you hold the rights, please contact me ]",pdf/bible-student/bible-student_31-3_130.pdf,255044462d312e36
https://www.biblicalstudies.org.uk/articles_bible-student_04.php,31,3,https://www.biblicalstudies.org.uk/pdf/bible-student/bible-student_31-3_135.pdf,206,True,application/pdf,https://www.biblicalstudies.org.uk/pdf/bible-student/bible-student_31-3_135.pdf,"Prof. J. Leo Green, ""Word Studies in the First Psalm,"" The Bible Student , n.s. 31.3 (July 1960): 135-140. pdf [All reasonable efforts have been made to contact the copyright holder of this article without success. If you hold the rights, please contact me ]",pdf/bible-student/bible-student_31-3_135.pdf,255044462d312e36
https://www.biblicalstudies.org.uk/articles_bible-student_04.php,31,3,https://www.biblicalstudies.org.uk/pdf/bible-student/bible-student_31-3_140.pdf,206,True,application/pdf,https://www.biblicalstudies.org.uk/pdf/bible-student/bible-student_31-3_140.pdf,"William Henry Griffith Thomas [1861-1924], ""Conflict and Comfort,"" The Bible Student , n.s. 31.3 (July 1960): 140-146. pdf [This material is in the Public Domain]",pdf/bible-student/bible-student_31-3_140.pdf,255044462d312e36
https://www.biblicalstudies.org.uk/articles_bible-student_04.php,31,4,https://www.biblicalstudies.org.uk/pdf/bible-student/bible-student_31-4_147.pdf,206,True,application/pdf,https://www.biblicalstudies.org.uk/pdf/bible-student/bible-student_31-4_147.pdf,"Alfred McDonald Redwood, ""The Reality of the Divine Intimacy,"" The Bible Student , n.s. 31.4 (Oct. 1960): 147-150. pdf [All reasonable efforts have been made to contact the copyright holder of this article without success. If you hold the rights, please contact me ]",pdf/bible-student/bible-student_31-4_147.pdf,255044462d312e36
https://www.biblicalstudies.org.uk/articles_bible-student_04.php,31,4,https://www.biblicalstudies.org.uk/pdf/bible-student/bible-student_31-4_150.pdf,206,True,application/pdf,https://www.biblicalstudies.org.uk/pdf/bible-student/bible-student_31-4_150.pdf,"A. Naismith, ""The Book of Job,"" The Bible Student , n.s. 31.4 (Oct. 1960): 150-158. pdf [All reasonable efforts have been made to contact the copyright holder of this article without success. If you hold the rights, please contact me ]",pdf/bible-student/bible-student_31-4_150.pdf,255044462d312e36
https://www.biblicalstudies.org.uk/articles_bible-student_04.php,31,4,https://www.biblicalstudies.org.uk/pdf/bible-student/bible-student_31-4_158.pdf,206,True,application/pdf,https://www.biblicalstudies.org.uk/pdf/bible-student/bible-student_31-4_158.pdf,"W. Wilcox, ""Standing Before the Lord (Deut. 5:31-33),"" The Bible Student , n.s. 31.4 (Oct. 1960): 158-163. pdf [All reasonable efforts have been made to contact the copyright holder of this article without success. If you hold the rights, please contact me ]",pdf/bible-student/bible-student_31-4_158.pdf,255044462d312e36
https://www.biblicalstudies.org.uk/articles_bible-student_04.php,31,4,https://www.biblicalstudies.org.uk/pdf/bible-student/bible-student_31-4_163.pdf,206,True,application/pdf,https://www.biblicalstudies.org.uk/pdf/bible-student/bible-student_31-4_163.pdf,"Dr. John Boyd, ""The Obedience of Christ,"" The Bible Student , n.s. 31.4 (Oct. 1960): 163-168. pdf [All reasonable efforts have been made to contact the copyright holder of this article without success. If you hold the rights, please contact me ]",pdf/bible-student/bible-student_31-4_163.pdf,255044462d312e36
https://www.biblicalstudies.org.uk/articles_bible-student_04.php,31,4,https://www.biblicalstudies.org.uk/pdf/bible-student/bible-student_31-4_168.pdf,206,True,application/pdf,https://www.biblicalstudies.org.uk/pdf/bible-student/bible-student_31-4_168.pdf,"R. North, ""Studies in Philippians.Chapter 3. Christ the believer's Object,"" The Bible Student , n.s. 31.4 (Oct. 1960): 168-174. pdf [All reasonable efforts have been made to contact the copyright holder of this article without success. If you hold the rights, please contact me ]",pdf/bible-student/bible-student_31-4_168.pdf,255044462d312e36
https://www.biblicalstudies.org.uk/articles_bible-student_04.php,31,4,https://www.biblicalstudies.org.uk/pdf/bible-student/bible-student_31-4_174.pdf,206,True,application/pdf,https://www.biblicalstudies.org.uk/pdf/bible-student/bible-student_31-4_174.pdf,"W. Fraser Naismith, ""'Finally',"" The Bible Student , n.s. 31.4 (Oct. 1960): 174-181. pdf [All reasonable efforts have been made to contact the copyright holder of this article without success. If you hold the rights, please contact me ]",pdf/bible-student/bible-student_31-4_174.pdf,255044462d312e36
https://www.biblicalstudies.org.uk/articles_bible-student_04.php,31,4,https://www.biblicalstudies.org.uk/pdf/bible-student/bible-student_31-4_182.pdf,206,True,application/pdf,https://www.biblicalstudies.org.uk/pdf/bible-student/bible-student_31-4_182.pdf,"""Words Descriptive of the 2nd Advent,"" The Bible Student , n.s. 31.4 (Oct. 1960): 182-184. pdf [This material is in the Public Domain]",pdf/bible-student/bible-student_31-4_182.pdf,255044462d312e36
https://www.biblicalstudies.org.uk/articles_bible-student_04.php,31,4,https://www.biblicalstudies.org.uk/pdf/bible-student/bible-student_31-4_185.pdf,206,True,application/pdf,https://www.biblicalstudies.org.uk/pdf/bible-student/bible-student_31-4_185.pdf,"S.H. Wilkinson, ""God's Word Concerning Israel,"" The Bible Student , n.s. 31.4 (Oct. 1960): 185-188. pdf [All reasonable efforts have been made to contact the copyright holder of this article without success. If you hold the rights, please contact me ]",pdf/bible-student/bible-student_31-4_185.pdf,255044462d312e36
